2026-07-29 10:54:24.175 -07:00 [INF] HTTP OPTIONS /api/v1/ads/019f6751-958b-7d8a-a9a6-0f853bb35f0f/impression responded 204 in 7.3138 ms
2026-07-29 10:54:24.175 -07:00 [INF] HTTP OPTIONS /api/v1/ads/019f6751-9589-76dd-a1a8-4c3bf2cfc076/impression responded 204 in 7.3359 ms
2026-07-29 10:54:24.175 -07:00 [INF] HTTP OPTIONS /api/v1/ads/019f6751-9586-79ca-a9e4-063106266335/impression responded 204 in 7.3195 ms
2026-07-29 10:54:24.605 -07:00 [INF] HTTP POST /api/v1/ads/019f6751-958b-7d8a-a9a6-0f853bb35f0f/impression responded 200 in 255.3770 ms
2026-07-29 10:54:24.605 -07:00 [INF] HTTP POST /api/v1/ads/019f6751-9589-76dd-a1a8-4c3bf2cfc076/impression responded 200 in 255.4295 ms
2026-07-29 10:54:24.605 -07:00 [INF] HTTP POST /api/v1/ads/019f6751-9586-79ca-a9e4-063106266335/impression responded 200 in 255.4293 ms
2026-07-29 10:54:28.278 -07:00 [INF] HTTP OPTIONS /api/v1/ads/019f6751-9588-7e1c-b138-098134567940/impression responded 204 in 0.1132 ms
2026-07-29 10:54:28.278 -07:00 [INF] HTTP OPTIONS /api/v1/ads/019f6751-958a-7a15-a575-98aaa0e56c88/impression responded 204 in 0.0484 ms
2026-07-29 10:54:28.278 -07:00 [INF] HTTP OPTIONS /api/v1/ads/019f6751-956b-7a5e-b9d8-0ef3c1dcd66d/impression responded 204 in 0.4230 ms
2026-07-29 10:54:28.301 -07:00 [INF] HTTP POST /api/v1/ads/019f6751-9588-7e1c-b138-098134567940/impression responded 200 in 19.5011 ms
2026-07-29 10:54:28.303 -07:00 [INF] HTTP POST /api/v1/ads/019f6751-956b-7a5e-b9d8-0ef3c1dcd66d/impression responded 200 in 21.1633 ms
2026-07-29 10:54:28.304 -07:00 [INF] HTTP POST /api/v1/ads/019f6751-958a-7a15-a575-98aaa0e56c88/impression responded 200 in 22.7132 ms
2026-07-29 10:54:32.481 -07:00 [INF] HTTP OPTIONS /api/v1/ads/019f6751-958b-7d8a-a9a6-0f853bb35f0f/impression responded 204 in 2.9891 ms
2026-07-29 10:54:32.482 -07:00 [INF] HTTP OPTIONS /api/v1/ads/019f6751-9586-79ca-a9e4-063106266335/impression responded 204 in 2.8645 ms
2026-07-29 10:54:32.482 -07:00 [INF] HTTP OPTIONS /api/v1/ads/019f6751-9589-76dd-a1a8-4c3bf2cfc076/impression responded 204 in 3.1885 ms
2026-07-29 10:54:32.558 -07:00 [INF] HTTP POST /api/v1/ads/019f6751-9589-76dd-a1a8-4c3bf2cfc076/impression responded 200 in 65.4553 ms
2026-07-29 10:54:32.559 -07:00 [INF] HTTP POST /api/v1/ads/019f6751-9586-79ca-a9e4-063106266335/impression responded 200 in 65.6326 ms
2026-07-29 10:54:32.558 -07:00 [INF] HTTP POST /api/v1/ads/019f6751-958b-7d8a-a9a6-0f853bb35f0f/impression responded 200 in 65.5195 ms
2026-07-29 10:54:36.680 -07:00 [INF] HTTP OPTIONS /api/v1/ads/019f6751-956b-7a5e-b9d8-0ef3c1dcd66d/impression responded 204 in 0.0837 ms
2026-07-29 10:54:36.680 -07:00 [INF] HTTP OPTIONS /api/v1/ads/019f6751-958a-7a15-a575-98aaa0e56c88/impression responded 204 in 0.0645 ms
2026-07-29 10:54:36.680 -07:00 [INF] HTTP OPTIONS /api/v1/ads/019f6751-9588-7e1c-b138-098134567940/impression responded 204 in 0.0055 ms
2026-07-29 10:54:36.708 -07:00 [INF] HTTP POST /api/v1/ads/019f6751-9588-7e1c-b138-098134567940/impression responded 200 in 23.4955 ms
2026-07-29 10:54:36.710 -07:00 [INF] HTTP POST /api/v1/ads/019f6751-958a-7a15-a575-98aaa0e56c88/impression responded 200 in 26.1540 ms
2026-07-29 10:54:36.709 -07:00 [INF] HTTP POST /api/v1/ads/019f6751-956b-7a5e-b9d8-0ef3c1dcd66d/impression responded 200 in 25.7960 ms
2026-07-29 10:54:40.879 -07:00 [INF] HTTP OPTIONS /api/v1/ads/019f6751-9586-79ca-a9e4-063106266335/impression responded 204 in 0.6720 ms
2026-07-29 10:54:40.879 -07:00 [INF] HTTP OPTIONS /api/v1/ads/019f6751-958b-7d8a-a9a6-0f853bb35f0f/impression responded 204 in 0.6738 ms
2026-07-29 10:54:40.879 -07:00 [INF] HTTP OPTIONS /api/v1/ads/019f6751-9589-76dd-a1a8-4c3bf2cfc076/impression responded 204 in 0.6715 ms
2026-07-29 10:54:40.906 -07:00 [INF] HTTP POST /api/v1/ads/019f6751-9586-79ca-a9e4-063106266335/impression responded 200 in 20.3747 ms
2026-07-29 10:54:40.906 -07:00 [INF] HTTP POST /api/v1/ads/019f6751-9589-76dd-a1a8-4c3bf2cfc076/impression responded 200 in 19.9581 ms
2026-07-29 10:54:40.906 -07:00 [INF] HTTP POST /api/v1/ads/019f6751-958b-7d8a-a9a6-0f853bb35f0f/impression responded 200 in 20.7186 ms
2026-07-29 10:54:45.060 -07:00 [INF] HTTP OPTIONS /api/v1/ads/019f6751-956b-7a5e-b9d8-0ef3c1dcd66d/impression responded 204 in 0.0332 ms
2026-07-29 10:54:45.060 -07:00 [INF] HTTP OPTIONS /api/v1/ads/019f6751-9588-7e1c-b138-098134567940/impression responded 204 in 0.0333 ms
2026-07-29 10:54:45.061 -07:00 [INF] HTTP OPTIONS /api/v1/ads/019f6751-958a-7a15-a575-98aaa0e56c88/impression responded 204 in 0.0083 ms
2026-07-29 10:54:45.077 -07:00 [INF] HTTP POST /api/v1/ads/019f6751-956b-7a5e-b9d8-0ef3c1dcd66d/impression responded 200 in 15.5578 ms
2026-07-29 10:54:45.078 -07:00 [INF] HTTP POST /api/v1/ads/019f6751-958a-7a15-a575-98aaa0e56c88/impression responded 200 in 15.9560 ms
2026-07-29 10:54:45.079 -07:00 [INF] HTTP POST /api/v1/ads/019f6751-9588-7e1c-b138-098134567940/impression responded 200 in 17.1657 ms
2026-07-29 10:54:49.261 -07:00 [INF] HTTP OPTIONS /api/v1/ads/019f6751-9589-76dd-a1a8-4c3bf2cfc076/impression responded 204 in 0.3126 ms
2026-07-29 10:54:49.261 -07:00 [INF] HTTP OPTIONS /api/v1/ads/019f6751-958b-7d8a-a9a6-0f853bb35f0f/impression responded 204 in 0.3126 ms
2026-07-29 10:54:49.261 -07:00 [INF] HTTP OPTIONS /api/v1/ads/019f6751-9586-79ca-a9e4-063106266335/impression responded 204 in 0.3125 ms
2026-07-29 10:54:49.279 -07:00 [INF] HTTP POST /api/v1/ads/019f6751-958b-7d8a-a9a6-0f853bb35f0f/impression responded 200 in 14.9865 ms
2026-07-29 10:54:49.280 -07:00 [INF] HTTP POST /api/v1/ads/019f6751-9589-76dd-a1a8-4c3bf2cfc076/impression responded 200 in 16.1185 ms
2026-07-29 10:54:49.280 -07:00 [INF] HTTP POST /api/v1/ads/019f6751-9586-79ca-a9e4-063106266335/impression responded 200 in 9.9696 ms
2026-07-29 10:54:53.461 -07:00 [INF] HTTP OPTIONS /api/v1/ads/019f6751-956b-7a5e-b9d8-0ef3c1dcd66d/impression responded 204 in 0.0303 ms
2026-07-29 10:54:53.461 -07:00 [INF] HTTP OPTIONS /api/v1/ads/019f6751-9588-7e1c-b138-098134567940/impression responded 204 in 0.0302 ms
2026-07-29 10:54:53.461 -07:00 [INF] HTTP OPTIONS /api/v1/ads/019f6751-958a-7a15-a575-98aaa0e56c88/impression responded 204 in 0.4003 ms
2026-07-29 10:54:53.471 -07:00 [INF] HTTP POST /api/v1/ads/019f6751-9588-7e1c-b138-098134567940/impression responded 200 in 8.6272 ms
2026-07-29 10:54:53.471 -07:00 [INF] HTTP POST /api/v1/ads/019f6751-958a-7a15-a575-98aaa0e56c88/impression responded 200 in 7.8697 ms
2026-07-29 10:54:53.472 -07:00 [INF] HTTP POST /api/v1/ads/019f6751-956b-7a5e-b9d8-0ef3c1dcd66d/impression responded 200 in 9.4055 ms
2026-07-29 10:54:57.655 -07:00 [INF] HTTP OPTIONS /api/v1/ads/019f6751-9586-79ca-a9e4-063106266335/impression responded 204 in 0.0498 ms
2026-07-29 10:54:57.655 -07:00 [INF] HTTP OPTIONS /api/v1/ads/019f6751-9589-76dd-a1a8-4c3bf2cfc076/impression responded 204 in 0.0498 ms
2026-07-29 10:54:57.655 -07:00 [INF] HTTP OPTIONS /api/v1/ads/019f6751-958b-7d8a-a9a6-0f853bb35f0f/impression responded 204 in 0.0293 ms
2026-07-29 10:54:57.666 -07:00 [INF] HTTP POST /api/v1/ads/019f6751-9589-76dd-a1a8-4c3bf2cfc076/impression responded 200 in 9.8660 ms
2026-07-29 10:54:57.672 -07:00 [INF] HTTP POST /api/v1/ads/019f6751-958b-7d8a-a9a6-0f853bb35f0f/impression responded 200 in 11.5690 ms
2026-07-29 10:54:57.672 -07:00 [INF] HTTP POST /api/v1/ads/019f6751-9586-79ca-a9e4-063106266335/impression responded 200 in 15.9994 ms
2026-07-29 10:55:01.864 -07:00 [INF] HTTP OPTIONS /api/v1/ads/019f6751-956b-7a5e-b9d8-0ef3c1dcd66d/impression responded 204 in 0.2865 ms
2026-07-29 10:55:01.864 -07:00 [INF] HTTP OPTIONS /api/v1/ads/019f6751-9588-7e1c-b138-098134567940/impression responded 204 in 0.0385 ms
2026-07-29 10:55:01.864 -07:00 [INF] HTTP OPTIONS /api/v1/ads/019f6751-958a-7a15-a575-98aaa0e56c88/impression responded 204 in 0.0365 ms
2026-07-29 10:55:01.879 -07:00 [INF] HTTP POST /api/v1/ads/019f6751-956b-7a5e-b9d8-0ef3c1dcd66d/impression responded 200 in 13.0387 ms
2026-07-29 10:55:01.879 -07:00 [INF] HTTP POST /api/v1/ads/019f6751-958a-7a15-a575-98aaa0e56c88/impression responded 200 in 12.6951 ms
2026-07-29 10:55:01.884 -07:00 [INF] HTTP POST /api/v1/ads/019f6751-9588-7e1c-b138-098134567940/impression responded 200 in 18.1259 ms
2026-07-29 10:55:06.064 -07:00 [INF] HTTP OPTIONS /api/v1/ads/019f6751-9586-79ca-a9e4-063106266335/impression responded 204 in 0.0652 ms
2026-07-29 10:55:06.065 -07:00 [INF] HTTP OPTIONS /api/v1/ads/019f6751-958b-7d8a-a9a6-0f853bb35f0f/impression responded 204 in 0.0139 ms
2026-07-29 10:55:06.064 -07:00 [INF] HTTP OPTIONS /api/v1/ads/019f6751-9589-76dd-a1a8-4c3bf2cfc076/impression responded 204 in 0.0099 ms
2026-07-29 10:55:06.071 -07:00 [INF] HTTP POST /api/v1/ads/019f6751-958b-7d8a-a9a6-0f853bb35f0f/impression responded 200 in 5.2929 ms
2026-07-29 10:55:06.072 -07:00 [INF] HTTP POST /api/v1/ads/019f6751-9589-76dd-a1a8-4c3bf2cfc076/impression responded 200 in 5.9704 ms
2026-07-29 10:55:06.075 -07:00 [INF] HTTP POST /api/v1/ads/019f6751-9586-79ca-a9e4-063106266335/impression responded 200 in 8.2336 ms
2026-07-29 10:55:10.266 -07:00 [INF] HTTP OPTIONS /api/v1/ads/019f6751-956b-7a5e-b9d8-0ef3c1dcd66d/impression responded 204 in 0.0794 ms
2026-07-29 10:55:10.266 -07:00 [INF] HTTP OPTIONS /api/v1/ads/019f6751-958a-7a15-a575-98aaa0e56c88/impression responded 204 in 0.0426 ms
2026-07-29 10:55:10.267 -07:00 [INF] HTTP OPTIONS /api/v1/ads/019f6751-9588-7e1c-b138-098134567940/impression responded 204 in 0.8067 ms
2026-07-29 10:55:10.279 -07:00 [INF] HTTP POST /api/v1/ads/019f6751-9588-7e1c-b138-098134567940/impression responded 200 in 10.9690 ms
2026-07-29 10:55:10.280 -07:00 [INF] HTTP POST /api/v1/ads/019f6751-958a-7a15-a575-98aaa0e56c88/impression responded 200 in 12.3912 ms
2026-07-29 10:55:10.281 -07:00 [INF] HTTP POST /api/v1/ads/019f6751-956b-7a5e-b9d8-0ef3c1dcd66d/impression responded 200 in 12.8610 ms
2026-07-29 10:55:14.460 -07:00 [INF] HTTP OPTIONS /api/v1/ads/019f6751-9586-79ca-a9e4-063106266335/impression responded 204 in 0.2430 ms
2026-07-29 10:55:14.460 -07:00 [INF] HTTP OPTIONS /api/v1/ads/019f6751-958b-7d8a-a9a6-0f853bb35f0f/impression responded 204 in 0.3367 ms
2026-07-29 10:55:14.461 -07:00 [INF] HTTP OPTIONS /api/v1/ads/019f6751-9589-76dd-a1a8-4c3bf2cfc076/impression responded 204 in 0.2030 ms
2026-07-29 10:55:14.481 -07:00 [INF] HTTP POST /api/v1/ads/019f6751-9589-76dd-a1a8-4c3bf2cfc076/impression responded 200 in 18.1205 ms
2026-07-29 10:55:14.481 -07:00 [INF] HTTP POST /api/v1/ads/019f6751-958b-7d8a-a9a6-0f853bb35f0f/impression responded 200 in 18.3684 ms
2026-07-29 10:55:14.481 -07:00 [INF] HTTP POST /api/v1/ads/019f6751-9586-79ca-a9e4-063106266335/impression responded 200 in 18.4425 ms
2026-07-29 10:55:18.664 -07:00 [INF] HTTP OPTIONS /api/v1/ads/019f6751-956b-7a5e-b9d8-0ef3c1dcd66d/impression responded 204 in 0.0509 ms
2026-07-29 10:55:18.665 -07:00 [INF] HTTP OPTIONS /api/v1/ads/019f6751-9588-7e1c-b138-098134567940/impression responded 204 in 0.0213 ms
2026-07-29 10:55:18.669 -07:00 [INF] HTTP OPTIONS /api/v1/ads/019f6751-958a-7a15-a575-98aaa0e56c88/impression responded 204 in 0.0470 ms
2026-07-29 10:55:18.675 -07:00 [INF] HTTP POST /api/v1/ads/019f6751-956b-7a5e-b9d8-0ef3c1dcd66d/impression responded 200 in 6.7160 ms
2026-07-29 10:55:18.675 -07:00 [INF] HTTP POST /api/v1/ads/019f6751-9588-7e1c-b138-098134567940/impression responded 200 in 6.6747 ms
2026-07-29 10:55:18.675 -07:00 [INF] HTTP POST /api/v1/ads/019f6751-958a-7a15-a575-98aaa0e56c88/impression responded 200 in 5.6875 ms
2026-07-29 10:55:22.859 -07:00 [INF] HTTP OPTIONS /api/v1/ads/019f6751-9586-79ca-a9e4-063106266335/impression responded 204 in 0.0545 ms
2026-07-29 10:55:22.860 -07:00 [INF] HTTP OPTIONS /api/v1/ads/019f6751-958b-7d8a-a9a6-0f853bb35f0f/impression responded 204 in 0.0112 ms
2026-07-29 10:55:22.859 -07:00 [INF] HTTP OPTIONS /api/v1/ads/019f6751-9589-76dd-a1a8-4c3bf2cfc076/impression responded 204 in 0.0116 ms
2026-07-29 10:55:22.865 -07:00 [INF] HTTP POST /api/v1/ads/019f6751-958b-7d8a-a9a6-0f853bb35f0f/impression responded 200 in 5.1757 ms
2026-07-29 10:55:22.866 -07:00 [INF] HTTP POST /api/v1/ads/019f6751-9589-76dd-a1a8-4c3bf2cfc076/impression responded 200 in 4.8613 ms
2026-07-29 10:55:22.867 -07:00 [INF] HTTP POST /api/v1/ads/019f6751-9586-79ca-a9e4-063106266335/impression responded 200 in 6.0921 ms
2026-07-29 10:55:27.060 -07:00 [INF] HTTP OPTIONS /api/v1/ads/019f6751-956b-7a5e-b9d8-0ef3c1dcd66d/impression responded 204 in 0.1079 ms
2026-07-29 10:55:27.060 -07:00 [INF] HTTP OPTIONS /api/v1/ads/019f6751-958a-7a15-a575-98aaa0e56c88/impression responded 204 in 0.0531 ms
2026-07-29 10:55:27.061 -07:00 [INF] HTTP OPTIONS /api/v1/ads/019f6751-9588-7e1c-b138-098134567940/impression responded 204 in 0.7792 ms
2026-07-29 10:55:27.081 -07:00 [INF] HTTP POST /api/v1/ads/019f6751-956b-7a5e-b9d8-0ef3c1dcd66d/impression responded 200 in 18.6192 ms
2026-07-29 10:55:27.087 -07:00 [INF] HTTP POST /api/v1/ads/019f6751-958a-7a15-a575-98aaa0e56c88/impression responded 200 in 24.5673 ms
2026-07-29 10:55:27.090 -07:00 [INF] HTTP POST /api/v1/ads/019f6751-9588-7e1c-b138-098134567940/impression responded 200 in 27.4544 ms
2026-07-29 10:55:31.266 -07:00 [INF] HTTP OPTIONS /api/v1/ads/019f6751-9586-79ca-a9e4-063106266335/impression responded 204 in 0.0795 ms
2026-07-29 10:55:31.266 -07:00 [INF] HTTP OPTIONS /api/v1/ads/019f6751-9589-76dd-a1a8-4c3bf2cfc076/impression responded 204 in 0.0103 ms
2026-07-29 10:55:31.268 -07:00 [INF] HTTP OPTIONS /api/v1/ads/019f6751-958b-7d8a-a9a6-0f853bb35f0f/impression responded 204 in 0.0563 ms
2026-07-29 10:55:31.290 -07:00 [INF] HTTP POST /api/v1/ads/019f6751-9586-79ca-a9e4-063106266335/impression responded 200 in 14.4292 ms
2026-07-29 10:55:31.291 -07:00 [INF] HTTP POST /api/v1/ads/019f6751-958b-7d8a-a9a6-0f853bb35f0f/impression responded 200 in 12.9717 ms
2026-07-29 10:55:31.292 -07:00 [INF] HTTP POST /api/v1/ads/019f6751-9589-76dd-a1a8-4c3bf2cfc076/impression responded 200 in 16.0294 ms
2026-07-29 10:55:35.464 -07:00 [INF] HTTP OPTIONS /api/v1/ads/019f6751-956b-7a5e-b9d8-0ef3c1dcd66d/impression responded 204 in 1.0158 ms
2026-07-29 10:55:35.463 -07:00 [INF] HTTP OPTIONS /api/v1/ads/019f6751-9588-7e1c-b138-098134567940/impression responded 204 in 0.1509 ms
2026-07-29 10:55:35.465 -07:00 [INF] HTTP OPTIONS /api/v1/ads/019f6751-958a-7a15-a575-98aaa0e56c88/impression responded 204 in 0.8163 ms
2026-07-29 10:55:35.498 -07:00 [INF] HTTP POST /api/v1/ads/019f6751-9588-7e1c-b138-098134567940/impression responded 200 in 29.9893 ms
2026-07-29 10:55:35.499 -07:00 [INF] HTTP POST /api/v1/ads/019f6751-958a-7a15-a575-98aaa0e56c88/impression responded 200 in 30.1187 ms
2026-07-29 10:55:35.501 -07:00 [INF] HTTP POST /api/v1/ads/019f6751-956b-7a5e-b9d8-0ef3c1dcd66d/impression responded 200 in 33.0280 ms
2026-07-29 10:55:39.661 -07:00 [INF] HTTP OPTIONS /api/v1/ads/019f6751-958b-7d8a-a9a6-0f853bb35f0f/impression responded 204 in 0.0150 ms
2026-07-29 10:55:39.661 -07:00 [INF] HTTP OPTIONS /api/v1/ads/019f6751-9586-79ca-a9e4-063106266335/impression responded 204 in 0.0844 ms
2026-07-29 10:55:39.661 -07:00 [INF] HTTP OPTIONS /api/v1/ads/019f6751-9589-76dd-a1a8-4c3bf2cfc076/impression responded 204 in 0.0841 ms
2026-07-29 10:55:39.677 -07:00 [INF] HTTP POST /api/v1/ads/019f6751-9589-76dd-a1a8-4c3bf2cfc076/impression responded 200 in 13.2631 ms
2026-07-29 10:55:39.677 -07:00 [INF] HTTP POST /api/v1/ads/019f6751-958b-7d8a-a9a6-0f853bb35f0f/impression responded 200 in 13.4663 ms
2026-07-29 10:55:39.677 -07:00 [INF] HTTP POST /api/v1/ads/019f6751-9586-79ca-a9e4-063106266335/impression responded 200 in 13.5808 ms
2026-07-29 10:55:43.868 -07:00 [INF] HTTP OPTIONS /api/v1/ads/019f6751-958a-7a15-a575-98aaa0e56c88/impression responded 204 in 0.1941 ms
2026-07-29 10:55:43.868 -07:00 [INF] HTTP OPTIONS /api/v1/ads/019f6751-9588-7e1c-b138-098134567940/impression responded 204 in 0.3821 ms
2026-07-29 10:55:43.868 -07:00 [INF] HTTP OPTIONS /api/v1/ads/019f6751-956b-7a5e-b9d8-0ef3c1dcd66d/impression responded 204 in 0.3820 ms
2026-07-29 10:55:43.891 -07:00 [INF] HTTP POST /api/v1/ads/019f6751-958a-7a15-a575-98aaa0e56c88/impression responded 200 in 20.4062 ms
2026-07-29 10:55:43.891 -07:00 [INF] HTTP POST /api/v1/ads/019f6751-9588-7e1c-b138-098134567940/impression responded 200 in 20.7564 ms
2026-07-29 10:55:43.891 -07:00 [INF] HTTP POST /api/v1/ads/019f6751-956b-7a5e-b9d8-0ef3c1dcd66d/impression responded 200 in 20.0733 ms
2026-07-29 10:55:48.057 -07:00 [INF] HTTP OPTIONS /api/v1/ads/019f6751-958b-7d8a-a9a6-0f853bb35f0f/impression responded 204 in 0.0996 ms
2026-07-29 10:55:48.057 -07:00 [INF] HTTP OPTIONS /api/v1/ads/019f6751-9589-76dd-a1a8-4c3bf2cfc076/impression responded 204 in 0.1106 ms
2026-07-29 10:55:48.057 -07:00 [INF] HTTP OPTIONS /api/v1/ads/019f6751-9586-79ca-a9e4-063106266335/impression responded 204 in 0.0813 ms
2026-07-29 10:55:48.075 -07:00 [INF] HTTP POST /api/v1/ads/019f6751-958b-7d8a-a9a6-0f853bb35f0f/impression responded 200 in 16.9008 ms
2026-07-29 10:55:48.076 -07:00 [INF] HTTP POST /api/v1/ads/019f6751-9586-79ca-a9e4-063106266335/impression responded 200 in 17.2026 ms
2026-07-29 10:55:48.080 -07:00 [INF] HTTP POST /api/v1/ads/019f6751-9589-76dd-a1a8-4c3bf2cfc076/impression responded 200 in 18.7338 ms
2026-07-29 10:55:52.270 -07:00 [INF] HTTP OPTIONS /api/v1/ads/019f6751-9588-7e1c-b138-098134567940/impression responded 204 in 0.0736 ms
2026-07-29 10:55:52.270 -07:00 [INF] HTTP OPTIONS /api/v1/ads/019f6751-956b-7a5e-b9d8-0ef3c1dcd66d/impression responded 204 in 0.0698 ms
2026-07-29 10:55:52.270 -07:00 [INF] HTTP OPTIONS /api/v1/ads/019f6751-958a-7a15-a575-98aaa0e56c88/impression responded 204 in 0.0146 ms
2026-07-29 10:55:52.296 -07:00 [INF] HTTP POST /api/v1/ads/019f6751-956b-7a5e-b9d8-0ef3c1dcd66d/impression responded 200 in 21.3834 ms
2026-07-29 10:55:52.296 -07:00 [INF] HTTP POST /api/v1/ads/019f6751-9588-7e1c-b138-098134567940/impression responded 200 in 21.8143 ms
2026-07-29 10:55:52.296 -07:00 [INF] HTTP POST /api/v1/ads/019f6751-958a-7a15-a575-98aaa0e56c88/impression responded 200 in 22.2987 ms
2026-07-29 10:55:56.465 -07:00 [INF] HTTP OPTIONS /api/v1/ads/019f6751-9586-79ca-a9e4-063106266335/impression responded 204 in 0.1632 ms
2026-07-29 10:55:56.467 -07:00 [INF] HTTP OPTIONS /api/v1/ads/019f6751-9589-76dd-a1a8-4c3bf2cfc076/impression responded 204 in 0.0146 ms
2026-07-29 10:55:56.467 -07:00 [INF] HTTP OPTIONS /api/v1/ads/019f6751-958b-7d8a-a9a6-0f853bb35f0f/impression responded 204 in 1.1222 ms
2026-07-29 10:55:56.475 -07:00 [INF] HTTP POST /api/v1/ads/019f6751-958b-7d8a-a9a6-0f853bb35f0f/impression responded 200 in 6.5350 ms
2026-07-29 10:55:56.477 -07:00 [INF] HTTP POST /api/v1/ads/019f6751-9589-76dd-a1a8-4c3bf2cfc076/impression responded 200 in 8.5078 ms
2026-07-29 10:55:56.477 -07:00 [INF] HTTP POST /api/v1/ads/019f6751-9586-79ca-a9e4-063106266335/impression responded 200 in 8.5981 ms
2026-07-29 10:56:00.657 -07:00 [INF] HTTP OPTIONS /api/v1/ads/019f6751-958a-7a15-a575-98aaa0e56c88/impression responded 204 in 0.0618 ms
2026-07-29 10:56:00.657 -07:00 [INF] HTTP OPTIONS /api/v1/ads/019f6751-956b-7a5e-b9d8-0ef3c1dcd66d/impression responded 204 in 0.0760 ms
2026-07-29 10:56:00.657 -07:00 [INF] HTTP OPTIONS /api/v1/ads/019f6751-9588-7e1c-b138-098134567940/impression responded 204 in 0.0760 ms
2026-07-29 10:56:00.671 -07:00 [INF] HTTP POST /api/v1/ads/019f6751-9588-7e1c-b138-098134567940/impression responded 200 in 12.2185 ms
2026-07-29 10:56:00.671 -07:00 [INF] HTTP POST /api/v1/ads/019f6751-956b-7a5e-b9d8-0ef3c1dcd66d/impression responded 200 in 12.2106 ms
2026-07-29 10:56:00.676 -07:00 [INF] HTTP POST /api/v1/ads/019f6751-958a-7a15-a575-98aaa0e56c88/impression responded 200 in 17.0436 ms
2026-07-29 10:56:04.858 -07:00 [INF] HTTP OPTIONS /api/v1/ads/019f6751-9586-79ca-a9e4-063106266335/impression responded 204 in 0.0879 ms
2026-07-29 10:56:04.859 -07:00 [INF] HTTP OPTIONS /api/v1/ads/019f6751-958b-7d8a-a9a6-0f853bb35f0f/impression responded 204 in 0.0198 ms
2026-07-29 10:56:04.860 -07:00 [INF] HTTP OPTIONS /api/v1/ads/019f6751-9589-76dd-a1a8-4c3bf2cfc076/impression responded 204 in 0.0451 ms
2026-07-29 10:56:04.883 -07:00 [INF] HTTP POST /api/v1/ads/019f6751-958b-7d8a-a9a6-0f853bb35f0f/impression responded 200 in 8.5468 ms
2026-07-29 10:56:04.883 -07:00 [INF] HTTP POST /api/v1/ads/019f6751-9586-79ca-a9e4-063106266335/impression responded 200 in 8.5190 ms
2026-07-29 10:56:04.884 -07:00 [INF] HTTP POST /api/v1/ads/019f6751-9589-76dd-a1a8-4c3bf2cfc076/impression responded 200 in 9.0357 ms
2026-07-29 10:56:09.074 -07:00 [INF] HTTP OPTIONS /api/v1/ads/019f6751-9588-7e1c-b138-098134567940/impression responded 204 in 2.6382 ms
2026-07-29 10:56:09.074 -07:00 [INF] HTTP OPTIONS /api/v1/ads/019f6751-956b-7a5e-b9d8-0ef3c1dcd66d/impression responded 204 in 2.6440 ms
2026-07-29 10:56:09.074 -07:00 [INF] HTTP OPTIONS /api/v1/ads/019f6751-958a-7a15-a575-98aaa0e56c88/impression responded 204 in 2.6425 ms
2026-07-29 10:56:09.119 -07:00 [INF] HTTP POST /api/v1/ads/019f6751-9588-7e1c-b138-098134567940/impression responded 200 in 40.0452 ms
2026-07-29 10:56:09.120 -07:00 [INF] HTTP POST /api/v1/ads/019f6751-958a-7a15-a575-98aaa0e56c88/impression responded 200 in 40.7733 ms
2026-07-29 10:56:09.119 -07:00 [INF] HTTP POST /api/v1/ads/019f6751-956b-7a5e-b9d8-0ef3c1dcd66d/impression responded 200 in 38.9044 ms
2026-07-29 10:56:13.265 -07:00 [INF] HTTP OPTIONS /api/v1/ads/019f6751-958b-7d8a-a9a6-0f853bb35f0f/impression responded 204 in 0.0777 ms
2026-07-29 10:56:13.265 -07:00 [INF] HTTP OPTIONS /api/v1/ads/019f6751-9586-79ca-a9e4-063106266335/impression responded 204 in 0.0775 ms
2026-07-29 10:56:13.267 -07:00 [INF] HTTP OPTIONS /api/v1/ads/019f6751-9589-76dd-a1a8-4c3bf2cfc076/impression responded 204 in 0.0243 ms
2026-07-29 10:56:13.275 -07:00 [INF] HTTP POST /api/v1/ads/019f6751-958b-7d8a-a9a6-0f853bb35f0f/impression responded 200 in 7.0876 ms
2026-07-29 10:56:13.284 -07:00 [INF] HTTP POST /api/v1/ads/019f6751-9589-76dd-a1a8-4c3bf2cfc076/impression responded 200 in 16.4004 ms
2026-07-29 10:56:13.286 -07:00 [INF] HTTP POST /api/v1/ads/019f6751-9586-79ca-a9e4-063106266335/impression responded 200 in 17.9011 ms
2026-07-29 10:56:17.460 -07:00 [INF] HTTP OPTIONS /api/v1/ads/019f6751-9588-7e1c-b138-098134567940/impression responded 204 in 0.0384 ms
2026-07-29 10:56:17.460 -07:00 [INF] HTTP OPTIONS /api/v1/ads/019f6751-956b-7a5e-b9d8-0ef3c1dcd66d/impression responded 204 in 0.0454 ms
2026-07-29 10:56:17.460 -07:00 [INF] HTTP OPTIONS /api/v1/ads/019f6751-958a-7a15-a575-98aaa0e56c88/impression responded 204 in 0.0091 ms
2026-07-29 10:56:17.467 -07:00 [INF] HTTP POST /api/v1/ads/019f6751-958a-7a15-a575-98aaa0e56c88/impression responded 200 in 5.9592 ms
2026-07-29 10:56:17.467 -07:00 [INF] HTTP POST /api/v1/ads/019f6751-9588-7e1c-b138-098134567940/impression responded 200 in 6.0083 ms
2026-07-29 10:56:17.468 -07:00 [INF] HTTP POST /api/v1/ads/019f6751-956b-7a5e-b9d8-0ef3c1dcd66d/impression responded 200 in 6.4060 ms
2026-07-29 10:56:21.660 -07:00 [INF] HTTP OPTIONS /api/v1/ads/019f6751-958b-7d8a-a9a6-0f853bb35f0f/impression responded 204 in 0.0445 ms
2026-07-29 10:56:21.660 -07:00 [INF] HTTP OPTIONS /api/v1/ads/019f6751-9589-76dd-a1a8-4c3bf2cfc076/impression responded 204 in 0.0752 ms
2026-07-29 10:56:21.661 -07:00 [INF] HTTP OPTIONS /api/v1/ads/019f6751-9586-79ca-a9e4-063106266335/impression responded 204 in 0.0744 ms
2026-07-29 10:56:21.675 -07:00 [INF] HTTP POST /api/v1/ads/019f6751-958b-7d8a-a9a6-0f853bb35f0f/impression responded 200 in 12.8033 ms
2026-07-29 10:56:21.675 -07:00 [INF] HTTP POST /api/v1/ads/019f6751-9586-79ca-a9e4-063106266335/impression responded 200 in 12.7608 ms
2026-07-29 10:56:21.675 -07:00 [INF] HTTP POST /api/v1/ads/019f6751-9589-76dd-a1a8-4c3bf2cfc076/impression responded 200 in 12.8268 ms
2026-07-29 10:56:25.864 -07:00 [INF] HTTP OPTIONS /api/v1/ads/019f6751-9588-7e1c-b138-098134567940/impression responded 204 in 0.0653 ms
2026-07-29 10:56:25.864 -07:00 [INF] HTTP OPTIONS /api/v1/ads/019f6751-956b-7a5e-b9d8-0ef3c1dcd66d/impression responded 204 in 0.0654 ms
2026-07-29 10:56:25.874 -07:00 [INF] HTTP OPTIONS /api/v1/ads/019f6751-958a-7a15-a575-98aaa0e56c88/impression responded 204 in 0.1076 ms
2026-07-29 10:56:25.882 -07:00 [INF] HTTP POST /api/v1/ads/019f6751-958a-7a15-a575-98aaa0e56c88/impression responded 200 in 6.8632 ms
2026-07-29 10:56:25.883 -07:00 [INF] HTTP POST /api/v1/ads/019f6751-956b-7a5e-b9d8-0ef3c1dcd66d/impression responded 200 in 7.4778 ms
2026-07-29 10:56:25.883 -07:00 [INF] HTTP POST /api/v1/ads/019f6751-9588-7e1c-b138-098134567940/impression responded 200 in 8.6204 ms
2026-07-29 10:56:30.075 -07:00 [INF] HTTP OPTIONS /api/v1/ads/019f6751-9589-76dd-a1a8-4c3bf2cfc076/impression responded 204 in 1.4445 ms
2026-07-29 10:56:30.075 -07:00 [INF] HTTP OPTIONS /api/v1/ads/019f6751-958b-7d8a-a9a6-0f853bb35f0f/impression responded 204 in 1.2343 ms
2026-07-29 10:56:30.075 -07:00 [INF] HTTP OPTIONS /api/v1/ads/019f6751-9586-79ca-a9e4-063106266335/impression responded 204 in 1.1836 ms
2026-07-29 10:56:30.179 -07:00 [INF] HTTP POST /api/v1/ads/019f6751-958b-7d8a-a9a6-0f853bb35f0f/impression responded 200 in 67.7343 ms
2026-07-29 10:56:30.179 -07:00 [INF] HTTP POST /api/v1/ads/019f6751-9589-76dd-a1a8-4c3bf2cfc076/impression responded 200 in 63.4641 ms
2026-07-29 10:56:30.179 -07:00 [INF] HTTP POST /api/v1/ads/019f6751-9586-79ca-a9e4-063106266335/impression responded 200 in 67.0504 ms
2026-07-29 10:56:34.269 -07:00 [INF] HTTP OPTIONS /api/v1/ads/019f6751-956b-7a5e-b9d8-0ef3c1dcd66d/impression responded 204 in 0.0719 ms
2026-07-29 10:56:34.269 -07:00 [INF] HTTP OPTIONS /api/v1/ads/019f6751-958a-7a15-a575-98aaa0e56c88/impression responded 204 in 0.0551 ms
2026-07-29 10:56:34.269 -07:00 [INF] HTTP OPTIONS /api/v1/ads/019f6751-9588-7e1c-b138-098134567940/impression responded 204 in 0.6560 ms
2026-07-29 10:56:34.280 -07:00 [INF] HTTP POST /api/v1/ads/019f6751-958a-7a15-a575-98aaa0e56c88/impression responded 200 in 10.1200 ms
2026-07-29 10:56:34.281 -07:00 [INF] HTTP POST /api/v1/ads/019f6751-956b-7a5e-b9d8-0ef3c1dcd66d/impression responded 200 in 10.3017 ms
2026-07-29 10:56:34.281 -07:00 [INF] HTTP POST /api/v1/ads/019f6751-9588-7e1c-b138-098134567940/impression responded 200 in 8.1626 ms
2026-07-29 10:56:38.466 -07:00 [INF] HTTP OPTIONS /api/v1/ads/019f6751-9586-79ca-a9e4-063106266335/impression responded 204 in 0.1478 ms
2026-07-29 10:56:38.466 -07:00 [INF] HTTP OPTIONS /api/v1/ads/019f6751-9589-76dd-a1a8-4c3bf2cfc076/impression responded 204 in 0.0120 ms
2026-07-29 10:56:38.467 -07:00 [INF] HTTP OPTIONS /api/v1/ads/019f6751-958b-7d8a-a9a6-0f853bb35f0f/impression responded 204 in 0.1389 ms
2026-07-29 10:56:38.477 -07:00 [INF] HTTP POST /api/v1/ads/019f6751-958b-7d8a-a9a6-0f853bb35f0f/impression responded 200 in 7.6672 ms
2026-07-29 10:56:38.477 -07:00 [INF] HTTP POST /api/v1/ads/019f6751-9586-79ca-a9e4-063106266335/impression responded 200 in 7.6203 ms
2026-07-29 10:56:38.478 -07:00 [INF] HTTP POST /api/v1/ads/019f6751-9589-76dd-a1a8-4c3bf2cfc076/impression responded 200 in 9.0713 ms
2026-07-29 10:56:42.659 -07:00 [INF] HTTP OPTIONS /api/v1/ads/019f6751-958a-7a15-a575-98aaa0e56c88/impression responded 204 in 0.1508 ms
2026-07-29 10:56:42.659 -07:00 [INF] HTTP OPTIONS /api/v1/ads/019f6751-956b-7a5e-b9d8-0ef3c1dcd66d/impression responded 204 in 0.0763 ms
2026-07-29 10:56:42.659 -07:00 [INF] HTTP OPTIONS /api/v1/ads/019f6751-9588-7e1c-b138-098134567940/impression responded 204 in 0.4532 ms
2026-07-29 10:56:42.671 -07:00 [INF] HTTP POST /api/v1/ads/019f6751-9588-7e1c-b138-098134567940/impression responded 200 in 7.9156 ms
2026-07-29 10:56:42.672 -07:00 [INF] HTTP POST /api/v1/ads/019f6751-956b-7a5e-b9d8-0ef3c1dcd66d/impression responded 200 in 10.1178 ms
2026-07-29 10:56:42.672 -07:00 [INF] HTTP POST /api/v1/ads/019f6751-958a-7a15-a575-98aaa0e56c88/impression responded 200 in 11.4653 ms
2026-07-29 10:56:46.911 -07:00 [INF] HTTP OPTIONS /api/v1/ads/019f6751-9586-79ca-a9e4-063106266335/impression responded 204 in 5.0053 ms
2026-07-29 10:56:46.912 -07:00 [INF] HTTP OPTIONS /api/v1/ads/019f6751-958b-7d8a-a9a6-0f853bb35f0f/impression responded 204 in 5.9476 ms
2026-07-29 10:56:46.912 -07:00 [INF] HTTP OPTIONS /api/v1/ads/019f6751-9589-76dd-a1a8-4c3bf2cfc076/impression responded 204 in 6.5735 ms
2026-07-29 10:56:46.989 -07:00 [INF] HTTP POST /api/v1/ads/019f6751-9589-76dd-a1a8-4c3bf2cfc076/impression responded 200 in 40.2069 ms
2026-07-29 10:56:46.992 -07:00 [INF] HTTP POST /api/v1/ads/019f6751-958b-7d8a-a9a6-0f853bb35f0f/impression responded 200 in 59.8004 ms
2026-07-29 10:56:46.993 -07:00 [INF] HTTP POST /api/v1/ads/019f6751-9586-79ca-a9e4-063106266335/impression responded 200 in 43.3618 ms
2026-07-29 10:57:55.887 -07:00 [INF] HTTP OPTIONS /api/v1/ads/019f6751-958a-7a15-a575-98aaa0e56c88/impression responded 204 in 0.0273 ms
2026-07-29 10:57:55.887 -07:00 [INF] HTTP OPTIONS /api/v1/ads/019f6751-956b-7a5e-b9d8-0ef3c1dcd66d/impression responded 204 in 1.1961 ms
2026-07-29 10:57:55.887 -07:00 [INF] HTTP OPTIONS /api/v1/ads/019f6751-9588-7e1c-b138-098134567940/impression responded 204 in 0.0142 ms
2026-07-29 10:57:55.905 -07:00 [INF] HTTP POST /api/v1/ads/019f6751-958a-7a15-a575-98aaa0e56c88/impression responded 200 in 14.9138 ms
2026-07-29 10:57:55.905 -07:00 [INF] HTTP POST /api/v1/ads/019f6751-956b-7a5e-b9d8-0ef3c1dcd66d/impression responded 200 in 14.9168 ms
2026-07-29 10:57:55.905 -07:00 [INF] HTTP POST /api/v1/ads/019f6751-9588-7e1c-b138-098134567940/impression responded 200 in 14.8829 ms
2026-07-29 10:58:00.070 -07:00 [INF] HTTP OPTIONS /api/v1/ads/019f6751-9589-76dd-a1a8-4c3bf2cfc076/impression responded 204 in 0.0132 ms
2026-07-29 10:58:00.070 -07:00 [INF] HTTP OPTIONS /api/v1/ads/019f6751-958b-7d8a-a9a6-0f853bb35f0f/impression responded 204 in 0.0091 ms
2026-07-29 10:58:00.070 -07:00 [INF] HTTP OPTIONS /api/v1/ads/019f6751-9586-79ca-a9e4-063106266335/impression responded 204 in 0.0533 ms
2026-07-29 10:58:00.078 -07:00 [INF] HTTP POST /api/v1/ads/019f6751-958b-7d8a-a9a6-0f853bb35f0f/impression responded 200 in 6.1586 ms
2026-07-29 10:58:00.078 -07:00 [INF] HTTP POST /api/v1/ads/019f6751-9589-76dd-a1a8-4c3bf2cfc076/impression responded 200 in 6.4203 ms
2026-07-29 10:58:00.078 -07:00 [INF] HTTP POST /api/v1/ads/019f6751-9586-79ca-a9e4-063106266335/impression responded 200 in 5.0667 ms
2026-07-29 10:58:04.280 -07:00 [INF] HTTP OPTIONS /api/v1/ads/019f6751-956b-7a5e-b9d8-0ef3c1dcd66d/impression responded 204 in 0.0598 ms
2026-07-29 10:58:04.280 -07:00 [INF] HTTP OPTIONS /api/v1/ads/019f6751-9588-7e1c-b138-098134567940/impression responded 204 in 0.0113 ms
2026-07-29 10:58:04.280 -07:00 [INF] HTTP OPTIONS /api/v1/ads/019f6751-958a-7a15-a575-98aaa0e56c88/impression responded 204 in 0.0089 ms
2026-07-29 10:58:04.289 -07:00 [INF] HTTP POST /api/v1/ads/019f6751-9588-7e1c-b138-098134567940/impression responded 200 in 7.1280 ms
2026-07-29 10:58:04.289 -07:00 [INF] HTTP POST /api/v1/ads/019f6751-956b-7a5e-b9d8-0ef3c1dcd66d/impression responded 200 in 7.7754 ms
2026-07-29 10:58:04.290 -07:00 [INF] HTTP POST /api/v1/ads/019f6751-958a-7a15-a575-98aaa0e56c88/impression responded 200 in 6.8363 ms
2026-07-29 10:58:08.471 -07:00 [INF] HTTP OPTIONS /api/v1/ads/019f6751-9586-79ca-a9e4-063106266335/impression responded 204 in 0.1464 ms
2026-07-29 10:58:08.471 -07:00 [INF] HTTP OPTIONS /api/v1/ads/019f6751-9589-76dd-a1a8-4c3bf2cfc076/impression responded 204 in 0.1465 ms
2026-07-29 10:58:08.471 -07:00 [INF] HTTP OPTIONS /api/v1/ads/019f6751-958b-7d8a-a9a6-0f853bb35f0f/impression responded 204 in 0.0122 ms
2026-07-29 10:58:08.492 -07:00 [INF] HTTP POST /api/v1/ads/019f6751-958b-7d8a-a9a6-0f853bb35f0f/impression responded 200 in 16.2294 ms
2026-07-29 10:58:08.492 -07:00 [INF] HTTP POST /api/v1/ads/019f6751-9586-79ca-a9e4-063106266335/impression responded 200 in 16.5228 ms
2026-07-29 10:58:08.493 -07:00 [INF] HTTP POST /api/v1/ads/019f6751-9589-76dd-a1a8-4c3bf2cfc076/impression responded 200 in 17.7243 ms
2026-07-29 10:58:12.675 -07:00 [INF] HTTP OPTIONS /api/v1/ads/019f6751-958a-7a15-a575-98aaa0e56c88/impression responded 204 in 0.0738 ms
2026-07-29 10:58:12.675 -07:00 [INF] HTTP OPTIONS /api/v1/ads/019f6751-956b-7a5e-b9d8-0ef3c1dcd66d/impression responded 204 in 0.0737 ms
2026-07-29 10:58:12.675 -07:00 [INF] HTTP OPTIONS /api/v1/ads/019f6751-9588-7e1c-b138-098134567940/impression responded 204 in 0.1040 ms
2026-07-29 10:58:12.697 -07:00 [INF] HTTP POST /api/v1/ads/019f6751-956b-7a5e-b9d8-0ef3c1dcd66d/impression responded 200 in 19.9525 ms
2026-07-29 10:58:12.698 -07:00 [INF] HTTP POST /api/v1/ads/019f6751-958a-7a15-a575-98aaa0e56c88/impression responded 200 in 20.4736 ms
2026-07-29 10:58:12.703 -07:00 [INF] HTTP POST /api/v1/ads/019f6751-9588-7e1c-b138-098134567940/impression responded 200 in 23.7803 ms
2026-07-29 10:58:16.868 -07:00 [INF] HTTP OPTIONS /api/v1/ads/019f6751-9589-76dd-a1a8-4c3bf2cfc076/impression responded 204 in 0.0282 ms
2026-07-29 10:58:16.868 -07:00 [INF] HTTP OPTIONS /api/v1/ads/019f6751-9586-79ca-a9e4-063106266335/impression responded 204 in 0.3178 ms
2026-07-29 10:58:16.868 -07:00 [INF] HTTP OPTIONS /api/v1/ads/019f6751-958b-7d8a-a9a6-0f853bb35f0f/impression responded 204 in 0.0100 ms
2026-07-29 10:58:16.879 -07:00 [INF] HTTP POST /api/v1/ads/019f6751-9586-79ca-a9e4-063106266335/impression responded 200 in 7.6680 ms
2026-07-29 10:58:16.880 -07:00 [INF] HTTP POST /api/v1/ads/019f6751-9589-76dd-a1a8-4c3bf2cfc076/impression responded 200 in 9.1944 ms
2026-07-29 10:58:16.882 -07:00 [INF] HTTP POST /api/v1/ads/019f6751-958b-7d8a-a9a6-0f853bb35f0f/impression responded 200 in 10.4830 ms
2026-07-29 10:58:21.094 -07:00 [INF] HTTP OPTIONS /api/v1/ads/019f6751-958a-7a15-a575-98aaa0e56c88/impression responded 204 in 1.6330 ms
2026-07-29 10:58:21.094 -07:00 [INF] HTTP OPTIONS /api/v1/ads/019f6751-956b-7a5e-b9d8-0ef3c1dcd66d/impression responded 204 in 1.2153 ms
2026-07-29 10:58:21.094 -07:00 [INF] HTTP OPTIONS /api/v1/ads/019f6751-9588-7e1c-b138-098134567940/impression responded 204 in 1.6266 ms
2026-07-29 10:58:21.127 -07:00 [INF] HTTP POST /api/v1/ads/019f6751-958a-7a15-a575-98aaa0e56c88/impression responded 200 in 26.3264 ms
2026-07-29 10:58:21.127 -07:00 [INF] HTTP POST /api/v1/ads/019f6751-9588-7e1c-b138-098134567940/impression responded 200 in 26.3430 ms
2026-07-29 10:58:21.127 -07:00 [INF] HTTP POST /api/v1/ads/019f6751-956b-7a5e-b9d8-0ef3c1dcd66d/impression responded 200 in 26.3992 ms
2026-07-29 10:58:25.269 -07:00 [INF] HTTP OPTIONS /api/v1/ads/019f6751-9586-79ca-a9e4-063106266335/impression responded 204 in 0.0853 ms
2026-07-29 10:58:25.270 -07:00 [INF] HTTP OPTIONS /api/v1/ads/019f6751-9589-76dd-a1a8-4c3bf2cfc076/impression responded 204 in 0.0853 ms
2026-07-29 10:58:25.270 -07:00 [INF] HTTP OPTIONS /api/v1/ads/019f6751-958b-7d8a-a9a6-0f853bb35f0f/impression responded 204 in 0.0134 ms
2026-07-29 10:58:25.282 -07:00 [INF] HTTP POST /api/v1/ads/019f6751-958b-7d8a-a9a6-0f853bb35f0f/impression responded 200 in 9.6965 ms
2026-07-29 10:58:25.282 -07:00 [INF] HTTP POST /api/v1/ads/019f6751-9586-79ca-a9e4-063106266335/impression responded 200 in 10.7577 ms
2026-07-29 10:58:25.283 -07:00 [INF] HTTP POST /api/v1/ads/019f6751-9589-76dd-a1a8-4c3bf2cfc076/impression responded 200 in 11.0365 ms
2026-07-29 10:58:29.476 -07:00 [INF] HTTP OPTIONS /api/v1/ads/019f6751-958a-7a15-a575-98aaa0e56c88/impression responded 204 in 0.0768 ms
2026-07-29 10:58:29.476 -07:00 [INF] HTTP OPTIONS /api/v1/ads/019f6751-9588-7e1c-b138-098134567940/impression responded 204 in 0.0775 ms
2026-07-29 10:58:29.476 -07:00 [INF] HTTP OPTIONS /api/v1/ads/019f6751-956b-7a5e-b9d8-0ef3c1dcd66d/impression responded 204 in 0.0768 ms
2026-07-29 10:58:29.485 -07:00 [INF] HTTP POST /api/v1/ads/019f6751-9588-7e1c-b138-098134567940/impression responded 200 in 7.9349 ms
2026-07-29 10:58:29.487 -07:00 [INF] HTTP POST /api/v1/ads/019f6751-956b-7a5e-b9d8-0ef3c1dcd66d/impression responded 200 in 8.9099 ms
2026-07-29 10:58:29.487 -07:00 [INF] HTTP POST /api/v1/ads/019f6751-958a-7a15-a575-98aaa0e56c88/impression responded 200 in 9.9867 ms
2026-07-29 10:58:33.669 -07:00 [INF] HTTP OPTIONS /api/v1/ads/019f6751-9589-76dd-a1a8-4c3bf2cfc076/impression responded 204 in 0.5755 ms
2026-07-29 10:58:33.672 -07:00 [INF] HTTP OPTIONS /api/v1/ads/019f6751-9586-79ca-a9e4-063106266335/impression responded 204 in 0.0947 ms
2026-07-29 10:58:33.673 -07:00 [INF] HTTP OPTIONS /api/v1/ads/019f6751-958b-7d8a-a9a6-0f853bb35f0f/impression responded 204 in 0.0270 ms
2026-07-29 10:58:33.689 -07:00 [INF] HTTP POST /api/v1/ads/019f6751-9589-76dd-a1a8-4c3bf2cfc076/impression responded 200 in 13.5985 ms
2026-07-29 10:58:33.690 -07:00 [INF] HTTP POST /api/v1/ads/019f6751-958b-7d8a-a9a6-0f853bb35f0f/impression responded 200 in 14.3029 ms
2026-07-29 10:58:33.690 -07:00 [INF] HTTP POST /api/v1/ads/019f6751-9586-79ca-a9e4-063106266335/impression responded 200 in 14.8971 ms
2026-07-29 10:58:37.868 -07:00 [INF] HTTP OPTIONS /api/v1/ads/019f6751-958a-7a15-a575-98aaa0e56c88/impression responded 204 in 0.0310 ms
2026-07-29 10:58:37.867 -07:00 [INF] HTTP OPTIONS /api/v1/ads/019f6751-9588-7e1c-b138-098134567940/impression responded 204 in 0.0551 ms
2026-07-29 10:58:37.867 -07:00 [INF] HTTP OPTIONS /api/v1/ads/019f6751-956b-7a5e-b9d8-0ef3c1dcd66d/impression responded 204 in 0.0551 ms
2026-07-29 10:58:37.877 -07:00 [INF] HTTP POST /api/v1/ads/019f6751-956b-7a5e-b9d8-0ef3c1dcd66d/impression responded 200 in 4.7649 ms
2026-07-29 10:58:37.877 -07:00 [INF] HTTP POST /api/v1/ads/019f6751-958a-7a15-a575-98aaa0e56c88/impression responded 200 in 6.0331 ms
2026-07-29 10:58:37.879 -07:00 [INF] HTTP POST /api/v1/ads/019f6751-9588-7e1c-b138-098134567940/impression responded 200 in 6.5413 ms
2026-07-29 10:58:42.072 -07:00 [INF] HTTP OPTIONS /api/v1/ads/019f6751-9589-76dd-a1a8-4c3bf2cfc076/impression responded 204 in 0.2890 ms
2026-07-29 10:58:42.072 -07:00 [INF] HTTP OPTIONS /api/v1/ads/019f6751-9586-79ca-a9e4-063106266335/impression responded 204 in 0.3057 ms
2026-07-29 10:58:42.072 -07:00 [INF] HTTP OPTIONS /api/v1/ads/019f6751-958b-7d8a-a9a6-0f853bb35f0f/impression responded 204 in 0.2810 ms
2026-07-29 10:58:42.083 -07:00 [INF] HTTP POST /api/v1/ads/019f6751-9589-76dd-a1a8-4c3bf2cfc076/impression responded 200 in 6.9729 ms
2026-07-29 10:58:42.084 -07:00 [INF] HTTP POST /api/v1/ads/019f6751-9586-79ca-a9e4-063106266335/impression responded 200 in 6.9472 ms
2026-07-29 10:58:42.086 -07:00 [INF] HTTP POST /api/v1/ads/019f6751-958b-7d8a-a9a6-0f853bb35f0f/impression responded 200 in 9.5866 ms
2026-07-29 11:04:04.212 -07:00 [INF] HTTP OPTIONS /api/v1/ads/019f6751-958a-7a15-a575-98aaa0e56c88/impression responded 204 in 0.7757 ms
2026-07-29 11:04:04.212 -07:00 [INF] HTTP OPTIONS /api/v1/ads/019f6751-9588-7e1c-b138-098134567940/impression responded 204 in 0.7917 ms
2026-07-29 11:04:04.212 -07:00 [INF] HTTP OPTIONS /api/v1/ads/019f6751-956b-7a5e-b9d8-0ef3c1dcd66d/impression responded 204 in 0.8188 ms
2026-07-29 11:04:04.524 -07:00 [INF] HTTP POST /api/v1/ads/019f6751-9588-7e1c-b138-098134567940/impression responded 200 in 302.4632 ms
2026-07-29 11:04:04.524 -07:00 [INF] HTTP POST /api/v1/ads/019f6751-956b-7a5e-b9d8-0ef3c1dcd66d/impression responded 200 in 303.0514 ms
2026-07-29 11:04:04.543 -07:00 [INF] HTTP POST /api/v1/ads/019f6751-958a-7a15-a575-98aaa0e56c88/impression responded 200 in 321.8006 ms
2026-07-29 11:04:06.085 -07:00 [INF] HTTP GET /api/v1/site-settings responded 200 in 46.9715 ms
2026-07-29 11:04:06.354 -07:00 [INF] HTTP GET /site/logo-openmarketplace.svg responded 304 in 88.6920 ms
2026-07-29 11:04:07.025 -07:00 [INF] HTTP OPTIONS /api/v1/ads responded 204 in 0.1489 ms
2026-07-29 11:04:07.033 -07:00 [INF] HTTP OPTIONS /api/v1/ads responded 204 in 0.0228 ms
2026-07-29 11:04:07.033 -07:00 [INF] HTTP OPTIONS /api/v1/ads responded 204 in 0.0289 ms
2026-07-29 11:04:07.034 -07:00 [INF] HTTP OPTIONS /api/v1/site-settings responded 204 in 0.4600 ms
2026-07-29 11:04:07.099 -07:00 [INF] HTTP GET /api/v1/site-settings responded 200 in 54.3785 ms
2026-07-29 11:04:07.183 -07:00 [INF] HTTP GET /api/v1/ads responded 200 in 137.7708 ms
2026-07-29 11:04:07.183 -07:00 [INF] HTTP GET /api/v1/ads responded 200 in 149.3895 ms
2026-07-29 11:04:07.183 -07:00 [INF] HTTP GET /api/v1/ads responded 200 in 141.2862 ms
2026-07-29 11:04:07.203 -07:00 [INF] HTTP OPTIONS /api/v1/feed/home responded 204 in 1.3278 ms
2026-07-29 11:04:07.204 -07:00 [INF] HTTP GET /site/favicon-openmarketplace.svg responded 304 in 15.6316 ms
2026-07-29 11:04:07.264 -07:00 [INF] HTTP OPTIONS /api/v1/ads/019f6751-958a-7a15-a575-98aaa0e56c88/impression responded 204 in 0.0827 ms
2026-07-29 11:04:07.266 -07:00 [INF] HTTP OPTIONS /api/v1/ads/019f6751-9588-7e1c-b138-098134567940/impression responded 204 in 0.0169 ms
2026-07-29 11:04:07.291 -07:00 [INF] HTTP OPTIONS /api/v1/ads/019f6751-956b-7a5e-b9d8-0ef3c1dcd66d/impression responded 204 in 29.1972 ms
2026-07-29 11:04:07.366 -07:00 [INF] HTTP POST /api/v1/ads/019f6751-958a-7a15-a575-98aaa0e56c88/impression responded 200 in 74.9286 ms
2026-07-29 11:04:07.371 -07:00 [INF] HTTP POST /api/v1/ads/019f6751-9588-7e1c-b138-098134567940/impression responded 200 in 99.6673 ms
2026-07-29 11:04:07.372 -07:00 [INF] HTTP POST /api/v1/ads/019f6751-956b-7a5e-b9d8-0ef3c1dcd66d/impression responded 200 in 62.1139 ms
2026-07-29 11:04:07.458 -07:00 [INF] HTTP GET /api/v1/feed/home responded 200 in 240.6960 ms
2026-07-29 11:04:11.444 -07:00 [INF] HTTP OPTIONS /api/v1/ads/019f6751-9589-76dd-a1a8-4c3bf2cfc076/impression responded 204 in 0.0320 ms
2026-07-29 11:04:11.445 -07:00 [INF] HTTP OPTIONS /api/v1/ads/019f6751-9586-79ca-a9e4-063106266335/impression responded 204 in 0.0111 ms
2026-07-29 11:04:11.457 -07:00 [INF] HTTP POST /api/v1/ads/019f6751-9589-76dd-a1a8-4c3bf2cfc076/impression responded 200 in 9.9159 ms
2026-07-29 11:04:11.458 -07:00 [INF] HTTP POST /api/v1/ads/019f6751-9586-79ca-a9e4-063106266335/impression responded 200 in 10.1017 ms
2026-07-29 11:04:15.165 -07:00 [INF] HTTP OPTIONS /api/v1/ads/019f6751-958b-7d8a-a9a6-0f853bb35f0f/impression responded 204 in 0.0402 ms
2026-07-29 11:04:15.173 -07:00 [INF] HTTP POST /api/v1/ads/019f6751-958b-7d8a-a9a6-0f853bb35f0f/impression responded 200 in 6.7888 ms
2026-07-29 11:04:15.657 -07:00 [INF] HTTP OPTIONS /api/v1/ads/019f6751-9588-7e1c-b138-098134567940/impression responded 204 in 0.0254 ms
2026-07-29 11:04:15.657 -07:00 [INF] HTTP OPTIONS /api/v1/ads/019f6751-956b-7a5e-b9d8-0ef3c1dcd66d/impression responded 204 in 0.2407 ms
2026-07-29 11:04:15.683 -07:00 [INF] HTTP POST /api/v1/ads/019f6751-956b-7a5e-b9d8-0ef3c1dcd66d/impression responded 200 in 20.6947 ms
2026-07-29 11:04:15.685 -07:00 [INF] HTTP POST /api/v1/ads/019f6751-9588-7e1c-b138-098134567940/impression responded 200 in 22.5173 ms
2026-07-29 11:04:22.078 -07:00 [INF] HTTP OPTIONS /api/v1/admin/site-settings responded 204 in 0.1392 ms
2026-07-29 11:04:22.313 -07:00 [INF] HTTP POST /api/v1/admin/site-settings responded 200 in 233.8045 ms
2026-07-29 11:04:22.357 -07:00 [INF] HTTP GET /api/v1/admin/site-settings responded 200 in 24.7820 ms
2026-07-29 11:04:25.117 -07:00 [INF] HTTP OPTIONS /api/v1/ads responded 204 in 2.3467 ms
2026-07-29 11:04:25.117 -07:00 [INF] HTTP OPTIONS /api/v1/ads responded 204 in 2.2657 ms
2026-07-29 11:04:25.117 -07:00 [INF] HTTP OPTIONS /api/v1/site-settings responded 204 in 2.3504 ms
2026-07-29 11:04:25.117 -07:00 [INF] HTTP OPTIONS /api/v1/ads responded 204 in 2.2470 ms
2026-07-29 11:04:25.166 -07:00 [INF] HTTP OPTIONS /api/v1/feed/home responded 204 in 0.0288 ms
2026-07-29 11:04:25.169 -07:00 [INF] HTTP GET /api/v1/ads responded 200 in 49.1551 ms
2026-07-29 11:04:25.173 -07:00 [INF] HTTP GET /api/v1/ads responded 200 in 50.1715 ms
2026-07-29 11:04:25.257 -07:00 [INF] HTTP GET /api/v1/ads responded 200 in 138.5280 ms
2026-07-29 11:04:25.258 -07:00 [INF] HTTP GET /api/v1/site-settings responded 200 in 137.7019 ms
2026-07-29 11:04:25.290 -07:00 [INF] HTTP OPTIONS /api/v1/ads/019f6751-956b-7a5e-b9d8-0ef3c1dcd66d/impression responded 204 in 0.0292 ms
2026-07-29 11:04:25.290 -07:00 [INF] HTTP OPTIONS /api/v1/ads/019f6751-9588-7e1c-b138-098134567940/impression responded 204 in 0.0093 ms
2026-07-29 11:04:25.290 -07:00 [INF] HTTP GET /api/v1/feed/home responded 200 in 117.6220 ms
2026-07-29 11:04:25.303 -07:00 [INF] HTTP POST /api/v1/ads/019f6751-956b-7a5e-b9d8-0ef3c1dcd66d/impression responded 200 in 10.1171 ms
2026-07-29 11:04:25.303 -07:00 [INF] HTTP POST /api/v1/ads/019f6751-9588-7e1c-b138-098134567940/impression responded 200 in 9.5282 ms
2026-07-29 11:04:25.336 -07:00 [INF] HTTP OPTIONS /api/v1/ads/019f6751-958a-7a15-a575-98aaa0e56c88/impression responded 204 in 0.0869 ms
2026-07-29 11:04:25.344 -07:00 [INF] HTTP POST /api/v1/ads/019f6751-958a-7a15-a575-98aaa0e56c88/impression responded 200 in 4.7342 ms
2026-07-29 11:04:28.019 -07:00 [INF] HTTP OPTIONS /api/v1/ads responded 204 in 0.0343 ms
2026-07-29 11:04:28.019 -07:00 [INF] HTTP OPTIONS /api/v1/ads responded 204 in 0.0500 ms
2026-07-29 11:04:28.019 -07:00 [INF] HTTP OPTIONS /api/v1/site-settings responded 204 in 0.1753 ms
2026-07-29 11:04:28.021 -07:00 [INF] HTTP OPTIONS /api/v1/ads responded 204 in 0.0308 ms
2026-07-29 11:04:28.048 -07:00 [INF] HTTP GET /api/v1/ads responded 200 in 26.6049 ms
2026-07-29 11:04:28.051 -07:00 [INF] HTTP GET /api/v1/ads responded 200 in 26.0391 ms
2026-07-29 11:04:28.052 -07:00 [INF] HTTP GET /api/v1/ads responded 200 in 30.4953 ms
2026-07-29 11:04:28.057 -07:00 [INF] HTTP GET /api/v1/site-settings responded 200 in 35.6839 ms
2026-07-29 11:04:28.134 -07:00 [INF] HTTP OPTIONS /api/v1/ads/019f6751-9588-7e1c-b138-098134567940/impression responded 204 in 0.0060 ms
2026-07-29 11:04:28.134 -07:00 [INF] HTTP OPTIONS /api/v1/feed/home responded 204 in 0.2250 ms
2026-07-29 11:04:28.133 -07:00 [INF] HTTP OPTIONS /api/v1/ads/019f6751-956b-7a5e-b9d8-0ef3c1dcd66d/impression responded 204 in 0.0424 ms
2026-07-29 11:04:28.134 -07:00 [INF] HTTP OPTIONS /api/v1/ads/019f6751-958a-7a15-a575-98aaa0e56c88/impression responded 204 in 0.0038 ms
2026-07-29 11:04:28.172 -07:00 [INF] HTTP POST /api/v1/ads/019f6751-9588-7e1c-b138-098134567940/impression responded 200 in 32.6411 ms
2026-07-29 11:04:28.173 -07:00 [INF] HTTP POST /api/v1/ads/019f6751-958a-7a15-a575-98aaa0e56c88/impression responded 200 in 25.3819 ms
2026-07-29 11:04:28.181 -07:00 [INF] HTTP POST /api/v1/ads/019f6751-956b-7a5e-b9d8-0ef3c1dcd66d/impression responded 200 in 33.9323 ms
2026-07-29 11:04:28.211 -07:00 [INF] HTTP GET /api/v1/feed/home responded 200 in 64.0688 ms
2026-07-29 11:04:30.159 -07:00 [INF] HTTP OPTIONS /api/v1/ads responded 204 in 0.1922 ms
2026-07-29 11:04:30.159 -07:00 [INF] HTTP OPTIONS /api/v1/ads responded 204 in 0.0410 ms
2026-07-29 11:04:30.159 -07:00 [INF] HTTP OPTIONS /api/v1/ads responded 204 in 0.0234 ms
2026-07-29 11:04:30.161 -07:00 [INF] HTTP OPTIONS /api/v1/site-settings responded 204 in 0.0353 ms
2026-07-29 11:04:30.169 -07:00 [INF] HTTP GET /api/v1/ads responded 200 in 7.2317 ms
2026-07-29 11:04:30.170 -07:00 [INF] HTTP GET /api/v1/ads responded 200 in 8.0174 ms
2026-07-29 11:04:30.202 -07:00 [INF] HTTP OPTIONS /api/v1/feed/home responded 204 in 0.0431 ms
2026-07-29 11:04:30.204 -07:00 [INF] HTTP GET /api/v1/site-settings responded 200 in 40.3275 ms
2026-07-29 11:04:30.210 -07:00 [INF] HTTP GET /api/v1/ads responded 200 in 30.5400 ms
2026-07-29 11:04:30.235 -07:00 [INF] HTTP OPTIONS /api/v1/ads/019f6751-956b-7a5e-b9d8-0ef3c1dcd66d/impression responded 204 in 0.0621 ms
2026-07-29 11:04:30.247 -07:00 [INF] HTTP OPTIONS /api/v1/ads/019f6751-9588-7e1c-b138-098134567940/impression responded 204 in 0.0309 ms
2026-07-29 11:04:30.275 -07:00 [INF] HTTP OPTIONS /api/v1/ads/019f6751-958a-7a15-a575-98aaa0e56c88/impression responded 204 in 0.0147 ms
2026-07-29 11:04:30.291 -07:00 [INF] HTTP GET /api/v1/feed/home responded 200 in 87.4857 ms
2026-07-29 11:04:30.324 -07:00 [INF] HTTP POST /api/v1/ads/019f6751-958a-7a15-a575-98aaa0e56c88/impression responded 200 in 46.0681 ms
2026-07-29 11:04:30.327 -07:00 [INF] HTTP POST /api/v1/ads/019f6751-9588-7e1c-b138-098134567940/impression responded 200 in 52.7813 ms
2026-07-29 11:04:30.327 -07:00 [INF] HTTP POST /api/v1/ads/019f6751-956b-7a5e-b9d8-0ef3c1dcd66d/impression responded 200 in 79.4404 ms
2026-07-29 11:04:37.935 -07:00 [INF] HTTP OPTIONS /api/v1/admin/site-settings responded 204 in 0.3437 ms
2026-07-29 11:04:38.069 -07:00 [INF] HTTP POST /api/v1/admin/site-settings responded 200 in 131.5730 ms
2026-07-29 11:04:38.085 -07:00 [INF] HTTP GET /api/v1/admin/site-settings responded 200 in 13.9700 ms
2026-07-29 11:04:41.618 -07:00 [INF] HTTP OPTIONS /api/v1/ads responded 204 in 0.0295 ms
2026-07-29 11:04:41.618 -07:00 [INF] HTTP OPTIONS /api/v1/ads responded 204 in 0.0295 ms
2026-07-29 11:04:41.619 -07:00 [INF] HTTP OPTIONS /api/v1/ads responded 204 in 0.0106 ms
2026-07-29 11:04:41.626 -07:00 [INF] HTTP OPTIONS /api/v1/site-settings responded 204 in 0.0309 ms
2026-07-29 11:04:41.653 -07:00 [INF] HTTP GET /api/v1/ads responded 200 in 33.1486 ms
2026-07-29 11:04:41.657 -07:00 [INF] HTTP GET /api/v1/ads responded 200 in 31.4388 ms
2026-07-29 11:04:41.664 -07:00 [INF] HTTP GET /api/v1/ads responded 200 in 44.3418 ms
2026-07-29 11:04:41.690 -07:00 [INF] HTTP GET /api/v1/site-settings responded 200 in 60.5379 ms
2026-07-29 11:04:41.711 -07:00 [INF] HTTP OPTIONS /api/v1/ads/019f6751-956b-7a5e-b9d8-0ef3c1dcd66d/impression responded 204 in 0.0377 ms
2026-07-29 11:04:41.712 -07:00 [INF] HTTP OPTIONS /api/v1/ads/019f6751-9588-7e1c-b138-098134567940/impression responded 204 in 0.0102 ms
2026-07-29 11:04:41.712 -07:00 [INF] HTTP OPTIONS /api/v1/ads/019f6751-958a-7a15-a575-98aaa0e56c88/impression responded 204 in 0.0033 ms
2026-07-29 11:04:41.745 -07:00 [INF] HTTP POST /api/v1/ads/019f6751-9588-7e1c-b138-098134567940/impression responded 200 in 15.6810 ms
2026-07-29 11:04:41.752 -07:00 [INF] HTTP POST /api/v1/ads/019f6751-958a-7a15-a575-98aaa0e56c88/impression responded 200 in 22.6340 ms
2026-07-29 11:04:41.759 -07:00 [INF] HTTP POST /api/v1/ads/019f6751-956b-7a5e-b9d8-0ef3c1dcd66d/impression responded 200 in 32.9205 ms
2026-07-29 11:04:41.768 -07:00 [INF] HTTP OPTIONS /api/v1/feed/home responded 204 in 0.0371 ms
2026-07-29 11:04:41.800 -07:00 [INF] HTTP GET /api/v1/feed/home responded 200 in 29.9133 ms
2026-07-29 11:04:45.909 -07:00 [INF] HTTP OPTIONS /api/v1/ads/019f6751-9589-76dd-a1a8-4c3bf2cfc076/impression responded 204 in 0.8973 ms
2026-07-29 11:04:45.909 -07:00 [INF] HTTP OPTIONS /api/v1/ads/019f6751-958b-7d8a-a9a6-0f853bb35f0f/impression responded 204 in 0.9035 ms
2026-07-29 11:04:45.929 -07:00 [INF] HTTP POST /api/v1/ads/019f6751-958b-7d8a-a9a6-0f853bb35f0f/impression responded 200 in 14.5817 ms
2026-07-29 11:04:45.930 -07:00 [INF] HTTP POST /api/v1/ads/019f6751-9589-76dd-a1a8-4c3bf2cfc076/impression responded 200 in 15.3712 ms
2026-07-29 11:04:47.356 -07:00 [INF] HTTP OPTIONS /api/v1/ads/019f6751-9586-79ca-a9e4-063106266335/impression responded 204 in 0.0300 ms
2026-07-29 11:04:47.361 -07:00 [INF] HTTP POST /api/v1/ads/019f6751-9586-79ca-a9e4-063106266335/impression responded 200 in 3.9218 ms
2026-07-29 11:04:50.105 -07:00 [INF] HTTP OPTIONS /api/v1/ads/019f6751-9588-7e1c-b138-098134567940/impression responded 204 in 0.0321 ms
2026-07-29 11:04:50.105 -07:00 [INF] HTTP OPTIONS /api/v1/ads/019f6751-958a-7a15-a575-98aaa0e56c88/impression responded 204 in 0.4912 ms
2026-07-29 11:04:50.113 -07:00 [INF] HTTP POST /api/v1/ads/019f6751-9588-7e1c-b138-098134567940/impression responded 200 in 6.9383 ms
2026-07-29 11:04:50.113 -07:00 [INF] HTTP POST /api/v1/ads/019f6751-958a-7a15-a575-98aaa0e56c88/impression responded 200 in 6.8120 ms
2026-07-29 11:04:54.310 -07:00 [INF] HTTP OPTIONS /api/v1/ads/019f6751-9589-76dd-a1a8-4c3bf2cfc076/impression responded 204 in 0.3220 ms
2026-07-29 11:04:54.311 -07:00 [INF] HTTP OPTIONS /api/v1/ads/019f6751-958b-7d8a-a9a6-0f853bb35f0f/impression responded 204 in 0.0191 ms
2026-07-29 11:04:54.320 -07:00 [INF] HTTP POST /api/v1/ads/019f6751-958b-7d8a-a9a6-0f853bb35f0f/impression responded 200 in 4.2669 ms
2026-07-29 11:04:54.321 -07:00 [INF] HTTP POST /api/v1/ads/019f6751-9589-76dd-a1a8-4c3bf2cfc076/impression responded 200 in 4.5730 ms
2026-07-29 11:04:58.508 -07:00 [INF] HTTP OPTIONS /api/v1/ads/019f6751-9588-7e1c-b138-098134567940/impression responded 204 in 0.5473 ms
2026-07-29 11:04:58.508 -07:00 [INF] HTTP OPTIONS /api/v1/ads/019f6751-958a-7a15-a575-98aaa0e56c88/impression responded 204 in 0.5446 ms
2026-07-29 11:04:58.534 -07:00 [INF] HTTP POST /api/v1/ads/019f6751-958a-7a15-a575-98aaa0e56c88/impression responded 200 in 24.3711 ms
2026-07-29 11:04:58.535 -07:00 [INF] HTTP POST /api/v1/ads/019f6751-9588-7e1c-b138-098134567940/impression responded 200 in 24.4866 ms
2026-07-29 11:05:02.084 -07:00 [INF] HTTP OPTIONS /api/v1/ads/019f6751-956b-7a5e-b9d8-0ef3c1dcd66d/impression responded 204 in 0.0410 ms
2026-07-29 11:05:02.119 -07:00 [INF] HTTP POST /api/v1/ads/019f6751-956b-7a5e-b9d8-0ef3c1dcd66d/impression responded 200 in 29.3530 ms
2026-07-29 11:05:02.715 -07:00 [INF] HTTP OPTIONS /api/v1/ads/019f6751-9589-76dd-a1a8-4c3bf2cfc076/impression responded 204 in 0.0315 ms
2026-07-29 11:05:02.715 -07:00 [INF] HTTP OPTIONS /api/v1/ads/019f6751-958b-7d8a-a9a6-0f853bb35f0f/impression responded 204 in 0.0463 ms
2026-07-29 11:05:02.733 -07:00 [INF] HTTP POST /api/v1/ads/019f6751-9589-76dd-a1a8-4c3bf2cfc076/impression responded 200 in 15.2471 ms
2026-07-29 11:05:02.736 -07:00 [INF] HTTP POST /api/v1/ads/019f6751-958b-7d8a-a9a6-0f853bb35f0f/impression responded 200 in 17.6198 ms
2026-07-29 11:05:06.294 -07:00 [INF] HTTP OPTIONS /api/v1/ads/019f6751-9586-79ca-a9e4-063106266335/impression responded 204 in 0.4375 ms
2026-07-29 11:05:06.315 -07:00 [INF] HTTP POST /api/v1/ads/019f6751-9586-79ca-a9e4-063106266335/impression responded 200 in 19.7197 ms
2026-07-29 11:05:06.904 -07:00 [INF] HTTP OPTIONS /api/v1/ads/019f6751-958a-7a15-a575-98aaa0e56c88/impression responded 204 in 0.0504 ms
2026-07-29 11:05:06.904 -07:00 [INF] HTTP OPTIONS /api/v1/ads/019f6751-9588-7e1c-b138-098134567940/impression responded 204 in 0.0505 ms
2026-07-29 11:05:06.914 -07:00 [INF] HTTP POST /api/v1/ads/019f6751-9588-7e1c-b138-098134567940/impression responded 200 in 5.5915 ms
2026-07-29 11:05:06.916 -07:00 [INF] HTTP POST /api/v1/ads/019f6751-958a-7a15-a575-98aaa0e56c88/impression responded 200 in 6.9182 ms
2026-07-29 11:05:27.311 -07:00 [INF] HTTP OPTIONS /api/v1/ads/019f6751-956b-7a5e-b9d8-0ef3c1dcd66d/impression responded 204 in 1.8254 ms
2026-07-29 11:05:27.363 -07:00 [INF] HTTP POST /api/v1/ads/019f6751-956b-7a5e-b9d8-0ef3c1dcd66d/impression responded 200 in 50.3134 ms
2026-07-29 11:05:27.909 -07:00 [INF] HTTP OPTIONS /api/v1/ads/019f6751-9589-76dd-a1a8-4c3bf2cfc076/impression responded 204 in 0.0331 ms
2026-07-29 11:05:27.909 -07:00 [INF] HTTP OPTIONS /api/v1/ads/019f6751-958b-7d8a-a9a6-0f853bb35f0f/impression responded 204 in 0.0450 ms
2026-07-29 11:05:27.913 -07:00 [INF] HTTP POST /api/v1/ads/019f6751-958b-7d8a-a9a6-0f853bb35f0f/impression responded 200 in 3.5356 ms
2026-07-29 11:05:27.922 -07:00 [INF] HTTP POST /api/v1/ads/019f6751-9589-76dd-a1a8-4c3bf2cfc076/impression responded 200 in 12.5659 ms
2026-07-29 11:05:30.346 -07:00 [INF] HTTP OPTIONS /api/v1/admin/site-settings responded 204 in 0.3357 ms
2026-07-29 11:05:30.511 -07:00 [INF] HTTP POST /api/v1/admin/site-settings responded 200 in 164.0547 ms
2026-07-29 11:05:30.547 -07:00 [INF] HTTP GET /api/v1/admin/site-settings responded 200 in 31.3710 ms
2026-07-29 11:05:35.615 -07:00 [INF] HTTP OPTIONS /api/v1/ads/019f6751-9586-79ca-a9e4-063106266335/impression responded 204 in 0.5389 ms
2026-07-29 11:05:35.615 -07:00 [INF] HTTP OPTIONS /api/v1/ads/019f6751-958a-7a15-a575-98aaa0e56c88/impression responded 204 in 0.6093 ms
2026-07-29 11:05:35.615 -07:00 [INF] HTTP OPTIONS /api/v1/ads/019f6751-9588-7e1c-b138-098134567940/impression responded 204 in 0.6360 ms
2026-07-29 11:05:35.645 -07:00 [INF] HTTP POST /api/v1/ads/019f6751-9588-7e1c-b138-098134567940/impression responded 200 in 27.9817 ms
2026-07-29 11:05:35.649 -07:00 [INF] HTTP POST /api/v1/ads/019f6751-958a-7a15-a575-98aaa0e56c88/impression responded 200 in 31.8933 ms
2026-07-29 11:05:35.654 -07:00 [INF] HTTP POST /api/v1/ads/019f6751-9586-79ca-a9e4-063106266335/impression responded 200 in 35.9743 ms
2026-07-29 11:05:39.800 -07:00 [INF] HTTP OPTIONS /api/v1/ads/019f6751-956b-7a5e-b9d8-0ef3c1dcd66d/impression responded 204 in 0.0319 ms
2026-07-29 11:05:39.815 -07:00 [INF] HTTP POST /api/v1/ads/019f6751-956b-7a5e-b9d8-0ef3c1dcd66d/impression responded 200 in 14.2870 ms
2026-07-29 11:05:44.019 -07:00 [INF] HTTP OPTIONS /api/v1/ads/019f6751-9588-7e1c-b138-098134567940/impression responded 204 in 3.3431 ms
2026-07-29 11:05:44.019 -07:00 [INF] HTTP OPTIONS /api/v1/ads/019f6751-958a-7a15-a575-98aaa0e56c88/impression responded 204 in 3.0039 ms
2026-07-29 11:05:44.019 -07:00 [INF] HTTP OPTIONS /api/v1/ads/019f6751-9586-79ca-a9e4-063106266335/impression responded 204 in 0.1183 ms
2026-07-29 11:05:44.041 -07:00 [INF] HTTP POST /api/v1/ads/019f6751-958a-7a15-a575-98aaa0e56c88/impression responded 200 in 19.7909 ms
2026-07-29 11:05:44.042 -07:00 [INF] HTTP POST /api/v1/ads/019f6751-9588-7e1c-b138-098134567940/impression responded 200 in 20.5117 ms
2026-07-29 11:05:44.042 -07:00 [INF] HTTP POST /api/v1/ads/019f6751-9586-79ca-a9e4-063106266335/impression responded 200 in 18.3019 ms
2026-07-29 11:05:56.618 -07:00 [INF] HTTP OPTIONS /api/v1/ads/019f6751-958b-7d8a-a9a6-0f853bb35f0f/impression responded 204 in 1.1005 ms
2026-07-29 11:05:56.669 -07:00 [INF] HTTP POST /api/v1/ads/019f6751-958b-7d8a-a9a6-0f853bb35f0f/impression responded 200 in 42.0914 ms
2026-07-29 11:06:17.059 -07:00 [INF] HTTP OPTIONS /api/v1/ads/019f6751-9586-79ca-a9e4-063106266335/impression responded 204 in 0.5636 ms
2026-07-29 11:06:17.059 -07:00 [INF] HTTP OPTIONS /api/v1/ads/019f6751-9588-7e1c-b138-098134567940/impression responded 204 in 0.5626 ms
2026-07-29 11:06:17.059 -07:00 [INF] HTTP OPTIONS /api/v1/ads/019f6751-958a-7a15-a575-98aaa0e56c88/impression responded 204 in 0.5627 ms
2026-07-29 11:06:17.104 -07:00 [INF] HTTP POST /api/v1/ads/019f6751-958a-7a15-a575-98aaa0e56c88/impression responded 200 in 40.2394 ms
2026-07-29 11:06:17.104 -07:00 [INF] HTTP POST /api/v1/ads/019f6751-9588-7e1c-b138-098134567940/impression responded 200 in 40.3221 ms
2026-07-29 11:06:17.104 -07:00 [INF] HTTP POST /api/v1/ads/019f6751-9586-79ca-a9e4-063106266335/impression responded 200 in 40.4463 ms
2026-07-29 11:06:29.668 -07:00 [INF] HTTP OPTIONS /api/v1/ads/019f6751-956b-7a5e-b9d8-0ef3c1dcd66d/impression responded 204 in 4.7246 ms
2026-07-29 11:06:29.668 -07:00 [INF] HTTP OPTIONS /api/v1/ads/019f6751-9589-76dd-a1a8-4c3bf2cfc076/impression responded 204 in 4.7231 ms
2026-07-29 11:06:29.749 -07:00 [INF] HTTP POST /api/v1/ads/019f6751-956b-7a5e-b9d8-0ef3c1dcd66d/impression responded 200 in 75.4528 ms
2026-07-29 11:06:29.749 -07:00 [INF] HTTP POST /api/v1/ads/019f6751-9589-76dd-a1a8-4c3bf2cfc076/impression responded 200 in 74.6833 ms
2026-07-29 11:06:55.776 -07:00 [INF] HTTP OPTIONS /api/v1/admin/site-settings responded 204 in 0.5660 ms
2026-07-29 11:06:55.943 -07:00 [INF] HTTP POST /api/v1/admin/site-settings responded 200 in 163.5854 ms
2026-07-29 11:06:55.953 -07:00 [INF] HTTP GET /api/v1/admin/site-settings responded 200 in 8.2604 ms
2026-07-29 11:07:06.628 -07:00 [INF] HTTP OPTIONS /api/v1/admin/site-settings responded 204 in 2.4814 ms
2026-07-29 11:07:06.823 -07:00 [INF] HTTP POST /api/v1/admin/site-settings responded 200 in 192.2521 ms
2026-07-29 11:07:06.839 -07:00 [INF] HTTP GET /api/v1/admin/site-settings responded 200 in 13.9300 ms
2026-07-29 11:07:18.510 -07:00 [INF] HTTP OPTIONS /api/v1/ads/019f6751-9586-79ca-a9e4-063106266335/impression responded 204 in 0.4723 ms
2026-07-29 11:07:18.510 -07:00 [INF] HTTP OPTIONS /api/v1/ads/019f6751-958a-7a15-a575-98aaa0e56c88/impression responded 204 in 0.8941 ms
2026-07-29 11:07:18.510 -07:00 [INF] HTTP OPTIONS /api/v1/ads/019f6751-9588-7e1c-b138-098134567940/impression responded 204 in 1.4721 ms
2026-07-29 11:07:18.574 -07:00 [INF] HTTP POST /api/v1/ads/019f6751-9586-79ca-a9e4-063106266335/impression responded 200 in 58.3685 ms
2026-07-29 11:07:18.574 -07:00 [INF] HTTP POST /api/v1/ads/019f6751-958a-7a15-a575-98aaa0e56c88/impression responded 200 in 58.8687 ms
2026-07-29 11:07:18.575 -07:00 [INF] HTTP POST /api/v1/ads/019f6751-9588-7e1c-b138-098134567940/impression responded 200 in 59.6292 ms
2026-07-29 11:07:22.715 -07:00 [INF] HTTP OPTIONS /api/v1/ads/019f6751-958b-7d8a-a9a6-0f853bb35f0f/impression responded 204 in 0.1259 ms
2026-07-29 11:07:22.715 -07:00 [INF] HTTP OPTIONS /api/v1/ads/019f6751-9589-76dd-a1a8-4c3bf2cfc076/impression responded 204 in 0.0087 ms
2026-07-29 11:07:22.715 -07:00 [INF] HTTP OPTIONS /api/v1/ads/019f6751-956b-7a5e-b9d8-0ef3c1dcd66d/impression responded 204 in 0.0685 ms
2026-07-29 11:07:22.747 -07:00 [INF] HTTP POST /api/v1/ads/019f6751-956b-7a5e-b9d8-0ef3c1dcd66d/impression responded 200 in 29.3468 ms
2026-07-29 11:07:22.755 -07:00 [INF] HTTP POST /api/v1/ads/019f6751-9589-76dd-a1a8-4c3bf2cfc076/impression responded 200 in 35.7000 ms
2026-07-29 11:07:22.756 -07:00 [INF] HTTP POST /api/v1/ads/019f6751-958b-7d8a-a9a6-0f853bb35f0f/impression responded 200 in 38.1263 ms
2026-07-29 11:07:52.106 -07:00 [INF] HTTP OPTIONS /api/v1/ads/019f6751-9588-7e1c-b138-098134567940/impression responded 204 in 2.8486 ms
2026-07-29 11:07:52.106 -07:00 [INF] HTTP OPTIONS /api/v1/ads/019f6751-9586-79ca-a9e4-063106266335/impression responded 204 in 2.8662 ms
2026-07-29 11:07:52.180 -07:00 [INF] HTTP POST /api/v1/ads/019f6751-9586-79ca-a9e4-063106266335/impression responded 200 in 64.2242 ms
2026-07-29 11:07:52.181 -07:00 [INF] HTTP POST /api/v1/ads/019f6751-9588-7e1c-b138-098134567940/impression responded 200 in 65.7623 ms
2026-07-29 11:10:13.861 -07:00 [INF] HTTP GET /api/v1/site-settings responded 200 in 224.6468 ms
2026-07-29 11:10:13.861 -07:00 [INF] HTTP GET /api/v1/site-settings responded 200 in 224.6126 ms
2026-07-29 11:10:13.862 -07:00 [INF] HTTP GET /api/v1/site-settings responded 200 in 224.9551 ms
2026-07-29 11:10:13.861 -07:00 [INF] HTTP GET /api/v1/site-settings responded 200 in 224.7693 ms
2026-07-29 11:10:14.145 -07:00 [INF] HTTP GET /api/v1/site-settings responded 200 in 10.5338 ms
2026-07-29 11:10:14.719 -07:00 [INF] HTTP GET /api/v1/listings/019f6751-973b-716b-af23-e9aafc8f9693 responded 200 in 583.1515 ms
2026-07-29 11:10:14.935 -07:00 [INF] HTTP GET /api/v1/listings responded 200 in 149.8831 ms
2026-07-29 11:10:16.998 -07:00 [INF] HTTP OPTIONS /api/v1/ads responded 204 in 0.2928 ms
2026-07-29 11:10:16.998 -07:00 [INF] HTTP OPTIONS /api/v1/ads responded 204 in 0.0135 ms
2026-07-29 11:10:16.998 -07:00 [INF] HTTP OPTIONS /api/v1/ads responded 204 in 0.0157 ms
2026-07-29 11:10:17.001 -07:00 [INF] HTTP OPTIONS /api/v1/site-settings responded 204 in 2.0495 ms
2026-07-29 11:10:17.363 -07:00 [INF] HTTP OPTIONS /api/v1/feed/home responded 204 in 0.0559 ms
2026-07-29 11:10:17.403 -07:00 [INF] HTTP GET /api/v1/ads responded 200 in 387.4288 ms
2026-07-29 11:10:17.407 -07:00 [INF] HTTP GET /api/v1/ads responded 200 in 390.4200 ms
2026-07-29 11:10:17.413 -07:00 [INF] HTTP GET /api/v1/ads responded 200 in 390.6131 ms
2026-07-29 11:10:17.472 -07:00 [INF] HTTP OPTIONS /api/v1/ads/019f6751-9588-7e1c-b138-098134567940/impression responded 204 in 0.0358 ms
2026-07-29 11:10:17.485 -07:00 [INF] HTTP GET /api/v1/site-settings responded 200 in 459.7226 ms
2026-07-29 11:10:17.491 -07:00 [INF] HTTP OPTIONS /api/v1/ads/019f6751-958a-7a15-a575-98aaa0e56c88/impression responded 204 in 10.8613 ms
2026-07-29 11:10:17.492 -07:00 [INF] HTTP OPTIONS /api/v1/ads/019f6751-956b-7a5e-b9d8-0ef3c1dcd66d/impression responded 204 in 18.9468 ms
2026-07-29 11:10:17.570 -07:00 [INF] HTTP POST /api/v1/ads/019f6751-958a-7a15-a575-98aaa0e56c88/impression responded 200 in 40.4699 ms
2026-07-29 11:10:17.570 -07:00 [INF] HTTP POST /api/v1/ads/019f6751-9588-7e1c-b138-098134567940/impression responded 200 in 65.4820 ms
2026-07-29 11:10:17.572 -07:00 [INF] HTTP POST /api/v1/ads/019f6751-956b-7a5e-b9d8-0ef3c1dcd66d/impression responded 200 in 54.2723 ms
2026-07-29 11:10:17.580 -07:00 [INF] HTTP GET /api/v1/feed/home responded 200 in 179.5131 ms
2026-07-29 11:10:22.480 -07:00 [INF] HTTP OPTIONS /api/v1/ads/019f6751-9589-76dd-a1a8-4c3bf2cfc076/impression responded 204 in 0.9250 ms
2026-07-29 11:10:22.480 -07:00 [INF] HTTP OPTIONS /api/v1/ads/019f6751-958b-7d8a-a9a6-0f853bb35f0f/impression responded 204 in 0.9179 ms
2026-07-29 11:10:22.480 -07:00 [INF] HTTP OPTIONS /api/v1/ads/019f6751-9586-79ca-a9e4-063106266335/impression responded 204 in 0.8446 ms
2026-07-29 11:10:22.577 -07:00 [INF] HTTP POST /api/v1/ads/019f6751-9589-76dd-a1a8-4c3bf2cfc076/impression responded 200 in 91.8978 ms
2026-07-29 11:10:22.577 -07:00 [INF] HTTP POST /api/v1/ads/019f6751-9586-79ca-a9e4-063106266335/impression responded 200 in 91.8323 ms
2026-07-29 11:10:22.577 -07:00 [INF] HTTP POST /api/v1/ads/019f6751-958b-7d8a-a9a6-0f853bb35f0f/impression responded 200 in 91.9830 ms
2026-07-29 11:10:26.541 -07:00 [INF] HTTP OPTIONS /api/v1/ads/019f6751-956b-7a5e-b9d8-0ef3c1dcd66d/impression responded 204 in 0.6794 ms
2026-07-29 11:10:26.541 -07:00 [INF] HTTP OPTIONS /api/v1/ads/019f6751-9588-7e1c-b138-098134567940/impression responded 204 in 0.6787 ms
2026-07-29 11:10:26.541 -07:00 [INF] HTTP OPTIONS /api/v1/ads/019f6751-958a-7a15-a575-98aaa0e56c88/impression responded 204 in 0.6758 ms
2026-07-29 11:10:26.567 -07:00 [INF] HTTP POST /api/v1/ads/019f6751-958a-7a15-a575-98aaa0e56c88/impression responded 200 in 23.8648 ms
2026-07-29 11:10:26.567 -07:00 [INF] HTTP POST /api/v1/ads/019f6751-9588-7e1c-b138-098134567940/impression responded 200 in 23.0405 ms
2026-07-29 11:10:26.568 -07:00 [INF] HTTP POST /api/v1/ads/019f6751-956b-7a5e-b9d8-0ef3c1dcd66d/impression responded 200 in 24.2615 ms
2026-07-29 11:10:30.477 -07:00 [INF] HTTP OPTIONS /api/v1/ads/019f6751-9586-79ca-a9e4-063106266335/impression responded 204 in 0.0330 ms
2026-07-29 11:10:30.477 -07:00 [INF] HTTP OPTIONS /api/v1/ads/019f6751-9589-76dd-a1a8-4c3bf2cfc076/impression responded 204 in 0.0267 ms
2026-07-29 11:10:30.477 -07:00 [INF] HTTP OPTIONS /api/v1/ads/019f6751-958b-7d8a-a9a6-0f853bb35f0f/impression responded 204 in 0.0301 ms
2026-07-29 11:10:30.483 -07:00 [INF] HTTP POST /api/v1/ads/019f6751-958b-7d8a-a9a6-0f853bb35f0f/impression responded 200 in 4.2208 ms
2026-07-29 11:10:30.484 -07:00 [INF] HTTP POST /api/v1/ads/019f6751-9589-76dd-a1a8-4c3bf2cfc076/impression responded 200 in 5.2415 ms
2026-07-29 11:10:30.484 -07:00 [INF] HTTP POST /api/v1/ads/019f6751-9586-79ca-a9e4-063106266335/impression responded 200 in 5.3367 ms
2026-07-29 11:10:34.477 -07:00 [INF] HTTP OPTIONS /api/v1/ads/019f6751-956b-7a5e-b9d8-0ef3c1dcd66d/impression responded 204 in 0.6120 ms
2026-07-29 11:10:34.477 -07:00 [INF] HTTP OPTIONS /api/v1/ads/019f6751-9588-7e1c-b138-098134567940/impression responded 204 in 0.5978 ms
2026-07-29 11:10:34.477 -07:00 [INF] HTTP OPTIONS /api/v1/ads/019f6751-958a-7a15-a575-98aaa0e56c88/impression responded 204 in 0.6123 ms
2026-07-29 11:10:34.497 -07:00 [INF] HTTP POST /api/v1/ads/019f6751-956b-7a5e-b9d8-0ef3c1dcd66d/impression responded 200 in 16.2678 ms
2026-07-29 11:10:34.497 -07:00 [INF] HTTP POST /api/v1/ads/019f6751-9588-7e1c-b138-098134567940/impression responded 200 in 16.3228 ms
2026-07-29 11:10:34.498 -07:00 [INF] HTTP POST /api/v1/ads/019f6751-958a-7a15-a575-98aaa0e56c88/impression responded 200 in 17.6818 ms
2026-07-29 11:10:39.479 -07:00 [INF] HTTP OPTIONS /api/v1/ads/019f6751-9586-79ca-a9e4-063106266335/impression responded 204 in 0.0361 ms
2026-07-29 11:10:39.480 -07:00 [INF] HTTP OPTIONS /api/v1/ads/019f6751-958b-7d8a-a9a6-0f853bb35f0f/impression responded 204 in 0.0523 ms
2026-07-29 11:10:39.480 -07:00 [INF] HTTP OPTIONS /api/v1/ads/019f6751-9589-76dd-a1a8-4c3bf2cfc076/impression responded 204 in 0.0153 ms
2026-07-29 11:10:39.488 -07:00 [INF] HTTP POST /api/v1/ads/019f6751-958b-7d8a-a9a6-0f853bb35f0f/impression responded 200 in 4.4883 ms
2026-07-29 11:10:39.490 -07:00 [INF] HTTP POST /api/v1/ads/019f6751-9589-76dd-a1a8-4c3bf2cfc076/impression responded 200 in 5.7120 ms
2026-07-29 11:10:39.490 -07:00 [INF] HTTP POST /api/v1/ads/019f6751-9586-79ca-a9e4-063106266335/impression responded 200 in 6.1508 ms
2026-07-29 11:10:43.484 -07:00 [INF] HTTP OPTIONS /api/v1/ads/019f6751-956b-7a5e-b9d8-0ef3c1dcd66d/impression responded 204 in 0.6754 ms
2026-07-29 11:10:43.484 -07:00 [INF] HTTP OPTIONS /api/v1/ads/019f6751-958a-7a15-a575-98aaa0e56c88/impression responded 204 in 0.6749 ms
2026-07-29 11:10:43.484 -07:00 [INF] HTTP OPTIONS /api/v1/ads/019f6751-9588-7e1c-b138-098134567940/impression responded 204 in 0.6964 ms
2026-07-29 11:10:43.515 -07:00 [INF] HTTP POST /api/v1/ads/019f6751-958a-7a15-a575-98aaa0e56c88/impression responded 200 in 28.5204 ms
2026-07-29 11:10:43.515 -07:00 [INF] HTTP POST /api/v1/ads/019f6751-956b-7a5e-b9d8-0ef3c1dcd66d/impression responded 200 in 28.5213 ms
2026-07-29 11:10:43.515 -07:00 [INF] HTTP POST /api/v1/ads/019f6751-9588-7e1c-b138-098134567940/impression responded 200 in 28.5352 ms
2026-07-29 11:10:47.474 -07:00 [INF] HTTP OPTIONS /api/v1/ads/019f6751-9586-79ca-a9e4-063106266335/impression responded 204 in 0.5280 ms
2026-07-29 11:10:47.474 -07:00 [INF] HTTP OPTIONS /api/v1/ads/019f6751-9589-76dd-a1a8-4c3bf2cfc076/impression responded 204 in 0.0563 ms
2026-07-29 11:10:47.474 -07:00 [INF] HTTP OPTIONS /api/v1/ads/019f6751-958b-7d8a-a9a6-0f853bb35f0f/impression responded 204 in 0.0492 ms
2026-07-29 11:10:47.488 -07:00 [INF] HTTP POST /api/v1/ads/019f6751-9589-76dd-a1a8-4c3bf2cfc076/impression responded 200 in 11.1122 ms
2026-07-29 11:10:47.488 -07:00 [INF] HTTP POST /api/v1/ads/019f6751-9586-79ca-a9e4-063106266335/impression responded 200 in 11.1122 ms
2026-07-29 11:10:47.490 -07:00 [INF] HTTP POST /api/v1/ads/019f6751-958b-7d8a-a9a6-0f853bb35f0f/impression responded 200 in 13.2040 ms
2026-07-29 11:10:51.489 -07:00 [INF] HTTP OPTIONS /api/v1/ads/019f6751-958a-7a15-a575-98aaa0e56c88/impression responded 204 in 0.0343 ms
2026-07-29 11:10:51.489 -07:00 [INF] HTTP OPTIONS /api/v1/ads/019f6751-956b-7a5e-b9d8-0ef3c1dcd66d/impression responded 204 in 0.0628 ms
2026-07-29 11:10:51.490 -07:00 [INF] HTTP OPTIONS /api/v1/ads/019f6751-9588-7e1c-b138-098134567940/impression responded 204 in 0.1294 ms
2026-07-29 11:10:51.587 -07:00 [INF] HTTP POST /api/v1/ads/019f6751-956b-7a5e-b9d8-0ef3c1dcd66d/impression responded 200 in 63.0046 ms
2026-07-29 11:10:51.589 -07:00 [INF] HTTP POST /api/v1/ads/019f6751-958a-7a15-a575-98aaa0e56c88/impression responded 200 in 93.8678 ms
2026-07-29 11:10:51.589 -07:00 [INF] HTTP POST /api/v1/ads/019f6751-9588-7e1c-b138-098134567940/impression responded 200 in 58.6911 ms
2026-07-29 11:10:55.482 -07:00 [INF] HTTP OPTIONS /api/v1/ads/019f6751-9589-76dd-a1a8-4c3bf2cfc076/impression responded 204 in 2.2274 ms
2026-07-29 11:10:55.481 -07:00 [INF] HTTP OPTIONS /api/v1/ads/019f6751-9586-79ca-a9e4-063106266335/impression responded 204 in 1.4835 ms
2026-07-29 11:10:55.481 -07:00 [INF] HTTP OPTIONS /api/v1/ads/019f6751-958b-7d8a-a9a6-0f853bb35f0f/impression responded 204 in 2.3263 ms
2026-07-29 11:10:55.528 -07:00 [INF] HTTP POST /api/v1/ads/019f6751-9586-79ca-a9e4-063106266335/impression responded 200 in 41.3716 ms
2026-07-29 11:10:55.528 -07:00 [INF] HTTP POST /api/v1/ads/019f6751-9589-76dd-a1a8-4c3bf2cfc076/impression responded 200 in 41.7716 ms
2026-07-29 11:10:55.530 -07:00 [INF] HTTP POST /api/v1/ads/019f6751-958b-7d8a-a9a6-0f853bb35f0f/impression responded 200 in 43.9606 ms
2026-07-29 11:11:00.484 -07:00 [INF] HTTP OPTIONS /api/v1/ads/019f6751-9588-7e1c-b138-098134567940/impression responded 204 in 0.0338 ms
2026-07-29 11:11:00.484 -07:00 [INF] HTTP OPTIONS /api/v1/ads/019f6751-956b-7a5e-b9d8-0ef3c1dcd66d/impression responded 204 in 0.0135 ms
2026-07-29 11:11:00.484 -07:00 [INF] HTTP OPTIONS /api/v1/ads/019f6751-958a-7a15-a575-98aaa0e56c88/impression responded 204 in 0.0599 ms
2026-07-29 11:11:00.496 -07:00 [INF] HTTP POST /api/v1/ads/019f6751-9588-7e1c-b138-098134567940/impression responded 200 in 10.7930 ms
2026-07-29 11:11:00.496 -07:00 [INF] HTTP POST /api/v1/ads/019f6751-958a-7a15-a575-98aaa0e56c88/impression responded 200 in 10.9465 ms
2026-07-29 11:11:00.497 -07:00 [INF] HTTP POST /api/v1/ads/019f6751-956b-7a5e-b9d8-0ef3c1dcd66d/impression responded 200 in 12.1910 ms
2026-07-29 11:11:04.475 -07:00 [INF] HTTP OPTIONS /api/v1/ads/019f6751-9589-76dd-a1a8-4c3bf2cfc076/impression responded 204 in 0.3361 ms
2026-07-29 11:11:04.475 -07:00 [INF] HTTP OPTIONS /api/v1/ads/019f6751-958b-7d8a-a9a6-0f853bb35f0f/impression responded 204 in 0.3330 ms
2026-07-29 11:11:04.475 -07:00 [INF] HTTP OPTIONS /api/v1/ads/019f6751-9586-79ca-a9e4-063106266335/impression responded 204 in 0.3330 ms
2026-07-29 11:11:04.497 -07:00 [INF] HTTP POST /api/v1/ads/019f6751-9589-76dd-a1a8-4c3bf2cfc076/impression responded 200 in 19.3746 ms
2026-07-29 11:11:04.498 -07:00 [INF] HTTP POST /api/v1/ads/019f6751-9586-79ca-a9e4-063106266335/impression responded 200 in 19.6213 ms
2026-07-29 11:11:04.502 -07:00 [INF] HTTP POST /api/v1/ads/019f6751-958b-7d8a-a9a6-0f853bb35f0f/impression responded 200 in 24.2910 ms
2026-07-29 11:11:08.476 -07:00 [INF] HTTP OPTIONS /api/v1/ads/019f6751-958a-7a15-a575-98aaa0e56c88/impression responded 204 in 0.0502 ms
2026-07-29 11:11:08.476 -07:00 [INF] HTTP OPTIONS /api/v1/ads/019f6751-956b-7a5e-b9d8-0ef3c1dcd66d/impression responded 204 in 0.0501 ms
2026-07-29 11:11:08.476 -07:00 [INF] HTTP OPTIONS /api/v1/ads/019f6751-9588-7e1c-b138-098134567940/impression responded 204 in 0.0315 ms
2026-07-29 11:11:08.485 -07:00 [INF] HTTP POST /api/v1/ads/019f6751-9588-7e1c-b138-098134567940/impression responded 200 in 6.6077 ms
2026-07-29 11:11:08.485 -07:00 [INF] HTTP POST /api/v1/ads/019f6751-956b-7a5e-b9d8-0ef3c1dcd66d/impression responded 200 in 7.3162 ms
2026-07-29 11:11:08.485 -07:00 [INF] HTTP POST /api/v1/ads/019f6751-958a-7a15-a575-98aaa0e56c88/impression responded 200 in 7.8673 ms
2026-07-29 11:11:12.472 -07:00 [INF] HTTP OPTIONS /api/v1/ads/019f6751-9586-79ca-a9e4-063106266335/impression responded 204 in 0.0430 ms
2026-07-29 11:11:12.472 -07:00 [INF] HTTP OPTIONS /api/v1/ads/019f6751-958b-7d8a-a9a6-0f853bb35f0f/impression responded 204 in 0.0514 ms
2026-07-29 11:11:12.472 -07:00 [INF] HTTP OPTIONS /api/v1/ads/019f6751-9589-76dd-a1a8-4c3bf2cfc076/impression responded 204 in 0.0430 ms
2026-07-29 11:11:12.483 -07:00 [INF] HTTP POST /api/v1/ads/019f6751-958b-7d8a-a9a6-0f853bb35f0f/impression responded 200 in 7.9062 ms
2026-07-29 11:11:12.483 -07:00 [INF] HTTP POST /api/v1/ads/019f6751-9586-79ca-a9e4-063106266335/impression responded 200 in 8.6215 ms
2026-07-29 11:11:12.485 -07:00 [INF] HTTP POST /api/v1/ads/019f6751-9589-76dd-a1a8-4c3bf2cfc076/impression responded 200 in 9.7706 ms
2026-07-29 11:11:16.517 -07:00 [INF] HTTP OPTIONS /api/v1/ads/019f6751-958a-7a15-a575-98aaa0e56c88/impression responded 204 in 4.5653 ms
2026-07-29 11:11:16.517 -07:00 [INF] HTTP OPTIONS /api/v1/ads/019f6751-956b-7a5e-b9d8-0ef3c1dcd66d/impression responded 204 in 4.0465 ms
2026-07-29 11:11:16.517 -07:00 [INF] HTTP OPTIONS /api/v1/ads/019f6751-9588-7e1c-b138-098134567940/impression responded 204 in 4.2642 ms
2026-07-29 11:11:16.543 -07:00 [INF] HTTP POST /api/v1/ads/019f6751-956b-7a5e-b9d8-0ef3c1dcd66d/impression responded 200 in 24.6472 ms
2026-07-29 11:11:16.547 -07:00 [INF] HTTP POST /api/v1/ads/019f6751-958a-7a15-a575-98aaa0e56c88/impression responded 200 in 28.3711 ms
2026-07-29 11:11:16.543 -07:00 [INF] HTTP POST /api/v1/ads/019f6751-9588-7e1c-b138-098134567940/impression responded 200 in 23.5716 ms
2026-07-29 11:11:20.467 -07:00 [INF] HTTP OPTIONS /api/v1/ads/019f6751-9586-79ca-a9e4-063106266335/impression responded 204 in 0.0350 ms
2026-07-29 11:11:20.468 -07:00 [INF] HTTP OPTIONS /api/v1/ads/019f6751-9589-76dd-a1a8-4c3bf2cfc076/impression responded 204 in 0.0141 ms
2026-07-29 11:11:20.468 -07:00 [INF] HTTP OPTIONS /api/v1/ads/019f6751-958b-7d8a-a9a6-0f853bb35f0f/impression responded 204 in 0.0080 ms
2026-07-29 11:11:20.475 -07:00 [INF] HTTP POST /api/v1/ads/019f6751-9586-79ca-a9e4-063106266335/impression responded 200 in 7.2877 ms
2026-07-29 11:11:20.475 -07:00 [INF] HTTP POST /api/v1/ads/019f6751-958b-7d8a-a9a6-0f853bb35f0f/impression responded 200 in 6.8320 ms
2026-07-29 11:11:20.476 -07:00 [INF] HTTP POST /api/v1/ads/019f6751-9589-76dd-a1a8-4c3bf2cfc076/impression responded 200 in 7.8760 ms
2026-07-29 11:11:25.515 -07:00 [INF] HTTP OPTIONS /api/v1/ads/019f6751-956b-7a5e-b9d8-0ef3c1dcd66d/impression responded 204 in 0.6561 ms
2026-07-29 11:11:25.515 -07:00 [INF] HTTP OPTIONS /api/v1/ads/019f6751-9588-7e1c-b138-098134567940/impression responded 204 in 0.6765 ms
2026-07-29 11:11:25.515 -07:00 [INF] HTTP OPTIONS /api/v1/ads/019f6751-958a-7a15-a575-98aaa0e56c88/impression responded 204 in 0.6560 ms
2026-07-29 11:11:25.544 -07:00 [INF] HTTP POST /api/v1/ads/019f6751-956b-7a5e-b9d8-0ef3c1dcd66d/impression responded 200 in 27.6403 ms
2026-07-29 11:11:25.544 -07:00 [INF] HTTP POST /api/v1/ads/019f6751-9588-7e1c-b138-098134567940/impression responded 200 in 27.6757 ms
2026-07-29 11:11:25.544 -07:00 [INF] HTTP POST /api/v1/ads/019f6751-958a-7a15-a575-98aaa0e56c88/impression responded 200 in 27.6012 ms
2026-07-29 11:11:29.472 -07:00 [INF] HTTP OPTIONS /api/v1/ads/019f6751-9589-76dd-a1a8-4c3bf2cfc076/impression responded 204 in 0.0655 ms
2026-07-29 11:11:29.472 -07:00 [INF] HTTP OPTIONS /api/v1/ads/019f6751-9586-79ca-a9e4-063106266335/impression responded 204 in 0.0333 ms
2026-07-29 11:11:29.474 -07:00 [INF] HTTP OPTIONS /api/v1/ads/019f6751-958b-7d8a-a9a6-0f853bb35f0f/impression responded 204 in 0.0208 ms
2026-07-29 11:11:29.481 -07:00 [INF] HTTP POST /api/v1/ads/019f6751-9589-76dd-a1a8-4c3bf2cfc076/impression responded 200 in 7.2406 ms
2026-07-29 11:11:29.481 -07:00 [INF] HTTP POST /api/v1/ads/019f6751-9586-79ca-a9e4-063106266335/impression responded 200 in 7.1240 ms
2026-07-29 11:11:29.483 -07:00 [INF] HTTP POST /api/v1/ads/019f6751-958b-7d8a-a9a6-0f853bb35f0f/impression responded 200 in 7.6661 ms
2026-07-29 11:11:33.492 -07:00 [INF] HTTP OPTIONS /api/v1/ads/019f6751-956b-7a5e-b9d8-0ef3c1dcd66d/impression responded 204 in 1.1603 ms
2026-07-29 11:11:33.492 -07:00 [INF] HTTP OPTIONS /api/v1/ads/019f6751-9588-7e1c-b138-098134567940/impression responded 204 in 1.1589 ms
2026-07-29 11:11:33.493 -07:00 [INF] HTTP OPTIONS /api/v1/ads/019f6751-958a-7a15-a575-98aaa0e56c88/impression responded 204 in 1.1592 ms
2026-07-29 11:11:33.518 -07:00 [INF] HTTP POST /api/v1/ads/019f6751-956b-7a5e-b9d8-0ef3c1dcd66d/impression responded 200 in 23.1930 ms
2026-07-29 11:11:33.518 -07:00 [INF] HTTP POST /api/v1/ads/019f6751-9588-7e1c-b138-098134567940/impression responded 200 in 23.1780 ms
2026-07-29 11:11:33.518 -07:00 [INF] HTTP POST /api/v1/ads/019f6751-958a-7a15-a575-98aaa0e56c88/impression responded 200 in 23.1755 ms
2026-07-29 11:11:37.508 -07:00 [INF] HTTP OPTIONS /api/v1/ads/019f6751-9586-79ca-a9e4-063106266335/impression responded 204 in 0.0997 ms
2026-07-29 11:11:37.512 -07:00 [INF] HTTP OPTIONS /api/v1/ads/019f6751-958b-7d8a-a9a6-0f853bb35f0f/impression responded 204 in 0.0548 ms
2026-07-29 11:11:37.512 -07:00 [INF] HTTP OPTIONS /api/v1/ads/019f6751-9589-76dd-a1a8-4c3bf2cfc076/impression responded 204 in 0.0481 ms
2026-07-29 11:11:37.546 -07:00 [INF] HTTP POST /api/v1/ads/019f6751-958b-7d8a-a9a6-0f853bb35f0f/impression responded 200 in 31.5174 ms
2026-07-29 11:11:37.547 -07:00 [INF] HTTP POST /api/v1/ads/019f6751-9589-76dd-a1a8-4c3bf2cfc076/impression responded 200 in 32.2960 ms
2026-07-29 11:11:37.547 -07:00 [INF] HTTP POST /api/v1/ads/019f6751-9586-79ca-a9e4-063106266335/impression responded 200 in 32.1731 ms
2026-07-29 11:11:42.477 -07:00 [INF] HTTP OPTIONS /api/v1/ads/019f6751-9588-7e1c-b138-098134567940/impression responded 204 in 1.1110 ms
2026-07-29 11:11:42.477 -07:00 [INF] HTTP OPTIONS /api/v1/ads/019f6751-956b-7a5e-b9d8-0ef3c1dcd66d/impression responded 204 in 1.2468 ms
2026-07-29 11:11:42.477 -07:00 [INF] HTTP OPTIONS /api/v1/ads/019f6751-958a-7a15-a575-98aaa0e56c88/impression responded 204 in 0.6986 ms
2026-07-29 11:11:42.503 -07:00 [INF] HTTP POST /api/v1/ads/019f6751-956b-7a5e-b9d8-0ef3c1dcd66d/impression responded 200 in 23.4799 ms
2026-07-29 11:11:42.504 -07:00 [INF] HTTP POST /api/v1/ads/019f6751-9588-7e1c-b138-098134567940/impression responded 200 in 23.8467 ms
2026-07-29 11:11:42.511 -07:00 [INF] HTTP POST /api/v1/ads/019f6751-958a-7a15-a575-98aaa0e56c88/impression responded 200 in 31.0609 ms
2026-07-29 11:11:46.474 -07:00 [INF] HTTP OPTIONS /api/v1/ads/019f6751-9586-79ca-a9e4-063106266335/impression responded 204 in 0.0427 ms
2026-07-29 11:11:46.474 -07:00 [INF] HTTP OPTIONS /api/v1/ads/019f6751-9589-76dd-a1a8-4c3bf2cfc076/impression responded 204 in 0.0441 ms
2026-07-29 11:11:46.474 -07:00 [INF] HTTP OPTIONS /api/v1/ads/019f6751-958b-7d8a-a9a6-0f853bb35f0f/impression responded 204 in 0.0093 ms
2026-07-29 11:11:46.485 -07:00 [INF] HTTP POST /api/v1/ads/019f6751-9586-79ca-a9e4-063106266335/impression responded 200 in 9.5888 ms
2026-07-29 11:11:46.486 -07:00 [INF] HTTP POST /api/v1/ads/019f6751-958b-7d8a-a9a6-0f853bb35f0f/impression responded 200 in 10.0097 ms
2026-07-29 11:11:46.486 -07:00 [INF] HTTP POST /api/v1/ads/019f6751-9589-76dd-a1a8-4c3bf2cfc076/impression responded 200 in 9.5318 ms
2026-07-29 11:11:50.503 -07:00 [INF] HTTP OPTIONS /api/v1/ads/019f6751-958a-7a15-a575-98aaa0e56c88/impression responded 204 in 0.3530 ms
2026-07-29 11:11:50.503 -07:00 [INF] HTTP OPTIONS /api/v1/ads/019f6751-956b-7a5e-b9d8-0ef3c1dcd66d/impression responded 204 in 0.3531 ms
2026-07-29 11:11:50.503 -07:00 [INF] HTTP OPTIONS /api/v1/ads/019f6751-9588-7e1c-b138-098134567940/impression responded 204 in 0.3532 ms
2026-07-29 11:11:50.517 -07:00 [INF] HTTP POST /api/v1/ads/019f6751-958a-7a15-a575-98aaa0e56c88/impression responded 200 in 10.8168 ms
2026-07-29 11:11:50.517 -07:00 [INF] HTTP POST /api/v1/ads/019f6751-9588-7e1c-b138-098134567940/impression responded 200 in 10.8066 ms
2026-07-29 11:11:50.517 -07:00 [INF] HTTP POST /api/v1/ads/019f6751-956b-7a5e-b9d8-0ef3c1dcd66d/impression responded 200 in 10.8169 ms
2026-07-29 11:11:54.468 -07:00 [INF] HTTP OPTIONS /api/v1/ads/019f6751-9589-76dd-a1a8-4c3bf2cfc076/impression responded 204 in 0.0318 ms
2026-07-29 11:11:54.468 -07:00 [INF] HTTP OPTIONS /api/v1/ads/019f6751-9586-79ca-a9e4-063106266335/impression responded 204 in 0.0316 ms
2026-07-29 11:11:54.468 -07:00 [INF] HTTP OPTIONS /api/v1/ads/019f6751-958b-7d8a-a9a6-0f853bb35f0f/impression responded 204 in 0.0240 ms
2026-07-29 11:11:54.477 -07:00 [INF] HTTP POST /api/v1/ads/019f6751-958b-7d8a-a9a6-0f853bb35f0f/impression responded 200 in 6.2628 ms
2026-07-29 11:11:54.477 -07:00 [INF] HTTP POST /api/v1/ads/019f6751-9589-76dd-a1a8-4c3bf2cfc076/impression responded 200 in 6.7142 ms
2026-07-29 11:11:54.477 -07:00 [INF] HTTP POST /api/v1/ads/019f6751-9586-79ca-a9e4-063106266335/impression responded 200 in 6.9455 ms
2026-07-29 11:11:58.516 -07:00 [INF] HTTP OPTIONS /api/v1/ads/019f6751-958a-7a15-a575-98aaa0e56c88/impression responded 204 in 0.8594 ms
2026-07-29 11:11:58.516 -07:00 [INF] HTTP OPTIONS /api/v1/ads/019f6751-9588-7e1c-b138-098134567940/impression responded 204 in 1.4733 ms
2026-07-29 11:11:58.517 -07:00 [INF] HTTP OPTIONS /api/v1/ads/019f6751-956b-7a5e-b9d8-0ef3c1dcd66d/impression responded 204 in 0.8537 ms
2026-07-29 11:11:58.614 -07:00 [INF] HTTP POST /api/v1/ads/019f6751-958a-7a15-a575-98aaa0e56c88/impression responded 200 in 77.2380 ms
2026-07-29 11:11:58.615 -07:00 [INF] HTTP POST /api/v1/ads/019f6751-9588-7e1c-b138-098134567940/impression responded 200 in 77.6696 ms
2026-07-29 11:11:58.614 -07:00 [INF] HTTP POST /api/v1/ads/019f6751-956b-7a5e-b9d8-0ef3c1dcd66d/impression responded 200 in 77.2640 ms
2026-07-29 11:12:02.479 -07:00 [INF] HTTP OPTIONS /api/v1/ads/019f6751-958b-7d8a-a9a6-0f853bb35f0f/impression responded 204 in 0.2046 ms
2026-07-29 11:12:02.479 -07:00 [INF] HTTP OPTIONS /api/v1/ads/019f6751-9589-76dd-a1a8-4c3bf2cfc076/impression responded 204 in 0.2045 ms
2026-07-29 11:12:02.479 -07:00 [INF] HTTP OPTIONS /api/v1/ads/019f6751-9586-79ca-a9e4-063106266335/impression responded 204 in 0.2030 ms
2026-07-29 11:12:02.490 -07:00 [INF] HTTP POST /api/v1/ads/019f6751-9589-76dd-a1a8-4c3bf2cfc076/impression responded 200 in 8.9718 ms
2026-07-29 11:12:02.490 -07:00 [INF] HTTP POST /api/v1/ads/019f6751-958b-7d8a-a9a6-0f853bb35f0f/impression responded 200 in 9.0044 ms
2026-07-29 11:12:02.491 -07:00 [INF] HTTP POST /api/v1/ads/019f6751-9586-79ca-a9e4-063106266335/impression responded 200 in 10.2379 ms
2026-07-29 11:12:07.468 -07:00 [INF] HTTP OPTIONS /api/v1/ads/019f6751-956b-7a5e-b9d8-0ef3c1dcd66d/impression responded 204 in 0.0321 ms
2026-07-29 11:12:07.468 -07:00 [INF] HTTP OPTIONS /api/v1/ads/019f6751-958a-7a15-a575-98aaa0e56c88/impression responded 204 in 0.0168 ms
2026-07-29 11:12:07.469 -07:00 [INF] HTTP OPTIONS /api/v1/ads/019f6751-9588-7e1c-b138-098134567940/impression responded 204 in 0.7335 ms
2026-07-29 11:12:07.481 -07:00 [INF] HTTP POST /api/v1/ads/019f6751-956b-7a5e-b9d8-0ef3c1dcd66d/impression responded 200 in 12.0905 ms
2026-07-29 11:12:07.481 -07:00 [INF] HTTP POST /api/v1/ads/019f6751-958a-7a15-a575-98aaa0e56c88/impression responded 200 in 12.3622 ms
2026-07-29 11:12:07.483 -07:00 [INF] HTTP POST /api/v1/ads/019f6751-9588-7e1c-b138-098134567940/impression responded 200 in 13.5095 ms
2026-07-29 11:12:11.485 -07:00 [INF] HTTP OPTIONS /api/v1/ads/019f6751-9586-79ca-a9e4-063106266335/impression responded 204 in 0.0252 ms
2026-07-29 11:12:11.485 -07:00 [INF] HTTP OPTIONS /api/v1/ads/019f6751-9589-76dd-a1a8-4c3bf2cfc076/impression responded 204 in 0.5935 ms
2026-07-29 11:12:11.486 -07:00 [INF] HTTP OPTIONS /api/v1/ads/019f6751-958b-7d8a-a9a6-0f853bb35f0f/impression responded 204 in 0.6498 ms
2026-07-29 11:12:11.499 -07:00 [INF] HTTP POST /api/v1/ads/019f6751-9586-79ca-a9e4-063106266335/impression responded 200 in 10.2086 ms
2026-07-29 11:12:11.499 -07:00 [INF] HTTP POST /api/v1/ads/019f6751-9589-76dd-a1a8-4c3bf2cfc076/impression responded 200 in 10.3302 ms
2026-07-29 11:12:11.499 -07:00 [INF] HTTP POST /api/v1/ads/019f6751-958b-7d8a-a9a6-0f853bb35f0f/impression responded 200 in 10.3868 ms
2026-07-29 11:12:15.635 -07:00 [INF] HTTP OPTIONS /api/v1/ads/019f6751-958a-7a15-a575-98aaa0e56c88/impression responded 204 in 0.8417 ms
2026-07-29 11:12:15.635 -07:00 [INF] HTTP OPTIONS /api/v1/ads/019f6751-9588-7e1c-b138-098134567940/impression responded 204 in 0.8418 ms
2026-07-29 11:12:15.635 -07:00 [INF] HTTP OPTIONS /api/v1/ads/019f6751-956b-7a5e-b9d8-0ef3c1dcd66d/impression responded 204 in 0.7307 ms
2026-07-29 11:12:15.733 -07:00 [INF] HTTP POST /api/v1/ads/019f6751-956b-7a5e-b9d8-0ef3c1dcd66d/impression responded 200 in 66.6498 ms
2026-07-29 11:12:15.734 -07:00 [INF] HTTP POST /api/v1/ads/019f6751-9588-7e1c-b138-098134567940/impression responded 200 in 83.0441 ms
2026-07-29 11:12:15.733 -07:00 [INF] HTTP POST /api/v1/ads/019f6751-958a-7a15-a575-98aaa0e56c88/impression responded 200 in 77.1229 ms
2026-07-29 11:12:19.484 -07:00 [INF] HTTP OPTIONS /api/v1/ads/019f6751-958b-7d8a-a9a6-0f853bb35f0f/impression responded 204 in 0.6819 ms
2026-07-29 11:12:19.484 -07:00 [INF] HTTP OPTIONS /api/v1/ads/019f6751-9589-76dd-a1a8-4c3bf2cfc076/impression responded 204 in 0.6805 ms
2026-07-29 11:12:19.484 -07:00 [INF] HTTP OPTIONS /api/v1/ads/019f6751-9586-79ca-a9e4-063106266335/impression responded 204 in 1.4310 ms
2026-07-29 11:12:19.515 -07:00 [INF] HTTP POST /api/v1/ads/019f6751-9589-76dd-a1a8-4c3bf2cfc076/impression responded 200 in 28.4675 ms
2026-07-29 11:12:19.517 -07:00 [INF] HTTP POST /api/v1/ads/019f6751-9586-79ca-a9e4-063106266335/impression responded 200 in 30.1502 ms
2026-07-29 11:12:19.522 -07:00 [INF] HTTP POST /api/v1/ads/019f6751-958b-7d8a-a9a6-0f853bb35f0f/impression responded 200 in 35.3000 ms
2026-07-29 11:12:24.482 -07:00 [INF] HTTP OPTIONS /api/v1/ads/019f6751-956b-7a5e-b9d8-0ef3c1dcd66d/impression responded 204 in 0.1824 ms
2026-07-29 11:12:24.482 -07:00 [INF] HTTP OPTIONS /api/v1/ads/019f6751-9588-7e1c-b138-098134567940/impression responded 204 in 0.0164 ms
2026-07-29 11:12:24.483 -07:00 [INF] HTTP OPTIONS /api/v1/ads/019f6751-958a-7a15-a575-98aaa0e56c88/impression responded 204 in 0.0165 ms
2026-07-29 11:12:24.506 -07:00 [INF] HTTP POST /api/v1/ads/019f6751-958a-7a15-a575-98aaa0e56c88/impression responded 200 in 14.7620 ms
2026-07-29 11:12:24.506 -07:00 [INF] HTTP POST /api/v1/ads/019f6751-9588-7e1c-b138-098134567940/impression responded 200 in 15.7567 ms
2026-07-29 11:12:24.507 -07:00 [INF] HTTP POST /api/v1/ads/019f6751-956b-7a5e-b9d8-0ef3c1dcd66d/impression responded 200 in 16.1450 ms
2026-07-29 11:12:28.477 -07:00 [INF] HTTP OPTIONS /api/v1/ads/019f6751-9586-79ca-a9e4-063106266335/impression responded 204 in 0.0105 ms
2026-07-29 11:12:28.477 -07:00 [INF] HTTP OPTIONS /api/v1/ads/019f6751-9589-76dd-a1a8-4c3bf2cfc076/impression responded 204 in 0.2073 ms
2026-07-29 11:12:28.477 -07:00 [INF] HTTP OPTIONS /api/v1/ads/019f6751-958b-7d8a-a9a6-0f853bb35f0f/impression responded 204 in 0.1891 ms
2026-07-29 11:12:28.488 -07:00 [INF] HTTP POST /api/v1/ads/019f6751-9586-79ca-a9e4-063106266335/impression responded 200 in 9.6926 ms
2026-07-29 11:12:28.489 -07:00 [INF] HTTP POST /api/v1/ads/019f6751-958b-7d8a-a9a6-0f853bb35f0f/impression responded 200 in 10.0963 ms
2026-07-29 11:12:28.491 -07:00 [INF] HTTP POST /api/v1/ads/019f6751-9589-76dd-a1a8-4c3bf2cfc076/impression responded 200 in 12.1709 ms
2026-07-29 11:12:32.475 -07:00 [INF] HTTP OPTIONS /api/v1/ads/019f6751-956b-7a5e-b9d8-0ef3c1dcd66d/impression responded 204 in 0.0710 ms
2026-07-29 11:12:32.476 -07:00 [INF] HTTP OPTIONS /api/v1/ads/019f6751-958a-7a15-a575-98aaa0e56c88/impression responded 204 in 0.0288 ms
2026-07-29 11:12:32.477 -07:00 [INF] HTTP OPTIONS /api/v1/ads/019f6751-9588-7e1c-b138-098134567940/impression responded 204 in 0.0339 ms
2026-07-29 11:12:32.484 -07:00 [INF] HTTP POST /api/v1/ads/019f6751-956b-7a5e-b9d8-0ef3c1dcd66d/impression responded 200 in 6.8300 ms
2026-07-29 11:12:32.485 -07:00 [INF] HTTP POST /api/v1/ads/019f6751-958a-7a15-a575-98aaa0e56c88/impression responded 200 in 7.4052 ms
2026-07-29 11:12:32.485 -07:00 [INF] HTTP POST /api/v1/ads/019f6751-9588-7e1c-b138-098134567940/impression responded 200 in 7.0756 ms
2026-07-29 11:12:36.475 -07:00 [INF] HTTP OPTIONS /api/v1/ads/019f6751-9586-79ca-a9e4-063106266335/impression responded 204 in 0.0702 ms
2026-07-29 11:12:36.475 -07:00 [INF] HTTP OPTIONS /api/v1/ads/019f6751-958b-7d8a-a9a6-0f853bb35f0f/impression responded 204 in 0.0702 ms
2026-07-29 11:12:36.475 -07:00 [INF] HTTP OPTIONS /api/v1/ads/019f6751-9589-76dd-a1a8-4c3bf2cfc076/impression responded 204 in 0.0916 ms
2026-07-29 11:12:36.490 -07:00 [INF] HTTP POST /api/v1/ads/019f6751-958b-7d8a-a9a6-0f853bb35f0f/impression responded 200 in 13.2354 ms
2026-07-29 11:12:36.491 -07:00 [INF] HTTP POST /api/v1/ads/019f6751-9586-79ca-a9e4-063106266335/impression responded 200 in 13.9645 ms
2026-07-29 11:12:36.491 -07:00 [INF] HTTP POST /api/v1/ads/019f6751-9589-76dd-a1a8-4c3bf2cfc076/impression responded 200 in 13.9804 ms
2026-07-29 11:12:40.487 -07:00 [INF] HTTP OPTIONS /api/v1/ads/019f6751-9588-7e1c-b138-098134567940/impression responded 204 in 0.7267 ms
2026-07-29 11:12:40.487 -07:00 [INF] HTTP OPTIONS /api/v1/ads/019f6751-958a-7a15-a575-98aaa0e56c88/impression responded 204 in 0.2206 ms
2026-07-29 11:12:40.488 -07:00 [INF] HTTP OPTIONS /api/v1/ads/019f6751-956b-7a5e-b9d8-0ef3c1dcd66d/impression responded 204 in 1.7215 ms
2026-07-29 11:12:40.536 -07:00 [INF] HTTP POST /api/v1/ads/019f6751-958a-7a15-a575-98aaa0e56c88/impression responded 200 in 46.7356 ms
2026-07-29 11:12:40.536 -07:00 [INF] HTTP POST /api/v1/ads/019f6751-9588-7e1c-b138-098134567940/impression responded 200 in 46.5002 ms
2026-07-29 11:12:40.544 -07:00 [INF] HTTP POST /api/v1/ads/019f6751-956b-7a5e-b9d8-0ef3c1dcd66d/impression responded 200 in 54.3120 ms
2026-07-29 11:12:45.470 -07:00 [INF] HTTP OPTIONS /api/v1/ads/019f6751-9586-79ca-a9e4-063106266335/impression responded 204 in 0.1780 ms
2026-07-29 11:12:45.470 -07:00 [INF] HTTP OPTIONS /api/v1/ads/019f6751-958b-7d8a-a9a6-0f853bb35f0f/impression responded 204 in 0.1789 ms
2026-07-29 11:12:45.470 -07:00 [INF] HTTP OPTIONS /api/v1/ads/019f6751-9589-76dd-a1a8-4c3bf2cfc076/impression responded 204 in 0.2452 ms
2026-07-29 11:12:45.478 -07:00 [INF] HTTP POST /api/v1/ads/019f6751-9586-79ca-a9e4-063106266335/impression responded 200 in 6.2637 ms
2026-07-29 11:12:45.478 -07:00 [INF] HTTP POST /api/v1/ads/019f6751-9589-76dd-a1a8-4c3bf2cfc076/impression responded 200 in 6.3652 ms
2026-07-29 11:12:45.478 -07:00 [INF] HTTP POST /api/v1/ads/019f6751-958b-7d8a-a9a6-0f853bb35f0f/impression responded 200 in 6.7873 ms
2026-07-29 11:14:28.004 -07:00 [INF] HTTP GET /api/v1/site-settings responded 200 in 67.0843 ms
2026-07-29 11:14:29.230 -07:00 [INF] HTTP OPTIONS /api/v1/ads responded 204 in 0.1075 ms
2026-07-29 11:14:29.234 -07:00 [INF] HTTP OPTIONS /api/v1/ads responded 204 in 0.0253 ms
2026-07-29 11:14:29.231 -07:00 [INF] HTTP OPTIONS /api/v1/ads responded 204 in 0.0241 ms
2026-07-29 11:14:29.311 -07:00 [INF] HTTP OPTIONS /api/v1/site-settings responded 204 in 0.0910 ms
2026-07-29 11:14:29.353 -07:00 [INF] HTTP OPTIONS /api/v1/feed/home responded 204 in 0.0297 ms
2026-07-29 11:14:29.400 -07:00 [INF] HTTP GET /api/v1/ads responded 200 in 92.8155 ms
2026-07-29 11:14:29.401 -07:00 [INF] HTTP GET /api/v1/ads responded 200 in 103.9122 ms
2026-07-29 11:14:29.401 -07:00 [INF] HTTP GET /api/v1/ads responded 200 in 90.3029 ms
2026-07-29 11:14:29.412 -07:00 [INF] HTTP OPTIONS /api/v1/ads/019f6751-9588-7e1c-b138-098134567940/impression responded 204 in 0.0323 ms
2026-07-29 11:14:29.418 -07:00 [INF] HTTP OPTIONS /api/v1/ads/019f6751-956b-7a5e-b9d8-0ef3c1dcd66d/impression responded 204 in 0.0325 ms
2026-07-29 11:14:29.419 -07:00 [INF] HTTP OPTIONS /api/v1/ads/019f6751-958a-7a15-a575-98aaa0e56c88/impression responded 204 in 0.4713 ms
2026-07-29 11:14:29.487 -07:00 [INF] HTTP GET /api/v1/site-settings responded 200 in 131.8470 ms
2026-07-29 11:14:29.506 -07:00 [INF] HTTP POST /api/v1/ads/019f6751-956b-7a5e-b9d8-0ef3c1dcd66d/impression responded 200 in 45.7639 ms
2026-07-29 11:14:29.506 -07:00 [INF] HTTP POST /api/v1/ads/019f6751-9588-7e1c-b138-098134567940/impression responded 200 in 62.8143 ms
2026-07-29 11:14:29.507 -07:00 [INF] HTTP POST /api/v1/ads/019f6751-958a-7a15-a575-98aaa0e56c88/impression responded 200 in 24.5579 ms
2026-07-29 11:14:29.547 -07:00 [INF] HTTP GET /api/v1/feed/home responded 200 in 193.0768 ms
2026-07-29 11:14:33.613 -07:00 [INF] HTTP OPTIONS /api/v1/ads/019f6751-9589-76dd-a1a8-4c3bf2cfc076/impression responded 204 in 0.4753 ms
2026-07-29 11:14:33.625 -07:00 [INF] HTTP OPTIONS /api/v1/ads/019f6751-958b-7d8a-a9a6-0f853bb35f0f/impression responded 204 in 0.1055 ms
2026-07-29 11:14:33.659 -07:00 [INF] HTTP POST /api/v1/ads/019f6751-9589-76dd-a1a8-4c3bf2cfc076/impression responded 200 in 45.3506 ms
2026-07-29 11:14:33.662 -07:00 [INF] HTTP POST /api/v1/ads/019f6751-958b-7d8a-a9a6-0f853bb35f0f/impression responded 200 in 25.9947 ms
2026-07-29 11:14:37.812 -07:00 [INF] HTTP OPTIONS /api/v1/ads/019f6751-9588-7e1c-b138-098134567940/impression responded 204 in 0.6111 ms
2026-07-29 11:14:37.820 -07:00 [INF] HTTP OPTIONS /api/v1/ads/019f6751-958a-7a15-a575-98aaa0e56c88/impression responded 204 in 0.0759 ms
2026-07-29 11:14:37.822 -07:00 [INF] HTTP POST /api/v1/ads/019f6751-9588-7e1c-b138-098134567940/impression responded 200 in 9.0029 ms
2026-07-29 11:14:37.874 -07:00 [INF] HTTP POST /api/v1/ads/019f6751-958a-7a15-a575-98aaa0e56c88/impression responded 200 in 52.1702 ms
2026-07-29 11:14:39.187 -07:00 [INF] HTTP OPTIONS /api/v1/ads/019f6751-9586-79ca-a9e4-063106266335/impression responded 204 in 0.1202 ms
2026-07-29 11:14:39.239 -07:00 [INF] HTTP POST /api/v1/ads/019f6751-9586-79ca-a9e4-063106266335/impression responded 200 in 45.9058 ms
2026-07-29 11:14:47.035 -07:00 [INF] HTTP OPTIONS /api/v1/admin/site-settings responded 204 in 0.9515 ms
2026-07-29 11:14:47.240 -07:00 [INF] HTTP POST /api/v1/admin/site-settings responded 200 in 199.2648 ms
2026-07-29 11:14:47.248 -07:00 [INF] HTTP GET /api/v1/admin/site-settings responded 200 in 5.6938 ms
2026-07-29 11:14:50.457 -07:00 [INF] HTTP OPTIONS /api/v1/ads responded 204 in 0.0545 ms
2026-07-29 11:14:50.457 -07:00 [INF] HTTP OPTIONS /api/v1/ads responded 204 in 0.0750 ms
2026-07-29 11:14:50.457 -07:00 [INF] HTTP OPTIONS /api/v1/ads responded 204 in 0.0075 ms
2026-07-29 11:14:50.457 -07:00 [INF] HTTP OPTIONS /api/v1/site-settings responded 204 in 0.0163 ms
2026-07-29 11:14:50.465 -07:00 [INF] HTTP GET /api/v1/ads responded 200 in 5.3720 ms
2026-07-29 11:14:50.474 -07:00 [INF] HTTP GET /api/v1/ads responded 200 in 14.8240 ms
2026-07-29 11:14:50.475 -07:00 [INF] HTTP GET /api/v1/ads responded 200 in 14.7716 ms
2026-07-29 11:14:50.482 -07:00 [INF] HTTP OPTIONS /api/v1/feed/home responded 204 in 0.0433 ms
2026-07-29 11:14:50.485 -07:00 [INF] HTTP GET /api/v1/site-settings responded 200 in 25.6108 ms
2026-07-29 11:14:50.543 -07:00 [INF] HTTP GET /api/v1/feed/home responded 200 in 57.1405 ms
2026-07-29 11:14:50.607 -07:00 [INF] HTTP OPTIONS /api/v1/ads/019f6751-956b-7a5e-b9d8-0ef3c1dcd66d/impression responded 204 in 0.0369 ms
2026-07-29 11:14:50.607 -07:00 [INF] HTTP OPTIONS /api/v1/ads/019f6751-9588-7e1c-b138-098134567940/impression responded 204 in 0.0954 ms
2026-07-29 11:14:50.607 -07:00 [INF] HTTP OPTIONS /api/v1/ads/019f6751-958a-7a15-a575-98aaa0e56c88/impression responded 204 in 0.0058 ms
2026-07-29 11:14:50.710 -07:00 [INF] HTTP POST /api/v1/ads/019f6751-958a-7a15-a575-98aaa0e56c88/impression responded 200 in 91.2288 ms
2026-07-29 11:14:50.711 -07:00 [INF] HTTP POST /api/v1/ads/019f6751-956b-7a5e-b9d8-0ef3c1dcd66d/impression responded 200 in 94.8832 ms
2026-07-29 11:14:50.711 -07:00 [INF] HTTP POST /api/v1/ads/019f6751-9588-7e1c-b138-098134567940/impression responded 200 in 97.8950 ms
2026-07-29 11:14:53.203 -07:00 [INF] HTTP OPTIONS /api/v1/ads responded 204 in 0.6385 ms
2026-07-29 11:14:53.202 -07:00 [INF] HTTP OPTIONS /api/v1/ads responded 204 in 0.0823 ms
2026-07-29 11:14:53.202 -07:00 [INF] HTTP OPTIONS /api/v1/site-settings responded 204 in 0.1290 ms
2026-07-29 11:14:53.202 -07:00 [INF] HTTP OPTIONS /api/v1/ads responded 204 in 0.5541 ms
2026-07-29 11:14:53.228 -07:00 [INF] HTTP GET /api/v1/ads responded 200 in 20.4580 ms
2026-07-29 11:14:53.237 -07:00 [INF] HTTP GET /api/v1/ads responded 200 in 28.5129 ms
2026-07-29 11:14:53.239 -07:00 [INF] HTTP GET /api/v1/ads responded 200 in 30.9490 ms
2026-07-29 11:14:53.245 -07:00 [INF] HTTP GET /api/v1/site-settings responded 200 in 36.6020 ms
2026-07-29 11:14:53.301 -07:00 [INF] HTTP OPTIONS /api/v1/ads/019f6751-958a-7a15-a575-98aaa0e56c88/impression responded 204 in 0.0051 ms
2026-07-29 11:14:53.301 -07:00 [INF] HTTP OPTIONS /api/v1/feed/home responded 204 in 0.0592 ms
2026-07-29 11:14:53.316 -07:00 [INF] HTTP POST /api/v1/ads/019f6751-958a-7a15-a575-98aaa0e56c88/impression responded 200 in 13.5523 ms
2026-07-29 11:14:53.332 -07:00 [INF] HTTP GET /api/v1/feed/home responded 200 in 24.4653 ms
2026-07-29 11:14:53.368 -07:00 [INF] HTTP OPTIONS /api/v1/ads/019f6751-956b-7a5e-b9d8-0ef3c1dcd66d/impression responded 204 in 1.1980 ms
2026-07-29 11:14:53.368 -07:00 [INF] HTTP OPTIONS /api/v1/ads/019f6751-9588-7e1c-b138-098134567940/impression responded 204 in 0.0245 ms
2026-07-29 11:14:53.472 -07:00 [INF] HTTP POST /api/v1/ads/019f6751-956b-7a5e-b9d8-0ef3c1dcd66d/impression responded 200 in 96.4601 ms
2026-07-29 11:14:53.473 -07:00 [INF] HTTP POST /api/v1/ads/019f6751-9588-7e1c-b138-098134567940/impression responded 200 in 93.5905 ms
2026-07-29 11:14:59.502 -07:00 [INF] HTTP OPTIONS /api/v1/admin/site-settings responded 204 in 0.2180 ms
2026-07-29 11:14:59.634 -07:00 [INF] HTTP POST /api/v1/admin/site-settings responded 200 in 128.4756 ms
2026-07-29 11:14:59.661 -07:00 [INF] HTTP GET /api/v1/admin/site-settings responded 200 in 23.8253 ms
2026-07-29 11:15:02.372 -07:00 [INF] HTTP OPTIONS /api/v1/ads responded 204 in 0.1553 ms
2026-07-29 11:15:02.372 -07:00 [INF] HTTP OPTIONS /api/v1/ads responded 204 in 0.0146 ms
2026-07-29 11:15:02.372 -07:00 [INF] HTTP OPTIONS /api/v1/site-settings responded 204 in 0.0279 ms
2026-07-29 11:15:02.372 -07:00 [INF] HTTP OPTIONS /api/v1/ads responded 204 in 1.9538 ms
2026-07-29 11:15:02.401 -07:00 [INF] HTTP GET /api/v1/ads responded 200 in 26.7048 ms
2026-07-29 11:15:02.402 -07:00 [INF] HTTP GET /api/v1/ads responded 200 in 25.2339 ms
2026-07-29 11:15:02.401 -07:00 [INF] HTTP GET /api/v1/ads responded 200 in 24.6205 ms
2026-07-29 11:15:02.420 -07:00 [INF] HTTP GET /api/v1/site-settings responded 200 in 44.2822 ms
2026-07-29 11:15:02.456 -07:00 [INF] HTTP OPTIONS /api/v1/ads/019f6751-956b-7a5e-b9d8-0ef3c1dcd66d/impression responded 204 in 0.0674 ms
2026-07-29 11:15:02.457 -07:00 [INF] HTTP OPTIONS /api/v1/ads/019f6751-9588-7e1c-b138-098134567940/impression responded 204 in 0.0320 ms
2026-07-29 11:15:02.458 -07:00 [INF] HTTP OPTIONS /api/v1/ads/019f6751-958a-7a15-a575-98aaa0e56c88/impression responded 204 in 0.0138 ms
2026-07-29 11:15:02.475 -07:00 [INF] HTTP POST /api/v1/ads/019f6751-956b-7a5e-b9d8-0ef3c1dcd66d/impression responded 200 in 11.5727 ms
2026-07-29 11:15:02.476 -07:00 [INF] HTTP POST /api/v1/ads/019f6751-9588-7e1c-b138-098134567940/impression responded 200 in 11.2668 ms
2026-07-29 11:15:02.476 -07:00 [INF] HTTP POST /api/v1/ads/019f6751-958a-7a15-a575-98aaa0e56c88/impression responded 200 in 11.3220 ms
2026-07-29 11:15:02.486 -07:00 [INF] HTTP OPTIONS /api/v1/feed/home responded 204 in 0.0323 ms
2026-07-29 11:15:02.523 -07:00 [INF] HTTP GET /api/v1/feed/home responded 200 in 35.6774 ms
2026-07-29 11:15:14.070 -07:00 [INF] HTTP OPTIONS /api/v1/admin/site-settings responded 204 in 0.1653 ms
2026-07-29 11:15:14.197 -07:00 [INF] HTTP POST /api/v1/admin/site-settings responded 200 in 126.1520 ms
2026-07-29 11:15:14.209 -07:00 [INF] HTTP GET /api/v1/admin/site-settings responded 200 in 9.9737 ms
2026-07-29 11:15:17.157 -07:00 [INF] HTTP OPTIONS /api/v1/ads responded 204 in 0.0740 ms
2026-07-29 11:15:17.162 -07:00 [INF] HTTP OPTIONS /api/v1/site-settings responded 204 in 0.0474 ms
2026-07-29 11:15:17.159 -07:00 [INF] HTTP OPTIONS /api/v1/ads responded 204 in 0.2034 ms
2026-07-29 11:15:17.162 -07:00 [INF] HTTP OPTIONS /api/v1/ads responded 204 in 0.4370 ms
2026-07-29 11:15:17.188 -07:00 [INF] HTTP GET /api/v1/ads responded 200 in 21.0308 ms
2026-07-29 11:15:17.258 -07:00 [INF] HTTP GET /api/v1/ads responded 200 in 94.8545 ms
2026-07-29 11:15:17.258 -07:00 [INF] HTTP GET /api/v1/ads responded 200 in 90.5438 ms
2026-07-29 11:15:17.259 -07:00 [INF] HTTP GET /api/v1/site-settings responded 200 in 92.0569 ms
2026-07-29 11:15:17.260 -07:00 [INF] HTTP OPTIONS /api/v1/ads/019f6751-958a-7a15-a575-98aaa0e56c88/impression responded 204 in 0.0272 ms
2026-07-29 11:15:17.268 -07:00 [INF] HTTP OPTIONS /api/v1/feed/home responded 204 in 0.0224 ms
2026-07-29 11:15:17.306 -07:00 [INF] HTTP OPTIONS /api/v1/ads/019f6751-956b-7a5e-b9d8-0ef3c1dcd66d/impression responded 204 in 0.0153 ms
2026-07-29 11:15:17.307 -07:00 [INF] HTTP OPTIONS /api/v1/ads/019f6751-9588-7e1c-b138-098134567940/impression responded 204 in 0.0235 ms
2026-07-29 11:15:17.332 -07:00 [INF] HTTP POST /api/v1/ads/019f6751-956b-7a5e-b9d8-0ef3c1dcd66d/impression responded 200 in 20.8709 ms
2026-07-29 11:15:17.334 -07:00 [INF] HTTP POST /api/v1/ads/019f6751-9588-7e1c-b138-098134567940/impression responded 200 in 19.9043 ms
2026-07-29 11:15:17.335 -07:00 [INF] HTTP POST /api/v1/ads/019f6751-958a-7a15-a575-98aaa0e56c88/impression responded 200 in 29.4186 ms
2026-07-29 11:15:17.367 -07:00 [INF] HTTP GET /api/v1/feed/home responded 200 in 61.3344 ms
2026-07-29 11:15:26.710 -07:00 [INF] HTTP OPTIONS /api/v1/admin/site-settings responded 204 in 0.8093 ms
2026-07-29 11:15:26.920 -07:00 [INF] HTTP POST /api/v1/admin/site-settings responded 200 in 206.5285 ms
2026-07-29 11:15:26.934 -07:00 [INF] HTTP GET /api/v1/admin/site-settings responded 200 in 10.8341 ms
2026-07-29 11:15:29.622 -07:00 [INF] HTTP GET /api/v1/site-settings responded 200 in 18.7080 ms
2026-07-29 11:15:29.960 -07:00 [INF] HTTP OPTIONS /api/v1/ads responded 204 in 0.0536 ms
2026-07-29 11:15:29.960 -07:00 [INF] HTTP OPTIONS /api/v1/ads responded 204 in 0.0243 ms
2026-07-29 11:15:29.961 -07:00 [INF] HTTP OPTIONS /api/v1/ads responded 204 in 0.1300 ms
2026-07-29 11:15:29.964 -07:00 [INF] HTTP OPTIONS /api/v1/site-settings responded 204 in 0.0365 ms
2026-07-29 11:15:29.978 -07:00 [INF] HTTP GET /api/v1/ads responded 200 in 12.1855 ms
2026-07-29 11:15:29.980 -07:00 [INF] HTTP GET /api/v1/ads responded 200 in 14.3425 ms
2026-07-29 11:15:29.981 -07:00 [INF] HTTP GET /api/v1/ads responded 200 in 16.5284 ms
2026-07-29 11:15:29.989 -07:00 [INF] HTTP GET /api/v1/site-settings responded 200 in 10.5872 ms
2026-07-29 11:15:30.088 -07:00 [INF] HTTP OPTIONS /api/v1/ads/019f6751-956b-7a5e-b9d8-0ef3c1dcd66d/impression responded 204 in 0.0260 ms
2026-07-29 11:15:30.088 -07:00 [INF] HTTP OPTIONS /api/v1/ads/019f6751-9588-7e1c-b138-098134567940/impression responded 204 in 0.0053 ms
2026-07-29 11:15:30.088 -07:00 [INF] HTTP OPTIONS /api/v1/ads/019f6751-958a-7a15-a575-98aaa0e56c88/impression responded 204 in 0.0034 ms
2026-07-29 11:15:30.088 -07:00 [INF] HTTP OPTIONS /api/v1/feed/home responded 204 in 1.5725 ms
2026-07-29 11:15:30.107 -07:00 [INF] HTTP POST /api/v1/ads/019f6751-956b-7a5e-b9d8-0ef3c1dcd66d/impression responded 200 in 16.4269 ms
2026-07-29 11:15:30.109 -07:00 [INF] HTTP POST /api/v1/ads/019f6751-9588-7e1c-b138-098134567940/impression responded 200 in 18.0458 ms
2026-07-29 11:15:30.109 -07:00 [INF] HTTP POST /api/v1/ads/019f6751-958a-7a15-a575-98aaa0e56c88/impression responded 200 in 17.4318 ms
2026-07-29 11:15:30.127 -07:00 [INF] HTTP GET /api/v1/feed/home responded 200 in 35.4141 ms
2026-07-29 11:15:44.425 -07:00 [INF] HTTP OPTIONS /api/v1/admin/site-settings responded 204 in 0.8036 ms
2026-07-29 11:15:44.617 -07:00 [INF] HTTP POST /api/v1/admin/site-settings responded 200 in 190.0920 ms
2026-07-29 11:15:44.634 -07:00 [INF] HTTP GET /api/v1/admin/site-settings responded 200 in 14.6039 ms
2026-07-29 11:15:47.923 -07:00 [INF] HTTP OPTIONS /api/v1/ads responded 204 in 0.0580 ms
2026-07-29 11:15:47.923 -07:00 [INF] HTTP OPTIONS /api/v1/ads responded 204 in 0.0245 ms
2026-07-29 11:15:47.926 -07:00 [INF] HTTP OPTIONS /api/v1/site-settings responded 204 in 0.0299 ms
2026-07-29 11:15:47.926 -07:00 [INF] HTTP OPTIONS /api/v1/ads responded 204 in 0.0343 ms
2026-07-29 11:15:47.950 -07:00 [INF] HTTP GET /api/v1/ads responded 200 in 19.9753 ms
2026-07-29 11:15:47.964 -07:00 [INF] HTTP OPTIONS /api/v1/feed/home responded 204 in 4.5589 ms
2026-07-29 11:15:47.974 -07:00 [INF] HTTP GET /api/v1/site-settings responded 200 in 44.1710 ms
2026-07-29 11:15:47.974 -07:00 [INF] HTTP GET /api/v1/ads responded 200 in 43.9311 ms
2026-07-29 11:15:47.975 -07:00 [INF] HTTP GET /api/v1/ads responded 200 in 40.4460 ms
2026-07-29 11:15:47.985 -07:00 [INF] HTTP OPTIONS /api/v1/ads/019f6751-956b-7a5e-b9d8-0ef3c1dcd66d/impression responded 204 in 0.4736 ms
2026-07-29 11:15:48.008 -07:00 [INF] HTTP POST /api/v1/ads/019f6751-956b-7a5e-b9d8-0ef3c1dcd66d/impression responded 200 in 21.4340 ms
2026-07-29 11:15:48.011 -07:00 [INF] HTTP GET /api/v1/feed/home responded 200 in 36.5239 ms
2026-07-29 11:15:48.018 -07:00 [INF] HTTP OPTIONS /api/v1/ads/019f6751-9588-7e1c-b138-098134567940/impression responded 204 in 0.0300 ms
2026-07-29 11:15:48.018 -07:00 [INF] HTTP OPTIONS /api/v1/ads/019f6751-958a-7a15-a575-98aaa0e56c88/impression responded 204 in 0.0745 ms
2026-07-29 11:15:48.044 -07:00 [INF] HTTP POST /api/v1/ads/019f6751-958a-7a15-a575-98aaa0e56c88/impression responded 200 in 20.4621 ms
2026-07-29 11:15:48.044 -07:00 [INF] HTTP POST /api/v1/ads/019f6751-9588-7e1c-b138-098134567940/impression responded 200 in 21.5173 ms
2026-07-29 11:16:12.008 -07:00 [INF] HTTP OPTIONS /api/v1/admin/site-settings responded 204 in 6.5633 ms
2026-07-29 11:16:12.173 -07:00 [INF] HTTP POST /api/v1/admin/site-settings responded 200 in 160.8773 ms
2026-07-29 11:16:12.186 -07:00 [INF] HTTP GET /api/v1/admin/site-settings responded 200 in 11.3827 ms
2026-07-29 11:16:15.444 -07:00 [INF] HTTP OPTIONS /api/v1/ads responded 204 in 3.5808 ms
2026-07-29 11:16:15.447 -07:00 [INF] HTTP OPTIONS /api/v1/ads responded 204 in 0.0343 ms
2026-07-29 11:16:15.443 -07:00 [INF] HTTP OPTIONS /api/v1/ads responded 204 in 0.0350 ms
2026-07-29 11:16:15.448 -07:00 [INF] HTTP OPTIONS /api/v1/site-settings responded 204 in 1.4930 ms
2026-07-29 11:16:15.477 -07:00 [INF] HTTP OPTIONS /api/v1/feed/home responded 204 in 0.0245 ms
2026-07-29 11:16:15.478 -07:00 [INF] HTTP GET /api/v1/ads responded 200 in 25.4306 ms
2026-07-29 11:16:15.480 -07:00 [INF] HTTP GET /api/v1/ads responded 200 in 28.3973 ms
2026-07-29 11:16:15.486 -07:00 [INF] HTTP GET /api/v1/ads responded 200 in 32.0432 ms
2026-07-29 11:16:15.513 -07:00 [INF] HTTP GET /api/v1/site-settings responded 200 in 59.7048 ms
2026-07-29 11:16:15.540 -07:00 [INF] HTTP OPTIONS /api/v1/ads/019f6751-956b-7a5e-b9d8-0ef3c1dcd66d/impression responded 204 in 0.0948 ms
2026-07-29 11:16:15.540 -07:00 [INF] HTTP OPTIONS /api/v1/ads/019f6751-9588-7e1c-b138-098134567940/impression responded 204 in 0.0063 ms
2026-07-29 11:16:15.540 -07:00 [INF] HTTP OPTIONS /api/v1/ads/019f6751-958a-7a15-a575-98aaa0e56c88/impression responded 204 in 0.0038 ms
2026-07-29 11:16:15.583 -07:00 [INF] HTTP POST /api/v1/ads/019f6751-958a-7a15-a575-98aaa0e56c88/impression responded 200 in 39.2648 ms
2026-07-29 11:16:15.583 -07:00 [INF] HTTP POST /api/v1/ads/019f6751-9588-7e1c-b138-098134567940/impression responded 200 in 41.4819 ms
2026-07-29 11:16:15.586 -07:00 [INF] HTTP POST /api/v1/ads/019f6751-956b-7a5e-b9d8-0ef3c1dcd66d/impression responded 200 in 43.3420 ms
2026-07-29 11:16:15.590 -07:00 [INF] HTTP GET /api/v1/feed/home responded 200 in 101.9629 ms
2026-07-29 11:16:19.741 -07:00 [INF] HTTP OPTIONS /api/v1/ads/019f6751-9589-76dd-a1a8-4c3bf2cfc076/impression responded 204 in 0.0552 ms
2026-07-29 11:16:19.741 -07:00 [INF] HTTP OPTIONS /api/v1/ads/019f6751-958b-7d8a-a9a6-0f853bb35f0f/impression responded 204 in 0.0137 ms
2026-07-29 11:16:19.751 -07:00 [INF] HTTP POST /api/v1/ads/019f6751-9589-76dd-a1a8-4c3bf2cfc076/impression responded 200 in 8.1968 ms
2026-07-29 11:16:19.751 -07:00 [INF] HTTP POST /api/v1/ads/019f6751-958b-7d8a-a9a6-0f853bb35f0f/impression responded 200 in 8.1864 ms
2026-07-29 11:16:22.376 -07:00 [INF] HTTP OPTIONS /api/v1/ads/019f6751-9586-79ca-a9e4-063106266335/impression responded 204 in 0.1347 ms
2026-07-29 11:16:22.408 -07:00 [INF] HTTP POST /api/v1/ads/019f6751-9586-79ca-a9e4-063106266335/impression responded 200 in 29.8055 ms
2026-07-29 11:16:23.946 -07:00 [INF] HTTP OPTIONS /api/v1/ads/019f6751-9588-7e1c-b138-098134567940/impression responded 204 in 0.1452 ms
2026-07-29 11:16:23.947 -07:00 [INF] HTTP OPTIONS /api/v1/ads/019f6751-958a-7a15-a575-98aaa0e56c88/impression responded 204 in 0.1154 ms
2026-07-29 11:16:23.966 -07:00 [INF] HTTP POST /api/v1/ads/019f6751-958a-7a15-a575-98aaa0e56c88/impression responded 200 in 17.0436 ms
2026-07-29 11:16:23.967 -07:00 [INF] HTTP POST /api/v1/ads/019f6751-9588-7e1c-b138-098134567940/impression responded 200 in 17.9160 ms
2026-07-29 11:16:26.569 -07:00 [INF] HTTP OPTIONS /api/v1/ads/019f6751-956b-7a5e-b9d8-0ef3c1dcd66d/impression responded 204 in 0.1723 ms
2026-07-29 11:16:26.595 -07:00 [INF] HTTP POST /api/v1/ads/019f6751-956b-7a5e-b9d8-0ef3c1dcd66d/impression responded 200 in 20.1980 ms
2026-07-29 11:16:28.143 -07:00 [INF] HTTP OPTIONS /api/v1/ads/019f6751-958b-7d8a-a9a6-0f853bb35f0f/impression responded 204 in 0.0627 ms
2026-07-29 11:16:28.143 -07:00 [INF] HTTP OPTIONS /api/v1/ads/019f6751-9589-76dd-a1a8-4c3bf2cfc076/impression responded 204 in 0.6659 ms
2026-07-29 11:16:28.163 -07:00 [INF] HTTP POST /api/v1/ads/019f6751-958b-7d8a-a9a6-0f853bb35f0f/impression responded 200 in 18.7590 ms
2026-07-29 11:16:28.163 -07:00 [INF] HTTP POST /api/v1/ads/019f6751-9589-76dd-a1a8-4c3bf2cfc076/impression responded 200 in 18.2598 ms
2026-07-29 11:16:37.857 -07:00 [INF] HTTP OPTIONS /api/v1/ads/019f6751-9588-7e1c-b138-098134567940/impression responded 204 in 0.7223 ms
2026-07-29 11:16:37.899 -07:00 [INF] HTTP POST /api/v1/ads/019f6751-9588-7e1c-b138-098134567940/impression responded 200 in 38.9174 ms
2026-07-29 11:16:39.650 -07:00 [INF] HTTP OPTIONS /api/v1/ads/019f6751-958a-7a15-a575-98aaa0e56c88/impression responded 204 in 0.0858 ms
2026-07-29 11:16:39.667 -07:00 [INF] HTTP POST /api/v1/ads/019f6751-958a-7a15-a575-98aaa0e56c88/impression responded 200 in 14.6888 ms
2026-07-29 11:16:39.756 -07:00 [INF] HTTP OPTIONS /api/v1/ads/019f6751-9586-79ca-a9e4-063106266335/impression responded 204 in 0.0324 ms
2026-07-29 11:16:39.766 -07:00 [INF] HTTP POST /api/v1/ads/019f6751-9586-79ca-a9e4-063106266335/impression responded 200 in 8.4234 ms
2026-07-29 11:16:42.047 -07:00 [INF] HTTP OPTIONS /api/v1/ads/019f6751-9589-76dd-a1a8-4c3bf2cfc076/impression responded 204 in 0.0386 ms
2026-07-29 11:16:42.054 -07:00 [INF] HTTP POST /api/v1/ads/019f6751-9589-76dd-a1a8-4c3bf2cfc076/impression responded 200 in 5.8336 ms
2026-07-29 11:16:43.848 -07:00 [INF] HTTP OPTIONS /api/v1/ads/019f6751-958b-7d8a-a9a6-0f853bb35f0f/impression responded 204 in 0.0594 ms
2026-07-29 11:16:43.852 -07:00 [INF] HTTP POST /api/v1/ads/019f6751-958b-7d8a-a9a6-0f853bb35f0f/impression responded 200 in 3.2274 ms
2026-07-29 11:16:43.958 -07:00 [INF] HTTP OPTIONS /api/v1/ads/019f6751-956b-7a5e-b9d8-0ef3c1dcd66d/impression responded 204 in 0.0569 ms
2026-07-29 11:16:43.966 -07:00 [INF] HTTP POST /api/v1/ads/019f6751-956b-7a5e-b9d8-0ef3c1dcd66d/impression responded 200 in 6.5477 ms
2026-07-29 11:16:46.250 -07:00 [INF] HTTP OPTIONS /api/v1/ads/019f6751-9588-7e1c-b138-098134567940/impression responded 204 in 0.3443 ms
2026-07-29 11:16:46.269 -07:00 [INF] HTTP POST /api/v1/ads/019f6751-9588-7e1c-b138-098134567940/impression responded 200 in 17.0556 ms
2026-07-29 11:16:48.052 -07:00 [INF] HTTP OPTIONS /api/v1/ads/019f6751-958a-7a15-a575-98aaa0e56c88/impression responded 204 in 0.0460 ms
2026-07-29 11:16:48.065 -07:00 [INF] HTTP POST /api/v1/ads/019f6751-958a-7a15-a575-98aaa0e56c88/impression responded 200 in 11.6001 ms
2026-07-29 11:16:48.157 -07:00 [INF] HTTP OPTIONS /api/v1/ads/019f6751-9586-79ca-a9e4-063106266335/impression responded 204 in 0.0324 ms
2026-07-29 11:16:48.166 -07:00 [INF] HTTP POST /api/v1/ads/019f6751-9586-79ca-a9e4-063106266335/impression responded 200 in 8.4330 ms
2026-07-29 11:16:50.450 -07:00 [INF] HTTP OPTIONS /api/v1/ads/019f6751-9589-76dd-a1a8-4c3bf2cfc076/impression responded 204 in 0.0784 ms
2026-07-29 11:16:50.461 -07:00 [INF] HTTP POST /api/v1/ads/019f6751-9589-76dd-a1a8-4c3bf2cfc076/impression responded 200 in 8.6038 ms
2026-07-29 11:16:52.265 -07:00 [INF] HTTP OPTIONS /api/v1/ads/019f6751-958b-7d8a-a9a6-0f853bb35f0f/impression responded 204 in 0.0386 ms
2026-07-29 11:16:52.276 -07:00 [INF] HTTP POST /api/v1/ads/019f6751-958b-7d8a-a9a6-0f853bb35f0f/impression responded 200 in 10.9049 ms
2026-07-29 11:16:52.358 -07:00 [INF] HTTP OPTIONS /api/v1/ads/019f6751-956b-7a5e-b9d8-0ef3c1dcd66d/impression responded 204 in 0.0403 ms
2026-07-29 11:16:52.366 -07:00 [INF] HTTP POST /api/v1/ads/019f6751-956b-7a5e-b9d8-0ef3c1dcd66d/impression responded 200 in 7.1431 ms
2026-07-29 11:16:54.651 -07:00 [INF] HTTP OPTIONS /api/v1/ads/019f6751-9588-7e1c-b138-098134567940/impression responded 204 in 0.4998 ms
2026-07-29 11:16:54.680 -07:00 [INF] HTTP POST /api/v1/ads/019f6751-9588-7e1c-b138-098134567940/impression responded 200 in 27.4462 ms
2026-07-29 11:16:56.448 -07:00 [INF] HTTP OPTIONS /api/v1/ads/019f6751-958a-7a15-a575-98aaa0e56c88/impression responded 204 in 0.0566 ms
2026-07-29 11:16:56.457 -07:00 [INF] HTTP POST /api/v1/ads/019f6751-958a-7a15-a575-98aaa0e56c88/impression responded 200 in 6.2942 ms
2026-07-29 11:16:56.558 -07:00 [INF] HTTP OPTIONS /api/v1/ads/019f6751-9586-79ca-a9e4-063106266335/impression responded 204 in 0.0526 ms
2026-07-29 11:16:56.563 -07:00 [INF] HTTP POST /api/v1/ads/019f6751-9586-79ca-a9e4-063106266335/impression responded 200 in 4.5858 ms
2026-07-29 11:16:58.853 -07:00 [INF] HTTP OPTIONS /api/v1/ads/019f6751-9589-76dd-a1a8-4c3bf2cfc076/impression responded 204 in 0.0831 ms
2026-07-29 11:16:58.861 -07:00 [INF] HTTP POST /api/v1/ads/019f6751-9589-76dd-a1a8-4c3bf2cfc076/impression responded 200 in 6.1601 ms
2026-07-29 11:17:00.649 -07:00 [INF] HTTP OPTIONS /api/v1/ads/019f6751-958b-7d8a-a9a6-0f853bb35f0f/impression responded 204 in 0.0611 ms
2026-07-29 11:17:00.659 -07:00 [INF] HTTP POST /api/v1/ads/019f6751-958b-7d8a-a9a6-0f853bb35f0f/impression responded 200 in 9.2172 ms
2026-07-29 11:17:00.759 -07:00 [INF] HTTP OPTIONS /api/v1/ads/019f6751-956b-7a5e-b9d8-0ef3c1dcd66d/impression responded 204 in 0.3355 ms
2026-07-29 11:17:00.764 -07:00 [INF] HTTP POST /api/v1/ads/019f6751-956b-7a5e-b9d8-0ef3c1dcd66d/impression responded 200 in 4.4814 ms
2026-07-29 11:17:03.051 -07:00 [INF] HTTP OPTIONS /api/v1/ads/019f6751-9588-7e1c-b138-098134567940/impression responded 204 in 0.9978 ms
2026-07-29 11:17:03.059 -07:00 [INF] HTTP POST /api/v1/ads/019f6751-9588-7e1c-b138-098134567940/impression responded 200 in 5.9380 ms
2026-07-29 11:17:04.848 -07:00 [INF] HTTP OPTIONS /api/v1/ads/019f6751-958a-7a15-a575-98aaa0e56c88/impression responded 204 in 0.1983 ms
2026-07-29 11:17:04.856 -07:00 [INF] HTTP POST /api/v1/ads/019f6751-958a-7a15-a575-98aaa0e56c88/impression responded 200 in 6.2998 ms
2026-07-29 11:17:04.958 -07:00 [INF] HTTP OPTIONS /api/v1/ads/019f6751-9586-79ca-a9e4-063106266335/impression responded 204 in 0.0326 ms
2026-07-29 11:17:04.967 -07:00 [INF] HTTP POST /api/v1/ads/019f6751-9586-79ca-a9e4-063106266335/impression responded 200 in 8.1079 ms
2026-07-29 11:17:07.257 -07:00 [INF] HTTP OPTIONS /api/v1/ads/019f6751-9589-76dd-a1a8-4c3bf2cfc076/impression responded 204 in 0.0512 ms
2026-07-29 11:17:07.267 -07:00 [INF] HTTP POST /api/v1/ads/019f6751-9589-76dd-a1a8-4c3bf2cfc076/impression responded 200 in 5.8303 ms
2026-07-29 11:17:09.053 -07:00 [INF] HTTP OPTIONS /api/v1/ads/019f6751-958b-7d8a-a9a6-0f853bb35f0f/impression responded 204 in 0.3283 ms
2026-07-29 11:17:09.068 -07:00 [INF] HTTP POST /api/v1/ads/019f6751-958b-7d8a-a9a6-0f853bb35f0f/impression responded 200 in 10.1495 ms
2026-07-29 11:17:09.157 -07:00 [INF] HTTP OPTIONS /api/v1/ads/019f6751-956b-7a5e-b9d8-0ef3c1dcd66d/impression responded 204 in 0.0309 ms
2026-07-29 11:17:09.163 -07:00 [INF] HTTP POST /api/v1/ads/019f6751-956b-7a5e-b9d8-0ef3c1dcd66d/impression responded 200 in 4.5084 ms
2026-07-29 11:17:11.450 -07:00 [INF] HTTP OPTIONS /api/v1/ads/019f6751-9588-7e1c-b138-098134567940/impression responded 204 in 0.0590 ms
2026-07-29 11:17:11.462 -07:00 [INF] HTTP POST /api/v1/ads/019f6751-9588-7e1c-b138-098134567940/impression responded 200 in 10.1448 ms
2026-07-29 11:17:13.250 -07:00 [INF] HTTP OPTIONS /api/v1/ads/019f6751-958a-7a15-a575-98aaa0e56c88/impression responded 204 in 0.0706 ms
2026-07-29 11:17:13.261 -07:00 [INF] HTTP POST /api/v1/ads/019f6751-958a-7a15-a575-98aaa0e56c88/impression responded 200 in 9.6115 ms
2026-07-29 11:17:13.358 -07:00 [INF] HTTP OPTIONS /api/v1/ads/019f6751-9586-79ca-a9e4-063106266335/impression responded 204 in 0.1291 ms
2026-07-29 11:17:13.369 -07:00 [INF] HTTP POST /api/v1/ads/019f6751-9586-79ca-a9e4-063106266335/impression responded 200 in 8.3752 ms
2026-07-29 11:17:15.648 -07:00 [INF] HTTP OPTIONS /api/v1/ads/019f6751-9589-76dd-a1a8-4c3bf2cfc076/impression responded 204 in 0.0359 ms
2026-07-29 11:17:15.652 -07:00 [INF] HTTP POST /api/v1/ads/019f6751-9589-76dd-a1a8-4c3bf2cfc076/impression responded 200 in 3.1977 ms
2026-07-29 11:17:17.450 -07:00 [INF] HTTP OPTIONS /api/v1/ads/019f6751-958b-7d8a-a9a6-0f853bb35f0f/impression responded 204 in 0.0827 ms
2026-07-29 11:17:17.463 -07:00 [INF] HTTP POST /api/v1/ads/019f6751-958b-7d8a-a9a6-0f853bb35f0f/impression responded 200 in 8.3192 ms
2026-07-29 11:17:17.558 -07:00 [INF] HTTP OPTIONS /api/v1/ads/019f6751-956b-7a5e-b9d8-0ef3c1dcd66d/impression responded 204 in 0.0634 ms
2026-07-29 11:17:17.567 -07:00 [INF] HTTP POST /api/v1/ads/019f6751-956b-7a5e-b9d8-0ef3c1dcd66d/impression responded 200 in 8.4114 ms
2026-07-29 11:17:19.853 -07:00 [INF] HTTP OPTIONS /api/v1/ads/019f6751-9588-7e1c-b138-098134567940/impression responded 204 in 0.0655 ms
2026-07-29 11:17:19.862 -07:00 [INF] HTTP POST /api/v1/ads/019f6751-9588-7e1c-b138-098134567940/impression responded 200 in 7.4521 ms
2026-07-29 11:17:21.650 -07:00 [INF] HTTP OPTIONS /api/v1/ads/019f6751-958a-7a15-a575-98aaa0e56c88/impression responded 204 in 0.2856 ms
2026-07-29 11:17:21.662 -07:00 [INF] HTTP POST /api/v1/ads/019f6751-958a-7a15-a575-98aaa0e56c88/impression responded 200 in 10.1080 ms
2026-07-29 11:17:21.757 -07:00 [INF] HTTP OPTIONS /api/v1/ads/019f6751-9586-79ca-a9e4-063106266335/impression responded 204 in 0.0329 ms
2026-07-29 11:17:21.766 -07:00 [INF] HTTP POST /api/v1/ads/019f6751-9586-79ca-a9e4-063106266335/impression responded 200 in 8.2732 ms
2026-07-29 11:17:24.052 -07:00 [INF] HTTP OPTIONS /api/v1/ads/019f6751-9589-76dd-a1a8-4c3bf2cfc076/impression responded 204 in 0.5008 ms
2026-07-29 11:17:24.064 -07:00 [INF] HTTP POST /api/v1/ads/019f6751-9589-76dd-a1a8-4c3bf2cfc076/impression responded 200 in 10.6686 ms
2026-07-29 11:17:25.849 -07:00 [INF] HTTP OPTIONS /api/v1/ads/019f6751-958b-7d8a-a9a6-0f853bb35f0f/impression responded 204 in 1.2473 ms
2026-07-29 11:17:25.857 -07:00 [INF] HTTP POST /api/v1/ads/019f6751-958b-7d8a-a9a6-0f853bb35f0f/impression responded 200 in 6.6494 ms
2026-07-29 11:17:25.958 -07:00 [INF] HTTP OPTIONS /api/v1/ads/019f6751-956b-7a5e-b9d8-0ef3c1dcd66d/impression responded 204 in 0.0692 ms
2026-07-29 11:17:25.965 -07:00 [INF] HTTP POST /api/v1/ads/019f6751-956b-7a5e-b9d8-0ef3c1dcd66d/impression responded 200 in 6.6864 ms
2026-07-29 11:17:28.247 -07:00 [INF] HTTP OPTIONS /api/v1/ads/019f6751-9588-7e1c-b138-098134567940/impression responded 204 in 0.0299 ms
2026-07-29 11:17:28.255 -07:00 [INF] HTTP POST /api/v1/ads/019f6751-9588-7e1c-b138-098134567940/impression responded 200 in 6.7608 ms
2026-07-29 11:17:30.057 -07:00 [INF] HTTP OPTIONS /api/v1/ads/019f6751-958a-7a15-a575-98aaa0e56c88/impression responded 204 in 1.8259 ms
2026-07-29 11:17:30.066 -07:00 [INF] HTTP POST /api/v1/ads/019f6751-958a-7a15-a575-98aaa0e56c88/impression responded 200 in 5.7974 ms
2026-07-29 11:17:30.157 -07:00 [INF] HTTP OPTIONS /api/v1/ads/019f6751-9586-79ca-a9e4-063106266335/impression responded 204 in 0.0474 ms
2026-07-29 11:17:30.169 -07:00 [INF] HTTP POST /api/v1/ads/019f6751-9586-79ca-a9e4-063106266335/impression responded 200 in 10.5752 ms
2026-07-29 11:17:32.449 -07:00 [INF] HTTP OPTIONS /api/v1/ads/019f6751-9589-76dd-a1a8-4c3bf2cfc076/impression responded 204 in 0.0327 ms
2026-07-29 11:17:32.460 -07:00 [INF] HTTP POST /api/v1/ads/019f6751-9589-76dd-a1a8-4c3bf2cfc076/impression responded 200 in 9.1933 ms
2026-07-29 11:17:34.248 -07:00 [INF] HTTP OPTIONS /api/v1/ads/019f6751-958b-7d8a-a9a6-0f853bb35f0f/impression responded 204 in 0.0839 ms
2026-07-29 11:17:34.258 -07:00 [INF] HTTP POST /api/v1/ads/019f6751-958b-7d8a-a9a6-0f853bb35f0f/impression responded 200 in 8.6187 ms
2026-07-29 11:17:34.358 -07:00 [INF] HTTP OPTIONS /api/v1/ads/019f6751-956b-7a5e-b9d8-0ef3c1dcd66d/impression responded 204 in 0.0321 ms
2026-07-29 11:17:34.366 -07:00 [INF] HTTP POST /api/v1/ads/019f6751-956b-7a5e-b9d8-0ef3c1dcd66d/impression responded 200 in 6.8303 ms
2026-07-29 11:17:36.651 -07:00 [INF] HTTP OPTIONS /api/v1/ads/019f6751-9588-7e1c-b138-098134567940/impression responded 204 in 0.0870 ms
2026-07-29 11:17:36.663 -07:00 [INF] HTTP POST /api/v1/ads/019f6751-9588-7e1c-b138-098134567940/impression responded 200 in 10.4697 ms
2026-07-29 11:17:38.451 -07:00 [INF] HTTP OPTIONS /api/v1/ads/019f6751-958a-7a15-a575-98aaa0e56c88/impression responded 204 in 0.1053 ms
2026-07-29 11:17:38.458 -07:00 [INF] HTTP POST /api/v1/ads/019f6751-958a-7a15-a575-98aaa0e56c88/impression responded 200 in 5.5296 ms
2026-07-29 11:17:38.558 -07:00 [INF] HTTP OPTIONS /api/v1/ads/019f6751-9586-79ca-a9e4-063106266335/impression responded 204 in 0.1831 ms
2026-07-29 11:17:38.568 -07:00 [INF] HTTP POST /api/v1/ads/019f6751-9586-79ca-a9e4-063106266335/impression responded 200 in 8.5633 ms
2026-07-29 11:17:41.453 -07:00 [INF] HTTP OPTIONS /api/v1/ads/019f6751-9589-76dd-a1a8-4c3bf2cfc076/impression responded 204 in 19.1515 ms
2026-07-29 11:17:42.576 -07:00 [INF] HTTP POST /api/v1/ads/019f6751-9589-76dd-a1a8-4c3bf2cfc076/impression responded 200 in 1068.8365 ms
2026-07-29 11:20:35.134 -07:00 [INF] HTTP OPTIONS /api/v1/ads/019f6751-9588-7e1c-b138-098134567940/impression responded 204 in 0.2684 ms
2026-07-29 11:20:35.133 -07:00 [INF] HTTP OPTIONS /api/v1/ads/019f6751-956b-7a5e-b9d8-0ef3c1dcd66d/impression responded 204 in 0.5715 ms
2026-07-29 11:20:35.137 -07:00 [INF] HTTP OPTIONS /api/v1/ads/019f6751-958b-7d8a-a9a6-0f853bb35f0f/impression responded 204 in 0.0330 ms
2026-07-29 11:20:35.225 -07:00 [INF] HTTP POST /api/v1/ads/019f6751-956b-7a5e-b9d8-0ef3c1dcd66d/impression responded 200 in 86.7374 ms
2026-07-29 11:20:35.225 -07:00 [INF] HTTP POST /api/v1/ads/019f6751-9588-7e1c-b138-098134567940/impression responded 200 in 86.8139 ms
2026-07-29 11:20:35.226 -07:00 [INF] HTTP POST /api/v1/ads/019f6751-958b-7d8a-a9a6-0f853bb35f0f/impression responded 200 in 86.1579 ms
2026-07-29 11:26:28.327 -07:00 [INF] HTTP OPTIONS /api/v1/ads/019f6751-9589-76dd-a1a8-4c3bf2cfc076/impression responded 204 in 7.5050 ms
2026-07-29 11:26:28.328 -07:00 [INF] HTTP OPTIONS /api/v1/ads/019f6751-958a-7a15-a575-98aaa0e56c88/impression responded 204 in 7.6003 ms
2026-07-29 11:26:28.327 -07:00 [INF] HTTP OPTIONS /api/v1/ads/019f6751-9586-79ca-a9e4-063106266335/impression responded 204 in 5.2810 ms
2026-07-29 11:26:28.591 -07:00 [INF] HTTP POST /api/v1/ads/019f6751-9589-76dd-a1a8-4c3bf2cfc076/impression responded 200 in 256.9105 ms
2026-07-29 11:26:28.591 -07:00 [INF] HTTP POST /api/v1/ads/019f6751-958a-7a15-a575-98aaa0e56c88/impression responded 200 in 257.5642 ms
2026-07-29 11:26:28.591 -07:00 [INF] HTTP POST /api/v1/ads/019f6751-9586-79ca-a9e4-063106266335/impression responded 200 in 257.0952 ms
2026-07-29 11:26:31.045 -07:00 [INF] HTTP GET /api/v1/site-settings responded 200 in 31.6654 ms
2026-07-29 11:26:32.218 -07:00 [INF] HTTP OPTIONS /api/v1/ads responded 204 in 2.3849 ms
2026-07-29 11:26:32.218 -07:00 [INF] HTTP OPTIONS /api/v1/ads responded 204 in 1.9241 ms
2026-07-29 11:26:32.218 -07:00 [INF] HTTP OPTIONS /api/v1/ads responded 204 in 1.8884 ms
2026-07-29 11:26:32.229 -07:00 [INF] HTTP OPTIONS /api/v1/site-settings responded 204 in 0.6430 ms
2026-07-29 11:26:32.309 -07:00 [INF] HTTP OPTIONS /api/v1/feed/home responded 204 in 0.0285 ms
2026-07-29 11:26:32.334 -07:00 [INF] HTTP GET /api/v1/ads responded 200 in 112.3160 ms
2026-07-29 11:26:32.335 -07:00 [INF] HTTP GET /api/v1/ads responded 200 in 94.5252 ms
2026-07-29 11:26:32.363 -07:00 [INF] HTTP OPTIONS /api/v1/ads/019f6751-9588-7e1c-b138-098134567940/impression responded 204 in 0.0373 ms
2026-07-29 11:26:32.363 -07:00 [INF] HTTP OPTIONS /api/v1/ads/019f6751-958a-7a15-a575-98aaa0e56c88/impression responded 204 in 0.0240 ms
2026-07-29 11:26:32.441 -07:00 [INF] HTTP GET /api/v1/site-settings responded 200 in 201.1196 ms
2026-07-29 11:26:32.456 -07:00 [INF] HTTP POST /api/v1/ads/019f6751-9588-7e1c-b138-098134567940/impression responded 200 in 70.0065 ms
2026-07-29 11:26:32.457 -07:00 [INF] HTTP POST /api/v1/ads/019f6751-958a-7a15-a575-98aaa0e56c88/impression responded 200 in 70.3929 ms
2026-07-29 11:26:32.466 -07:00 [INF] HTTP GET /api/v1/ads responded 200 in 243.6035 ms
2026-07-29 11:26:32.503 -07:00 [INF] HTTP OPTIONS /api/v1/ads/019f6751-956b-7a5e-b9d8-0ef3c1dcd66d/impression responded 204 in 0.1402 ms
2026-07-29 11:26:32.532 -07:00 [INF] HTTP POST /api/v1/ads/019f6751-956b-7a5e-b9d8-0ef3c1dcd66d/impression responded 200 in 16.4120 ms
2026-07-29 11:26:32.571 -07:00 [INF] HTTP GET /api/v1/feed/home responded 200 in 240.7749 ms
2026-07-29 11:26:37.181 -07:00 [INF] HTTP OPTIONS /api/v1/admin/site-settings responded 204 in 0.1626 ms
2026-07-29 11:26:37.347 -07:00 [INF] HTTP POST /api/v1/admin/site-settings responded 200 in 164.6954 ms
2026-07-29 11:26:37.360 -07:00 [INF] HTTP GET /api/v1/admin/site-settings responded 200 in 9.8971 ms
2026-07-29 11:26:41.544 -07:00 [INF] HTTP OPTIONS /api/v1/ads responded 204 in 0.2226 ms
2026-07-29 11:26:41.551 -07:00 [INF] HTTP OPTIONS /api/v1/ads responded 204 in 0.1599 ms
2026-07-29 11:26:41.552 -07:00 [INF] HTTP OPTIONS /api/v1/ads responded 204 in 0.0168 ms
2026-07-29 11:26:41.553 -07:00 [INF] HTTP OPTIONS /api/v1/site-settings responded 204 in 0.0344 ms
2026-07-29 11:26:41.572 -07:00 [INF] HTTP GET /api/v1/ads responded 200 in 16.8081 ms
2026-07-29 11:26:41.579 -07:00 [INF] HTTP GET /api/v1/ads responded 200 in 26.1422 ms
2026-07-29 11:26:41.599 -07:00 [INF] HTTP GET /api/v1/ads responded 200 in 43.9537 ms
2026-07-29 11:26:41.623 -07:00 [INF] HTTP GET /api/v1/site-settings responded 200 in 64.6967 ms
2026-07-29 11:26:41.624 -07:00 [INF] HTTP OPTIONS /api/v1/ads/019f6751-958a-7a15-a575-98aaa0e56c88/impression responded 204 in 0.0276 ms
2026-07-29 11:26:41.624 -07:00 [INF] HTTP OPTIONS /api/v1/ads/019f6751-956b-7a5e-b9d8-0ef3c1dcd66d/impression responded 204 in 0.2210 ms
2026-07-29 11:26:41.665 -07:00 [INF] HTTP OPTIONS /api/v1/ads/019f6751-9588-7e1c-b138-098134567940/impression responded 204 in 0.0319 ms
2026-07-29 11:26:41.720 -07:00 [INF] HTTP POST /api/v1/ads/019f6751-958a-7a15-a575-98aaa0e56c88/impression responded 200 in 55.0587 ms
2026-07-29 11:26:41.727 -07:00 [INF] HTTP POST /api/v1/ads/019f6751-9588-7e1c-b138-098134567940/impression responded 200 in 39.5141 ms
2026-07-29 11:26:41.727 -07:00 [INF] HTTP POST /api/v1/ads/019f6751-956b-7a5e-b9d8-0ef3c1dcd66d/impression responded 200 in 43.6136 ms
2026-07-29 11:26:41.739 -07:00 [INF] HTTP OPTIONS /api/v1/feed/home responded 204 in 0.0331 ms
2026-07-29 11:26:41.788 -07:00 [INF] HTTP GET /api/v1/feed/home responded 200 in 48.4569 ms
2026-07-29 11:26:43.035 -07:00 [INF] HTTP OPTIONS /api/v1/ads responded 204 in 0.2428 ms
2026-07-29 11:26:43.038 -07:00 [INF] HTTP OPTIONS /api/v1/site-settings responded 204 in 0.1018 ms
2026-07-29 11:26:43.035 -07:00 [INF] HTTP OPTIONS /api/v1/ads responded 204 in 0.0063 ms
2026-07-29 11:26:43.038 -07:00 [INF] HTTP OPTIONS /api/v1/ads responded 204 in 0.0683 ms
2026-07-29 11:26:43.046 -07:00 [INF] HTTP GET /api/v1/ads responded 200 in 4.5835 ms
2026-07-29 11:26:43.048 -07:00 [INF] HTTP GET /api/v1/ads responded 200 in 7.3528 ms
2026-07-29 11:26:43.059 -07:00 [INF] HTTP GET /api/v1/ads responded 200 in 18.3687 ms
2026-07-29 11:26:43.066 -07:00 [INF] HTTP GET /api/v1/site-settings responded 200 in 25.1643 ms
2026-07-29 11:26:43.099 -07:00 [INF] HTTP OPTIONS /api/v1/ads/019f6751-958a-7a15-a575-98aaa0e56c88/impression responded 204 in 0.0304 ms
2026-07-29 11:26:43.099 -07:00 [INF] HTTP OPTIONS /api/v1/ads/019f6751-956b-7a5e-b9d8-0ef3c1dcd66d/impression responded 204 in 0.0225 ms
2026-07-29 11:26:43.128 -07:00 [INF] HTTP POST /api/v1/ads/019f6751-956b-7a5e-b9d8-0ef3c1dcd66d/impression responded 200 in 20.5849 ms
2026-07-29 11:26:43.129 -07:00 [INF] HTTP POST /api/v1/ads/019f6751-958a-7a15-a575-98aaa0e56c88/impression responded 200 in 21.8763 ms
2026-07-29 11:26:43.130 -07:00 [INF] HTTP OPTIONS /api/v1/ads/019f6751-9588-7e1c-b138-098134567940/impression responded 204 in 0.0321 ms
2026-07-29 11:26:43.131 -07:00 [INF] HTTP OPTIONS /api/v1/feed/home responded 204 in 0.0277 ms
2026-07-29 11:26:43.142 -07:00 [INF] HTTP POST /api/v1/ads/019f6751-9588-7e1c-b138-098134567940/impression responded 200 in 8.0173 ms
2026-07-29 11:26:43.147 -07:00 [INF] HTTP GET /api/v1/feed/home responded 200 in 12.8504 ms
2026-07-29 11:26:45.007 -07:00 [INF] HTTP OPTIONS /api/v1/ads responded 204 in 0.0349 ms
2026-07-29 11:26:45.007 -07:00 [INF] HTTP OPTIONS /api/v1/site-settings responded 204 in 0.0133 ms
2026-07-29 11:26:45.007 -07:00 [INF] HTTP OPTIONS /api/v1/ads responded 204 in 0.0155 ms
2026-07-29 11:26:45.007 -07:00 [INF] HTTP OPTIONS /api/v1/ads responded 204 in 0.0351 ms
2026-07-29 11:26:45.026 -07:00 [INF] HTTP GET /api/v1/ads responded 200 in 11.8904 ms
2026-07-29 11:26:45.028 -07:00 [INF] HTTP GET /api/v1/ads responded 200 in 14.8413 ms
2026-07-29 11:26:45.029 -07:00 [INF] HTTP GET /api/v1/ads responded 200 in 18.7755 ms
2026-07-29 11:26:45.033 -07:00 [INF] HTTP GET /api/v1/site-settings responded 200 in 19.9209 ms
2026-07-29 11:26:45.083 -07:00 [INF] HTTP OPTIONS /api/v1/feed/home responded 204 in 0.0310 ms
2026-07-29 11:26:45.114 -07:00 [INF] HTTP GET /api/v1/feed/home responded 200 in 28.0223 ms
2026-07-29 11:26:45.205 -07:00 [INF] HTTP OPTIONS /api/v1/ads/019f6751-956b-7a5e-b9d8-0ef3c1dcd66d/impression responded 204 in 0.0319 ms
2026-07-29 11:26:45.209 -07:00 [INF] HTTP OPTIONS /api/v1/ads/019f6751-9588-7e1c-b138-098134567940/impression responded 204 in 0.0287 ms
2026-07-29 11:26:45.209 -07:00 [INF] HTTP OPTIONS /api/v1/ads/019f6751-958a-7a15-a575-98aaa0e56c88/impression responded 204 in 0.0097 ms
2026-07-29 11:26:45.228 -07:00 [INF] HTTP POST /api/v1/ads/019f6751-958a-7a15-a575-98aaa0e56c88/impression responded 200 in 15.5341 ms
2026-07-29 11:26:45.228 -07:00 [INF] HTTP POST /api/v1/ads/019f6751-9588-7e1c-b138-098134567940/impression responded 200 in 15.6283 ms
2026-07-29 11:26:45.229 -07:00 [INF] HTTP POST /api/v1/ads/019f6751-956b-7a5e-b9d8-0ef3c1dcd66d/impression responded 200 in 16.6326 ms
2026-07-29 11:26:46.235 -07:00 [INF] HTTP OPTIONS /api/v1/ads responded 204 in 0.0503 ms
2026-07-29 11:26:46.235 -07:00 [INF] HTTP OPTIONS /api/v1/ads responded 204 in 0.0253 ms
2026-07-29 11:26:46.235 -07:00 [INF] HTTP OPTIONS /api/v1/ads responded 204 in 0.0091 ms
2026-07-29 11:26:46.235 -07:00 [INF] HTTP OPTIONS /api/v1/site-settings responded 204 in 0.0154 ms
2026-07-29 11:26:46.248 -07:00 [INF] HTTP GET /api/v1/ads responded 200 in 7.6455 ms
2026-07-29 11:26:46.252 -07:00 [INF] HTTP GET /api/v1/ads responded 200 in 13.1843 ms
2026-07-29 11:26:46.253 -07:00 [INF] HTTP GET /api/v1/ads responded 200 in 12.5949 ms
2026-07-29 11:26:46.266 -07:00 [INF] HTTP GET /api/v1/site-settings responded 200 in 24.7856 ms
2026-07-29 11:26:46.306 -07:00 [INF] HTTP OPTIONS /api/v1/ads/019f6751-956b-7a5e-b9d8-0ef3c1dcd66d/impression responded 204 in 0.0360 ms
2026-07-29 11:26:46.306 -07:00 [INF] HTTP OPTIONS /api/v1/ads/019f6751-958a-7a15-a575-98aaa0e56c88/impression responded 204 in 0.0110 ms
2026-07-29 11:26:46.343 -07:00 [INF] HTTP OPTIONS /api/v1/ads/019f6751-9588-7e1c-b138-098134567940/impression responded 204 in 0.0829 ms
2026-07-29 11:26:46.352 -07:00 [INF] HTTP OPTIONS /api/v1/feed/home responded 204 in 0.0277 ms
2026-07-29 11:26:46.359 -07:00 [INF] HTTP POST /api/v1/ads/019f6751-958a-7a15-a575-98aaa0e56c88/impression responded 200 in 33.9211 ms
2026-07-29 11:26:46.361 -07:00 [INF] HTTP POST /api/v1/ads/019f6751-956b-7a5e-b9d8-0ef3c1dcd66d/impression responded 200 in 42.2792 ms
2026-07-29 11:26:46.363 -07:00 [INF] HTTP POST /api/v1/ads/019f6751-9588-7e1c-b138-098134567940/impression responded 200 in 17.8334 ms
2026-07-29 11:26:46.366 -07:00 [INF] HTTP GET /api/v1/feed/home responded 200 in 13.9532 ms
2026-07-29 11:26:47.205 -07:00 [INF] HTTP OPTIONS /api/v1/ads responded 204 in 0.0850 ms
2026-07-29 11:26:47.206 -07:00 [INF] HTTP OPTIONS /api/v1/ads responded 204 in 0.0229 ms
2026-07-29 11:26:47.205 -07:00 [INF] HTTP OPTIONS /api/v1/ads responded 204 in 0.0062 ms
2026-07-29 11:26:47.208 -07:00 [INF] HTTP OPTIONS /api/v1/site-settings responded 204 in 0.1303 ms
2026-07-29 11:26:47.221 -07:00 [INF] HTTP GET /api/v1/ads responded 200 in 12.0783 ms
2026-07-29 11:26:47.222 -07:00 [INF] HTTP GET /api/v1/ads responded 200 in 13.0243 ms
2026-07-29 11:26:47.224 -07:00 [INF] HTTP GET /api/v1/ads responded 200 in 16.0025 ms
2026-07-29 11:26:47.229 -07:00 [INF] HTTP GET /api/v1/site-settings responded 200 in 15.9770 ms
2026-07-29 11:26:47.295 -07:00 [INF] HTTP OPTIONS /api/v1/feed/home responded 204 in 0.0878 ms
2026-07-29 11:26:47.332 -07:00 [INF] HTTP OPTIONS /api/v1/ads/019f6751-956b-7a5e-b9d8-0ef3c1dcd66d/impression responded 204 in 0.0275 ms
2026-07-29 11:26:47.332 -07:00 [INF] HTTP OPTIONS /api/v1/ads/019f6751-9588-7e1c-b138-098134567940/impression responded 204 in 0.0096 ms
2026-07-29 11:26:47.332 -07:00 [INF] HTTP OPTIONS /api/v1/ads/019f6751-958a-7a15-a575-98aaa0e56c88/impression responded 204 in 0.0048 ms
2026-07-29 11:26:47.339 -07:00 [INF] HTTP GET /api/v1/feed/home responded 200 in 41.2775 ms
2026-07-29 11:26:47.345 -07:00 [INF] HTTP POST /api/v1/ads/019f6751-956b-7a5e-b9d8-0ef3c1dcd66d/impression responded 200 in 10.4521 ms
2026-07-29 11:26:47.346 -07:00 [INF] HTTP POST /api/v1/ads/019f6751-9588-7e1c-b138-098134567940/impression responded 200 in 11.0608 ms
2026-07-29 11:26:47.348 -07:00 [INF] HTTP POST /api/v1/ads/019f6751-958a-7a15-a575-98aaa0e56c88/impression responded 200 in 8.8028 ms
2026-07-29 11:26:48.243 -07:00 [INF] HTTP OPTIONS /api/v1/ads responded 204 in 0.0538 ms
2026-07-29 11:26:48.245 -07:00 [INF] HTTP OPTIONS /api/v1/ads responded 204 in 0.0346 ms
2026-07-29 11:26:48.246 -07:00 [INF] HTTP OPTIONS /api/v1/ads responded 204 in 0.0202 ms
2026-07-29 11:26:48.247 -07:00 [INF] HTTP OPTIONS /api/v1/site-settings responded 204 in 0.0248 ms
2026-07-29 11:26:48.254 -07:00 [INF] HTTP GET /api/v1/ads responded 200 in 4.5458 ms
2026-07-29 11:26:48.260 -07:00 [INF] HTTP GET /api/v1/ads responded 200 in 13.1090 ms
2026-07-29 11:26:48.263 -07:00 [INF] HTTP OPTIONS /api/v1/feed/home responded 204 in 0.0305 ms
2026-07-29 11:26:48.267 -07:00 [INF] HTTP GET /api/v1/ads responded 200 in 17.8538 ms
2026-07-29 11:26:48.273 -07:00 [INF] HTTP GET /api/v1/site-settings responded 200 in 23.7090 ms
2026-07-29 11:26:48.295 -07:00 [INF] HTTP GET /api/v1/feed/home responded 200 in 30.7791 ms
2026-07-29 11:26:48.312 -07:00 [INF] HTTP OPTIONS /api/v1/ads/019f6751-958a-7a15-a575-98aaa0e56c88/impression responded 204 in 0.0380 ms
2026-07-29 11:26:48.320 -07:00 [INF] HTTP OPTIONS /api/v1/ads/019f6751-956b-7a5e-b9d8-0ef3c1dcd66d/impression responded 204 in 0.0277 ms
2026-07-29 11:26:48.321 -07:00 [INF] HTTP OPTIONS /api/v1/ads/019f6751-9588-7e1c-b138-098134567940/impression responded 204 in 0.7961 ms
2026-07-29 11:26:48.383 -07:00 [INF] HTTP POST /api/v1/ads/019f6751-958a-7a15-a575-98aaa0e56c88/impression responded 200 in 66.1208 ms
2026-07-29 11:26:48.391 -07:00 [INF] HTTP POST /api/v1/ads/019f6751-956b-7a5e-b9d8-0ef3c1dcd66d/impression responded 200 in 25.7775 ms
2026-07-29 11:26:48.395 -07:00 [INF] HTTP POST /api/v1/ads/019f6751-9588-7e1c-b138-098134567940/impression responded 200 in 21.8582 ms
2026-07-29 11:26:52.181 -07:00 [INF] HTTP OPTIONS /api/v1/admin/site-settings responded 204 in 0.0361 ms
2026-07-29 11:26:52.289 -07:00 [INF] HTTP POST /api/v1/admin/site-settings responded 200 in 106.5147 ms
2026-07-29 11:26:52.299 -07:00 [INF] HTTP GET /api/v1/admin/site-settings responded 200 in 8.1513 ms
2026-07-29 11:26:55.749 -07:00 [INF] HTTP OPTIONS /api/v1/site-settings responded 204 in 0.0454 ms
2026-07-29 11:26:55.748 -07:00 [INF] HTTP OPTIONS /api/v1/ads responded 204 in 0.1523 ms
2026-07-29 11:26:55.749 -07:00 [INF] HTTP OPTIONS /api/v1/ads responded 204 in 0.0053 ms
2026-07-29 11:26:55.749 -07:00 [INF] HTTP OPTIONS /api/v1/ads responded 204 in 0.0095 ms
2026-07-29 11:26:55.775 -07:00 [INF] HTTP GET /api/v1/ads responded 200 in 12.9038 ms
2026-07-29 11:26:55.771 -07:00 [INF] HTTP GET /api/v1/ads responded 200 in 17.1408 ms
2026-07-29 11:26:55.780 -07:00 [INF] HTTP OPTIONS /api/v1/feed/home responded 204 in 0.1725 ms
2026-07-29 11:26:55.794 -07:00 [INF] HTTP GET /api/v1/ads responded 200 in 29.8598 ms
2026-07-29 11:26:55.813 -07:00 [INF] HTTP GET /api/v1/site-settings responded 200 in 62.0501 ms
2026-07-29 11:26:55.918 -07:00 [INF] HTTP OPTIONS /api/v1/ads/019f6751-9588-7e1c-b138-098134567940/impression responded 204 in 0.0156 ms
2026-07-29 11:26:55.917 -07:00 [INF] HTTP OPTIONS /api/v1/ads/019f6751-956b-7a5e-b9d8-0ef3c1dcd66d/impression responded 204 in 11.2223 ms
2026-07-29 11:26:55.929 -07:00 [INF] HTTP OPTIONS /api/v1/ads/019f6751-958a-7a15-a575-98aaa0e56c88/impression responded 204 in 0.0318 ms
2026-07-29 11:26:55.993 -07:00 [INF] HTTP GET /api/v1/feed/home responded 200 in 212.0886 ms
2026-07-29 11:26:56.035 -07:00 [INF] HTTP POST /api/v1/ads/019f6751-9588-7e1c-b138-098134567940/impression responded 200 in 54.0004 ms
2026-07-29 11:26:56.042 -07:00 [INF] HTTP POST /api/v1/ads/019f6751-958a-7a15-a575-98aaa0e56c88/impression responded 200 in 49.9650 ms
2026-07-29 11:26:56.042 -07:00 [INF] HTTP POST /api/v1/ads/019f6751-956b-7a5e-b9d8-0ef3c1dcd66d/impression responded 200 in 50.1959 ms
2026-07-29 11:26:56.906 -07:00 [INF] HTTP OPTIONS /api/v1/ads responded 204 in 0.4253 ms
2026-07-29 11:26:56.908 -07:00 [INF] HTTP OPTIONS /api/v1/site-settings responded 204 in 0.0186 ms
2026-07-29 11:26:56.906 -07:00 [INF] HTTP OPTIONS /api/v1/ads responded 204 in 0.0216 ms
2026-07-29 11:26:56.907 -07:00 [INF] HTTP OPTIONS /api/v1/ads responded 204 in 0.0091 ms
2026-07-29 11:26:56.915 -07:00 [INF] HTTP GET /api/v1/ads responded 200 in 5.7982 ms
2026-07-29 11:26:56.920 -07:00 [INF] HTTP GET /api/v1/ads responded 200 in 7.2562 ms
2026-07-29 11:26:56.930 -07:00 [INF] HTTP GET /api/v1/ads responded 200 in 17.0725 ms
2026-07-29 11:26:56.932 -07:00 [INF] HTTP GET /api/v1/site-settings responded 200 in 22.3415 ms
2026-07-29 11:26:56.940 -07:00 [INF] HTTP OPTIONS /api/v1/feed/home responded 204 in 0.0360 ms
2026-07-29 11:26:56.953 -07:00 [INF] HTTP GET /api/v1/feed/home responded 200 in 12.4519 ms
2026-07-29 11:26:56.988 -07:00 [INF] HTTP OPTIONS /api/v1/ads/019f6751-956b-7a5e-b9d8-0ef3c1dcd66d/impression responded 204 in 0.0496 ms
2026-07-29 11:26:56.990 -07:00 [INF] HTTP OPTIONS /api/v1/ads/019f6751-9588-7e1c-b138-098134567940/impression responded 204 in 0.0259 ms
2026-07-29 11:26:56.991 -07:00 [INF] HTTP OPTIONS /api/v1/ads/019f6751-958a-7a15-a575-98aaa0e56c88/impression responded 204 in 0.0325 ms
2026-07-29 11:26:57.009 -07:00 [INF] HTTP POST /api/v1/ads/019f6751-956b-7a5e-b9d8-0ef3c1dcd66d/impression responded 200 in 8.8013 ms
2026-07-29 11:26:57.015 -07:00 [INF] HTTP POST /api/v1/ads/019f6751-9588-7e1c-b138-098134567940/impression responded 200 in 16.7045 ms
2026-07-29 11:26:57.017 -07:00 [INF] HTTP POST /api/v1/ads/019f6751-958a-7a15-a575-98aaa0e56c88/impression responded 200 in 15.6269 ms
2026-07-29 11:27:01.211 -07:00 [INF] HTTP OPTIONS /api/v1/ads/019f6751-9589-76dd-a1a8-4c3bf2cfc076/impression responded 204 in 12.3353 ms
2026-07-29 11:27:01.211 -07:00 [INF] HTTP OPTIONS /api/v1/ads/019f6751-958b-7d8a-a9a6-0f853bb35f0f/impression responded 204 in 12.2697 ms
2026-07-29 11:27:01.245 -07:00 [INF] HTTP POST /api/v1/ads/019f6751-958b-7d8a-a9a6-0f853bb35f0f/impression responded 200 in 29.2387 ms
2026-07-29 11:27:01.245 -07:00 [INF] HTTP POST /api/v1/ads/019f6751-9589-76dd-a1a8-4c3bf2cfc076/impression responded 200 in 29.9780 ms
2026-07-29 11:27:01.475 -07:00 [INF] HTTP GET /api/v1/listings/019f6751-97cb-7c0c-9ae5-eda6f567be1c responded 200 in 59.6293 ms
2026-07-29 11:27:01.503 -07:00 [INF] HTTP GET /api/v1/listings responded 200 in 23.2159 ms
2026-07-29 11:27:02.429 -07:00 [INF] HTTP OPTIONS /api/v1/ads/019f6751-9586-79ca-a9e4-063106266335/impression responded 204 in 0.0335 ms
2026-07-29 11:27:02.441 -07:00 [INF] HTTP POST /api/v1/ads/019f6751-9586-79ca-a9e4-063106266335/impression responded 200 in 11.0726 ms
2026-07-29 11:27:05.391 -07:00 [INF] HTTP OPTIONS /api/v1/ads/019f6751-9588-7e1c-b138-098134567940/impression responded 204 in 0.0385 ms
2026-07-29 11:27:05.391 -07:00 [INF] HTTP OPTIONS /api/v1/ads/019f6751-958a-7a15-a575-98aaa0e56c88/impression responded 204 in 0.0323 ms
2026-07-29 11:27:05.397 -07:00 [INF] HTTP POST /api/v1/ads/019f6751-958a-7a15-a575-98aaa0e56c88/impression responded 200 in 4.6641 ms
2026-07-29 11:27:05.398 -07:00 [INF] HTTP POST /api/v1/ads/019f6751-9588-7e1c-b138-098134567940/impression responded 200 in 6.0509 ms
2026-07-29 11:27:06.629 -07:00 [INF] HTTP OPTIONS /api/v1/ads/019f6751-956b-7a5e-b9d8-0ef3c1dcd66d/impression responded 204 in 0.0441 ms
2026-07-29 11:27:06.651 -07:00 [INF] HTTP POST /api/v1/ads/019f6751-956b-7a5e-b9d8-0ef3c1dcd66d/impression responded 200 in 21.1903 ms
2026-07-29 11:27:09.592 -07:00 [INF] HTTP OPTIONS /api/v1/ads/019f6751-958b-7d8a-a9a6-0f853bb35f0f/impression responded 204 in 0.6214 ms
2026-07-29 11:27:09.592 -07:00 [INF] HTTP OPTIONS /api/v1/ads/019f6751-9589-76dd-a1a8-4c3bf2cfc076/impression responded 204 in 0.6226 ms
2026-07-29 11:27:09.623 -07:00 [INF] HTTP POST /api/v1/ads/019f6751-9589-76dd-a1a8-4c3bf2cfc076/impression responded 200 in 29.6826 ms
2026-07-29 11:27:09.625 -07:00 [INF] HTTP POST /api/v1/ads/019f6751-958b-7d8a-a9a6-0f853bb35f0f/impression responded 200 in 31.3983 ms
2026-07-29 11:27:10.824 -07:00 [INF] HTTP OPTIONS /api/v1/ads/019f6751-9586-79ca-a9e4-063106266335/impression responded 204 in 0.0310 ms
2026-07-29 11:27:10.839 -07:00 [INF] HTTP POST /api/v1/ads/019f6751-9586-79ca-a9e4-063106266335/impression responded 200 in 13.1999 ms
2026-07-29 11:27:13.788 -07:00 [INF] HTTP OPTIONS /api/v1/ads/019f6751-958a-7a15-a575-98aaa0e56c88/impression responded 204 in 0.0537 ms
2026-07-29 11:27:13.788 -07:00 [INF] HTTP OPTIONS /api/v1/ads/019f6751-9588-7e1c-b138-098134567940/impression responded 204 in 0.0536 ms
2026-07-29 11:27:13.804 -07:00 [INF] HTTP POST /api/v1/ads/019f6751-958a-7a15-a575-98aaa0e56c88/impression responded 200 in 5.3292 ms
2026-07-29 11:27:13.804 -07:00 [INF] HTTP POST /api/v1/ads/019f6751-9588-7e1c-b138-098134567940/impression responded 200 in 5.5813 ms
2026-07-29 11:27:22.765 -07:00 [INF] HTTP GET /api/v1/listings/019f6751-97cb-7c0c-9ae5-eda6f567be1c responded 200 in 33.4802 ms
2026-07-29 11:27:23.149 -07:00 [INF] HTTP GET /api/v1/listings responded 200 in 16.7460 ms
2026-07-29 11:27:26.584 -07:00 [INF] HTTP OPTIONS /api/v1/ads responded 204 in 0.0469 ms
2026-07-29 11:27:26.585 -07:00 [INF] HTTP OPTIONS /api/v1/ads responded 204 in 0.0733 ms
2026-07-29 11:27:26.586 -07:00 [INF] HTTP OPTIONS /api/v1/site-settings responded 204 in 0.5923 ms
2026-07-29 11:27:26.598 -07:00 [INF] HTTP GET /api/v1/ads responded 200 in 11.7381 ms
2026-07-29 11:27:26.598 -07:00 [INF] HTTP GET /api/v1/ads responded 200 in 12.6330 ms
2026-07-29 11:27:26.647 -07:00 [INF] HTTP GET /api/v1/site-settings responded 200 in 60.4370 ms
2026-07-29 11:27:26.648 -07:00 [INF] HTTP OPTIONS /api/v1/ads/019f6751-958a-7a15-a575-98aaa0e56c88/impression responded 204 in 0.2067 ms
2026-07-29 11:27:26.657 -07:00 [INF] HTTP POST /api/v1/ads/019f6751-958a-7a15-a575-98aaa0e56c88/impression responded 200 in 8.0026 ms
2026-07-29 11:27:30.846 -07:00 [INF] HTTP OPTIONS /api/v1/ads/019f6751-958b-7d8a-a9a6-0f853bb35f0f/impression responded 204 in 0.0381 ms
2026-07-29 11:27:30.881 -07:00 [INF] HTTP POST /api/v1/ads/019f6751-958b-7d8a-a9a6-0f853bb35f0f/impression responded 200 in 27.6813 ms
2026-07-29 11:27:32.712 -07:00 [INF] HTTP GET /api/v1/site-settings responded 200 in 9.6445 ms
2026-07-29 11:27:35.072 -07:00 [INF] HTTP OPTIONS /api/v1/ads/019f6751-958a-7a15-a575-98aaa0e56c88/impression responded 204 in 7.6175 ms
2026-07-29 11:27:35.101 -07:00 [INF] HTTP POST /api/v1/ads/019f6751-958a-7a15-a575-98aaa0e56c88/impression responded 200 in 24.1709 ms
2026-07-29 11:27:39.379 -07:00 [INF] HTTP OPTIONS /api/v1/ads responded 204 in 0.0166 ms
2026-07-29 11:27:39.379 -07:00 [INF] HTTP OPTIONS /api/v1/ads responded 204 in 0.3561 ms
2026-07-29 11:27:39.380 -07:00 [INF] HTTP OPTIONS /api/v1/ads responded 204 in 0.0454 ms
2026-07-29 11:27:39.387 -07:00 [INF] HTTP OPTIONS /api/v1/site-settings responded 204 in 0.2155 ms
2026-07-29 11:27:39.410 -07:00 [INF] HTTP OPTIONS /api/v1/feed/home responded 204 in 0.0302 ms
2026-07-29 11:27:39.535 -07:00 [INF] HTTP GET /api/v1/ads responded 200 in 125.0679 ms
2026-07-29 11:27:39.533 -07:00 [INF] HTTP GET /api/v1/ads responded 200 in 145.3711 ms
2026-07-29 11:27:39.535 -07:00 [INF] HTTP GET /api/v1/ads responded 200 in 148.2466 ms
2026-07-29 11:27:39.567 -07:00 [INF] HTTP OPTIONS /api/v1/ads/019f6751-956b-7a5e-b9d8-0ef3c1dcd66d/impression responded 204 in 0.0313 ms
2026-07-29 11:27:39.567 -07:00 [INF] HTTP OPTIONS /api/v1/ads/019f6751-958a-7a15-a575-98aaa0e56c88/impression responded 204 in 0.0094 ms
2026-07-29 11:27:39.567 -07:00 [INF] HTTP OPTIONS /api/v1/ads/019f6751-9588-7e1c-b138-098134567940/impression responded 204 in 0.0037 ms
2026-07-29 11:27:39.930 -07:00 [INF] HTTP GET /api/v1/site-settings responded 200 in 520.4082 ms
2026-07-29 11:27:40.084 -07:00 [INF] HTTP POST /api/v1/ads/019f6751-958a-7a15-a575-98aaa0e56c88/impression responded 200 in 481.6632 ms
2026-07-29 11:27:40.085 -07:00 [INF] HTTP POST /api/v1/ads/019f6751-956b-7a5e-b9d8-0ef3c1dcd66d/impression responded 200 in 475.9258 ms
2026-07-29 11:27:40.089 -07:00 [INF] HTTP POST /api/v1/ads/019f6751-9588-7e1c-b138-098134567940/impression responded 200 in 236.7283 ms
2026-07-29 11:27:40.113 -07:00 [INF] HTTP GET /api/v1/feed/home responded 200 in 677.1592 ms
2026-07-29 11:27:53.331 -07:00 [INF] HTTP OPTIONS /api/v1/ads/019f6751-9586-79ca-a9e4-063106266335/impression responded 204 in 1.5947 ms
2026-07-29 11:27:53.331 -07:00 [INF] HTTP OPTIONS /api/v1/ads/019f6751-9589-76dd-a1a8-4c3bf2cfc076/impression responded 204 in 1.5979 ms
2026-07-29 11:27:53.331 -07:00 [INF] HTTP OPTIONS /api/v1/ads/019f6751-958b-7d8a-a9a6-0f853bb35f0f/impression responded 204 in 1.6920 ms
2026-07-29 11:27:53.381 -07:00 [INF] HTTP POST /api/v1/ads/019f6751-9589-76dd-a1a8-4c3bf2cfc076/impression responded 200 in 34.5103 ms
2026-07-29 11:27:53.381 -07:00 [INF] HTTP POST /api/v1/ads/019f6751-958b-7d8a-a9a6-0f853bb35f0f/impression responded 200 in 34.5140 ms
2026-07-29 11:27:53.381 -07:00 [INF] HTTP POST /api/v1/ads/019f6751-9586-79ca-a9e4-063106266335/impression responded 200 in 34.4823 ms
2026-07-29 11:27:57.516 -07:00 [INF] HTTP OPTIONS /api/v1/ads/019f6751-958a-7a15-a575-98aaa0e56c88/impression responded 204 in 0.0330 ms
2026-07-29 11:27:57.516 -07:00 [INF] HTTP OPTIONS /api/v1/ads/019f6751-9588-7e1c-b138-098134567940/impression responded 204 in 0.0242 ms
2026-07-29 11:27:57.522 -07:00 [INF] HTTP POST /api/v1/ads/019f6751-958a-7a15-a575-98aaa0e56c88/impression responded 200 in 4.8478 ms
2026-07-29 11:27:57.524 -07:00 [INF] HTTP POST /api/v1/ads/019f6751-9588-7e1c-b138-098134567940/impression responded 200 in 6.7362 ms
2026-07-29 11:28:00.138 -07:00 [INF] HTTP OPTIONS /api/v1/ads/019f6751-956b-7a5e-b9d8-0ef3c1dcd66d/impression responded 204 in 0.6214 ms
2026-07-29 11:28:00.206 -07:00 [INF] HTTP POST /api/v1/ads/019f6751-956b-7a5e-b9d8-0ef3c1dcd66d/impression responded 200 in 58.5845 ms
2026-07-29 11:28:01.719 -07:00 [INF] HTTP OPTIONS /api/v1/ads/019f6751-958b-7d8a-a9a6-0f853bb35f0f/impression responded 204 in 0.0218 ms
2026-07-29 11:28:01.720 -07:00 [INF] HTTP OPTIONS /api/v1/ads/019f6751-9589-76dd-a1a8-4c3bf2cfc076/impression responded 204 in 0.0310 ms
2026-07-29 11:28:01.735 -07:00 [INF] HTTP POST /api/v1/ads/019f6751-958b-7d8a-a9a6-0f853bb35f0f/impression responded 200 in 13.6324 ms
2026-07-29 11:28:01.735 -07:00 [INF] HTTP POST /api/v1/ads/019f6751-9589-76dd-a1a8-4c3bf2cfc076/impression responded 200 in 13.0187 ms
2026-07-29 11:28:04.334 -07:00 [INF] HTTP OPTIONS /api/v1/ads/019f6751-9586-79ca-a9e4-063106266335/impression responded 204 in 0.0311 ms
2026-07-29 11:28:04.341 -07:00 [INF] HTTP POST /api/v1/ads/019f6751-9586-79ca-a9e4-063106266335/impression responded 200 in 6.2749 ms
2026-07-29 11:28:05.917 -07:00 [INF] HTTP OPTIONS /api/v1/ads/019f6751-958a-7a15-a575-98aaa0e56c88/impression responded 204 in 0.0314 ms
2026-07-29 11:28:05.918 -07:00 [INF] HTTP OPTIONS /api/v1/ads/019f6751-9588-7e1c-b138-098134567940/impression responded 204 in 0.0314 ms
2026-07-29 11:28:05.923 -07:00 [INF] HTTP POST /api/v1/ads/019f6751-9588-7e1c-b138-098134567940/impression responded 200 in 4.7762 ms
2026-07-29 11:28:05.926 -07:00 [INF] HTTP POST /api/v1/ads/019f6751-958a-7a15-a575-98aaa0e56c88/impression responded 200 in 7.6862 ms
2026-07-29 11:28:13.268 -07:00 [INF] HTTP OPTIONS /api/v1/site-settings responded 204 in 3.0016 ms
2026-07-29 11:28:13.272 -07:00 [INF] HTTP OPTIONS /api/v1/auth/providers responded 204 in 0.1079 ms
2026-07-29 11:28:13.336 -07:00 [INF] HTTP GET /api/v1/site-settings responded 200 in 59.6852 ms
2026-07-29 11:28:13.464 -07:00 [INF] HTTP GET /api/v1/auth/providers responded 200 in 185.8595 ms
2026-07-29 11:28:23.559 -07:00 [INF] HTTP OPTIONS /api/v1/admin/site-settings responded 204 in 0.8016 ms
2026-07-29 11:28:23.673 -07:00 [INF] HTTP POST /api/v1/admin/site-settings responded 200 in 110.8936 ms
2026-07-29 11:28:23.680 -07:00 [INF] HTTP GET /api/v1/admin/site-settings responded 200 in 4.5140 ms
2026-07-29 11:28:33.865 -07:00 [INF] HTTP GET /api/v1/site-settings responded 200 in 12.6883 ms
2026-07-29 11:28:35.928 -07:00 [INF] HTTP OPTIONS /api/v1/ads responded 204 in 0.1331 ms
2026-07-29 11:28:35.929 -07:00 [INF] HTTP OPTIONS /api/v1/ads responded 204 in 0.5743 ms
2026-07-29 11:28:35.929 -07:00 [INF] HTTP OPTIONS /api/v1/ads responded 204 in 0.0133 ms
2026-07-29 11:28:35.929 -07:00 [INF] HTTP OPTIONS /api/v1/site-settings responded 204 in 0.0562 ms
2026-07-29 11:28:35.955 -07:00 [INF] HTTP GET /api/v1/ads responded 200 in 14.6907 ms
2026-07-29 11:28:35.955 -07:00 [INF] HTTP GET /api/v1/ads responded 200 in 12.1854 ms
2026-07-29 11:28:35.967 -07:00 [INF] HTTP GET /api/v1/ads responded 200 in 29.4213 ms
2026-07-29 11:28:35.972 -07:00 [INF] HTTP OPTIONS /api/v1/feed/home responded 204 in 2.5039 ms
2026-07-29 11:28:35.979 -07:00 [INF] HTTP GET /api/v1/site-settings responded 200 in 34.0594 ms
2026-07-29 11:28:36.029 -07:00 [INF] HTTP GET /api/v1/feed/home responded 200 in 56.2949 ms
2026-07-29 11:28:36.032 -07:00 [INF] HTTP OPTIONS /api/v1/ads/019f6751-956b-7a5e-b9d8-0ef3c1dcd66d/impression responded 204 in 0.9255 ms
2026-07-29 11:28:36.050 -07:00 [INF] HTTP OPTIONS /api/v1/ads/019f6751-9588-7e1c-b138-098134567940/impression responded 204 in 0.0864 ms
2026-07-29 11:28:36.050 -07:00 [INF] HTTP OPTIONS /api/v1/ads/019f6751-958a-7a15-a575-98aaa0e56c88/impression responded 204 in 0.0098 ms
2026-07-29 11:28:36.080 -07:00 [INF] HTTP POST /api/v1/ads/019f6751-956b-7a5e-b9d8-0ef3c1dcd66d/impression responded 200 in 42.5388 ms
2026-07-29 11:28:36.080 -07:00 [INF] HTTP POST /api/v1/ads/019f6751-9588-7e1c-b138-098134567940/impression responded 200 in 28.0658 ms
2026-07-29 11:28:36.083 -07:00 [INF] HTTP POST /api/v1/ads/019f6751-958a-7a15-a575-98aaa0e56c88/impression responded 200 in 30.2499 ms
2026-07-29 11:28:40.238 -07:00 [INF] HTTP OPTIONS /api/v1/ads/019f6751-9589-76dd-a1a8-4c3bf2cfc076/impression responded 204 in 0.0410 ms
2026-07-29 11:28:40.239 -07:00 [INF] HTTP OPTIONS /api/v1/ads/019f6751-958b-7d8a-a9a6-0f853bb35f0f/impression responded 204 in 0.0327 ms
2026-07-29 11:28:40.255 -07:00 [INF] HTTP POST /api/v1/ads/019f6751-9589-76dd-a1a8-4c3bf2cfc076/impression responded 200 in 12.2536 ms
2026-07-29 11:28:40.267 -07:00 [INF] HTTP POST /api/v1/ads/019f6751-958b-7d8a-a9a6-0f853bb35f0f/impression responded 200 in 23.1865 ms
2026-07-29 11:28:41.066 -07:00 [INF] HTTP OPTIONS /api/v1/ads/019f6751-9586-79ca-a9e4-063106266335/impression responded 204 in 0.1184 ms
2026-07-29 11:28:41.074 -07:00 [INF] HTTP POST /api/v1/ads/019f6751-9586-79ca-a9e4-063106266335/impression responded 200 in 6.9380 ms
2026-07-29 11:28:42.315 -07:00 [INF] HTTP OPTIONS /api/v1/ads responded 204 in 0.1679 ms
2026-07-29 11:28:42.316 -07:00 [INF] HTTP OPTIONS /api/v1/ads responded 204 in 0.0201 ms
2026-07-29 11:28:42.316 -07:00 [INF] HTTP OPTIONS /api/v1/ads responded 204 in 1.1193 ms
2026-07-29 11:28:42.319 -07:00 [INF] HTTP OPTIONS /api/v1/site-settings responded 204 in 2.0282 ms
2026-07-29 11:28:42.328 -07:00 [INF] HTTP GET /api/v1/ads responded 200 in 6.8579 ms
2026-07-29 11:28:42.329 -07:00 [INF] HTTP GET /api/v1/ads responded 200 in 9.4034 ms
2026-07-29 11:28:42.330 -07:00 [INF] HTTP GET /api/v1/ads responded 200 in 8.8276 ms
2026-07-29 11:28:42.340 -07:00 [INF] HTTP GET /api/v1/site-settings responded 200 in 17.9887 ms
2026-07-29 11:28:42.398 -07:00 [INF] HTTP OPTIONS /api/v1/ads/019f6751-956b-7a5e-b9d8-0ef3c1dcd66d/impression responded 204 in 0.0493 ms
2026-07-29 11:28:42.398 -07:00 [INF] HTTP OPTIONS /api/v1/ads/019f6751-9588-7e1c-b138-098134567940/impression responded 204 in 0.0053 ms
2026-07-29 11:28:42.398 -07:00 [INF] HTTP OPTIONS /api/v1/ads/019f6751-958a-7a15-a575-98aaa0e56c88/impression responded 204 in 0.0048 ms
2026-07-29 11:28:42.406 -07:00 [INF] HTTP POST /api/v1/ads/019f6751-9588-7e1c-b138-098134567940/impression responded 200 in 4.5991 ms
2026-07-29 11:28:42.407 -07:00 [INF] HTTP POST /api/v1/ads/019f6751-956b-7a5e-b9d8-0ef3c1dcd66d/impression responded 200 in 4.8047 ms
2026-07-29 11:28:42.409 -07:00 [INF] HTTP POST /api/v1/ads/019f6751-958a-7a15-a575-98aaa0e56c88/impression responded 200 in 7.4770 ms
2026-07-29 11:28:42.425 -07:00 [INF] HTTP OPTIONS /api/v1/feed/home responded 204 in 0.0312 ms
2026-07-29 11:28:42.456 -07:00 [INF] HTTP GET /api/v1/feed/home responded 200 in 27.4669 ms
2026-07-29 11:28:53.021 -07:00 [INF] HTTP OPTIONS /api/v1/admin/site-settings responded 204 in 0.5118 ms
2026-07-29 11:28:53.117 -07:00 [INF] HTTP POST /api/v1/admin/site-settings responded 200 in 93.1593 ms
2026-07-29 11:28:53.126 -07:00 [INF] HTTP GET /api/v1/admin/site-settings responded 200 in 6.3249 ms
2026-07-29 11:28:56.142 -07:00 [INF] HTTP OPTIONS /api/v1/ads responded 204 in 0.0592 ms
2026-07-29 11:28:56.143 -07:00 [INF] HTTP OPTIONS /api/v1/ads responded 204 in 0.0154 ms
2026-07-29 11:28:56.143 -07:00 [INF] HTTP OPTIONS /api/v1/ads responded 204 in 0.0140 ms
2026-07-29 11:28:56.166 -07:00 [INF] HTTP OPTIONS /api/v1/site-settings responded 204 in 0.0360 ms
2026-07-29 11:28:56.169 -07:00 [INF] HTTP OPTIONS /api/v1/feed/home responded 204 in 0.0233 ms
2026-07-29 11:28:56.228 -07:00 [INF] HTTP GET /api/v1/ads responded 200 in 58.7359 ms
2026-07-29 11:28:56.228 -07:00 [INF] HTTP GET /api/v1/ads responded 200 in 44.2638 ms
2026-07-29 11:28:56.230 -07:00 [INF] HTTP GET /api/v1/ads responded 200 in 61.6733 ms
2026-07-29 11:28:56.232 -07:00 [INF] HTTP GET /api/v1/site-settings responded 200 in 53.4985 ms
2026-07-29 11:28:56.233 -07:00 [INF] HTTP OPTIONS /api/v1/ads/019f6751-9588-7e1c-b138-098134567940/impression responded 204 in 0.0280 ms
2026-07-29 11:28:56.243 -07:00 [INF] HTTP OPTIONS /api/v1/ads/019f6751-958a-7a15-a575-98aaa0e56c88/impression responded 204 in 0.1383 ms
2026-07-29 11:28:56.244 -07:00 [INF] HTTP OPTIONS /api/v1/ads/019f6751-956b-7a5e-b9d8-0ef3c1dcd66d/impression responded 204 in 0.1679 ms
2026-07-29 11:28:56.262 -07:00 [INF] HTTP GET /api/v1/feed/home responded 200 in 82.9315 ms
2026-07-29 11:28:56.263 -07:00 [INF] HTTP POST /api/v1/ads/019f6751-9588-7e1c-b138-098134567940/impression responded 200 in 24.4173 ms
2026-07-29 11:28:56.264 -07:00 [INF] HTTP POST /api/v1/ads/019f6751-958a-7a15-a575-98aaa0e56c88/impression responded 200 in 13.3433 ms
2026-07-29 11:28:56.296 -07:00 [INF] HTTP POST /api/v1/ads/019f6751-956b-7a5e-b9d8-0ef3c1dcd66d/impression responded 200 in 38.9497 ms
2026-07-29 11:28:57.975 -07:00 [INF] HTTP OPTIONS /api/v1/ads responded 204 in 0.0408 ms
2026-07-29 11:28:57.975 -07:00 [INF] HTTP OPTIONS /api/v1/ads responded 204 in 0.0268 ms
2026-07-29 11:28:57.975 -07:00 [INF] HTTP OPTIONS /api/v1/site-settings responded 204 in 0.0095 ms
2026-07-29 11:28:57.977 -07:00 [INF] HTTP OPTIONS /api/v1/ads responded 204 in 0.0222 ms
2026-07-29 11:28:57.982 -07:00 [INF] HTTP GET /api/v1/ads responded 200 in 4.9790 ms
2026-07-29 11:28:57.982 -07:00 [INF] HTTP GET /api/v1/ads responded 200 in 5.2286 ms
2026-07-29 11:28:57.984 -07:00 [INF] HTTP GET /api/v1/ads responded 200 in 4.1547 ms
2026-07-29 11:28:57.985 -07:00 [INF] HTTP GET /api/v1/site-settings responded 200 in 6.1754 ms
2026-07-29 11:28:58.053 -07:00 [INF] HTTP OPTIONS /api/v1/ads/019f6751-956b-7a5e-b9d8-0ef3c1dcd66d/impression responded 204 in 1.6080 ms
2026-07-29 11:28:58.054 -07:00 [INF] HTTP OPTIONS /api/v1/ads/019f6751-958a-7a15-a575-98aaa0e56c88/impression responded 204 in 0.0139 ms
2026-07-29 11:28:58.054 -07:00 [INF] HTTP OPTIONS /api/v1/feed/home responded 204 in 0.0042 ms
2026-07-29 11:28:58.054 -07:00 [INF] HTTP OPTIONS /api/v1/ads/019f6751-9588-7e1c-b138-098134567940/impression responded 204 in 0.0035 ms
2026-07-29 11:28:58.068 -07:00 [INF] HTTP POST /api/v1/ads/019f6751-958a-7a15-a575-98aaa0e56c88/impression responded 200 in 8.6817 ms
2026-07-29 11:28:58.068 -07:00 [INF] HTTP POST /api/v1/ads/019f6751-956b-7a5e-b9d8-0ef3c1dcd66d/impression responded 200 in 8.7712 ms
2026-07-29 11:28:58.069 -07:00 [INF] HTTP POST /api/v1/ads/019f6751-9588-7e1c-b138-098134567940/impression responded 200 in 3.8154 ms
2026-07-29 11:28:58.070 -07:00 [INF] HTTP GET /api/v1/feed/home responded 200 in 10.0577 ms
2026-07-29 11:29:01.733 -07:00 [INF] HTTP GET /api/v1/listings responded 200 in 26.8370 ms
2026-07-29 11:29:01.781 -07:00 [INF] HTTP GET /api/v1/categories responded 200 in 74.1562 ms
2026-07-29 11:29:02.268 -07:00 [INF] HTTP OPTIONS /api/v1/ads/019f6751-9586-79ca-a9e4-063106266335/impression responded 204 in 0.0840 ms
2026-07-29 11:29:02.269 -07:00 [INF] HTTP OPTIONS /api/v1/ads/019f6751-9589-76dd-a1a8-4c3bf2cfc076/impression responded 204 in 0.2142 ms
2026-07-29 11:29:02.269 -07:00 [INF] HTTP OPTIONS /api/v1/ads/019f6751-958b-7d8a-a9a6-0f853bb35f0f/impression responded 204 in 0.0244 ms
2026-07-29 11:29:02.294 -07:00 [INF] HTTP POST /api/v1/ads/019f6751-958b-7d8a-a9a6-0f853bb35f0f/impression responded 200 in 18.7402 ms
2026-07-29 11:29:02.294 -07:00 [INF] HTTP POST /api/v1/ads/019f6751-9586-79ca-a9e4-063106266335/impression responded 200 in 18.8688 ms
2026-07-29 11:29:02.296 -07:00 [INF] HTTP POST /api/v1/ads/019f6751-9589-76dd-a1a8-4c3bf2cfc076/impression responded 200 in 22.8734 ms
2026-07-29 11:29:06.465 -07:00 [INF] HTTP OPTIONS /api/v1/ads/019f6751-9588-7e1c-b138-098134567940/impression responded 204 in 0.6663 ms
2026-07-29 11:29:06.465 -07:00 [INF] HTTP OPTIONS /api/v1/ads/019f6751-958a-7a15-a575-98aaa0e56c88/impression responded 204 in 0.3676 ms
2026-07-29 11:29:06.465 -07:00 [INF] HTTP OPTIONS /api/v1/ads/019f6751-956b-7a5e-b9d8-0ef3c1dcd66d/impression responded 204 in 0.6663 ms
2026-07-29 11:29:06.505 -07:00 [INF] HTTP POST /api/v1/ads/019f6751-958a-7a15-a575-98aaa0e56c88/impression responded 200 in 36.4034 ms
2026-07-29 11:29:06.505 -07:00 [INF] HTTP POST /api/v1/ads/019f6751-956b-7a5e-b9d8-0ef3c1dcd66d/impression responded 200 in 35.3874 ms
2026-07-29 11:29:06.505 -07:00 [INF] HTTP POST /api/v1/ads/019f6751-9588-7e1c-b138-098134567940/impression responded 200 in 32.1165 ms
2026-07-29 11:29:10.654 -07:00 [INF] HTTP OPTIONS /api/v1/ads/019f6751-9589-76dd-a1a8-4c3bf2cfc076/impression responded 204 in 0.0317 ms
2026-07-29 11:29:10.654 -07:00 [INF] HTTP OPTIONS /api/v1/ads/019f6751-9586-79ca-a9e4-063106266335/impression responded 204 in 0.0317 ms
2026-07-29 11:29:10.654 -07:00 [INF] HTTP OPTIONS /api/v1/ads/019f6751-958b-7d8a-a9a6-0f853bb35f0f/impression responded 204 in 0.0091 ms
2026-07-29 11:29:10.661 -07:00 [INF] HTTP POST /api/v1/ads/019f6751-9589-76dd-a1a8-4c3bf2cfc076/impression responded 200 in 5.6218 ms
2026-07-29 11:29:10.661 -07:00 [INF] HTTP POST /api/v1/ads/019f6751-9586-79ca-a9e4-063106266335/impression responded 200 in 5.8101 ms
2026-07-29 11:29:10.661 -07:00 [INF] HTTP POST /api/v1/ads/019f6751-958b-7d8a-a9a6-0f853bb35f0f/impression responded 200 in 5.2708 ms
2026-07-29 11:37:11.964 -07:00 [INF] HTTP OPTIONS /api/v1/ads/019f6751-9589-76dd-a1a8-4c3bf2cfc076/impression responded 204 in 8.2145 ms
2026-07-29 11:37:11.964 -07:00 [INF] HTTP OPTIONS /api/v1/ads/019f6751-9586-79ca-a9e4-063106266335/impression responded 204 in 5.8420 ms
2026-07-29 11:37:11.964 -07:00 [INF] HTTP OPTIONS /api/v1/ads/019f6751-958b-7d8a-a9a6-0f853bb35f0f/impression responded 204 in 6.8958 ms
2026-07-29 11:37:12.418 -07:00 [INF] HTTP POST /api/v1/ads/019f6751-9586-79ca-a9e4-063106266335/impression responded 200 in 401.2710 ms
2026-07-29 11:37:12.421 -07:00 [INF] HTTP POST /api/v1/ads/019f6751-9589-76dd-a1a8-4c3bf2cfc076/impression responded 200 in 400.3729 ms
2026-07-29 11:37:12.432 -07:00 [INF] HTTP POST /api/v1/ads/019f6751-958b-7d8a-a9a6-0f853bb35f0f/impression responded 200 in 415.8097 ms
2026-07-29 11:37:15.998 -07:00 [INF] HTTP OPTIONS /api/v1/ads/019f6751-956b-7a5e-b9d8-0ef3c1dcd66d/impression responded 204 in 16.8883 ms
2026-07-29 11:37:15.999 -07:00 [INF] HTTP OPTIONS /api/v1/ads/019f6751-958a-7a15-a575-98aaa0e56c88/impression responded 204 in 17.7460 ms
2026-07-29 11:37:16.001 -07:00 [INF] HTTP OPTIONS /api/v1/ads/019f6751-9588-7e1c-b138-098134567940/impression responded 204 in 17.2984 ms
2026-07-29 11:37:16.084 -07:00 [INF] HTTP POST /api/v1/ads/019f6751-958a-7a15-a575-98aaa0e56c88/impression responded 200 in 80.9917 ms
2026-07-29 11:37:16.085 -07:00 [INF] HTTP POST /api/v1/ads/019f6751-9588-7e1c-b138-098134567940/impression responded 200 in 67.8340 ms
2026-07-29 11:37:16.085 -07:00 [INF] HTTP POST /api/v1/ads/019f6751-956b-7a5e-b9d8-0ef3c1dcd66d/impression responded 200 in 82.8071 ms
2026-07-29 11:37:20.239 -07:00 [INF] HTTP OPTIONS /api/v1/ads/019f6751-958b-7d8a-a9a6-0f853bb35f0f/impression responded 204 in 3.7664 ms
2026-07-29 11:37:20.256 -07:00 [INF] HTTP OPTIONS /api/v1/ads/019f6751-9589-76dd-a1a8-4c3bf2cfc076/impression responded 204 in 0.3803 ms
2026-07-29 11:37:20.259 -07:00 [INF] HTTP OPTIONS /api/v1/ads/019f6751-9586-79ca-a9e4-063106266335/impression responded 204 in 0.0232 ms
2026-07-29 11:37:20.648 -07:00 [INF] HTTP POST /api/v1/ads/019f6751-9586-79ca-a9e4-063106266335/impression responded 200 in 287.1580 ms
2026-07-29 11:37:20.655 -07:00 [INF] HTTP POST /api/v1/ads/019f6751-958b-7d8a-a9a6-0f853bb35f0f/impression responded 200 in 377.2177 ms
2026-07-29 11:37:20.656 -07:00 [INF] HTTP POST /api/v1/ads/019f6751-9589-76dd-a1a8-4c3bf2cfc076/impression responded 200 in 378.3626 ms
2026-07-29 11:37:24.388 -07:00 [INF] HTTP OPTIONS /api/v1/ads/019f6751-9588-7e1c-b138-098134567940/impression responded 204 in 1.8620 ms
2026-07-29 11:37:24.388 -07:00 [INF] HTTP OPTIONS /api/v1/ads/019f6751-956b-7a5e-b9d8-0ef3c1dcd66d/impression responded 204 in 1.8589 ms
2026-07-29 11:37:24.408 -07:00 [INF] HTTP OPTIONS /api/v1/ads/019f6751-958a-7a15-a575-98aaa0e56c88/impression responded 204 in 0.0293 ms
2026-07-29 11:37:24.465 -07:00 [INF] HTTP POST /api/v1/ads/019f6751-958a-7a15-a575-98aaa0e56c88/impression responded 200 in 48.4613 ms
2026-07-29 11:37:24.468 -07:00 [INF] HTTP POST /api/v1/ads/019f6751-9588-7e1c-b138-098134567940/impression responded 200 in 76.1689 ms
2026-07-29 11:37:24.470 -07:00 [INF] HTTP POST /api/v1/ads/019f6751-956b-7a5e-b9d8-0ef3c1dcd66d/impression responded 200 in 78.2957 ms
2026-07-29 11:37:28.583 -07:00 [INF] HTTP OPTIONS /api/v1/ads/019f6751-9589-76dd-a1a8-4c3bf2cfc076/impression responded 204 in 0.5180 ms
2026-07-29 11:37:28.583 -07:00 [INF] HTTP OPTIONS /api/v1/ads/019f6751-958b-7d8a-a9a6-0f853bb35f0f/impression responded 204 in 0.5175 ms
2026-07-29 11:37:28.583 -07:00 [INF] HTTP OPTIONS /api/v1/ads/019f6751-9586-79ca-a9e4-063106266335/impression responded 204 in 0.5181 ms
2026-07-29 11:37:28.698 -07:00 [INF] HTTP POST /api/v1/ads/019f6751-9589-76dd-a1a8-4c3bf2cfc076/impression responded 200 in 112.0010 ms
2026-07-29 11:37:28.699 -07:00 [INF] HTTP POST /api/v1/ads/019f6751-9586-79ca-a9e4-063106266335/impression responded 200 in 111.9799 ms
2026-07-29 11:37:28.702 -07:00 [INF] HTTP POST /api/v1/ads/019f6751-958b-7d8a-a9a6-0f853bb35f0f/impression responded 200 in 116.0081 ms
2026-07-29 11:37:39.647 -07:00 [INF] HTTP OPTIONS /api/v1/ads/019f6751-9589-76dd-a1a8-4c3bf2cfc076/impression responded 204 in 4.6172 ms
2026-07-29 11:37:39.658 -07:00 [INF] HTTP OPTIONS /api/v1/ads/019f6751-9586-79ca-a9e4-063106266335/impression responded 204 in 4.4679 ms
2026-07-29 11:37:39.659 -07:00 [INF] HTTP OPTIONS /api/v1/ads/019f6751-958b-7d8a-a9a6-0f853bb35f0f/impression responded 204 in 4.5722 ms
2026-07-29 11:37:40.015 -07:00 [INF] HTTP POST /api/v1/ads/019f6751-9586-79ca-a9e4-063106266335/impression responded 200 in 343.3935 ms
2026-07-29 11:37:40.015 -07:00 [INF] HTTP POST /api/v1/ads/019f6751-9589-76dd-a1a8-4c3bf2cfc076/impression responded 200 in 357.4740 ms
2026-07-29 11:37:40.015 -07:00 [INF] HTTP POST /api/v1/ads/019f6751-958b-7d8a-a9a6-0f853bb35f0f/impression responded 200 in 337.2106 ms
2026-07-29 11:37:43.823 -07:00 [INF] HTTP OPTIONS /api/v1/ads/019f6751-958a-7a15-a575-98aaa0e56c88/impression responded 204 in 4.7896 ms
2026-07-29 11:37:43.823 -07:00 [INF] HTTP OPTIONS /api/v1/ads/019f6751-956b-7a5e-b9d8-0ef3c1dcd66d/impression responded 204 in 7.7114 ms
2026-07-29 11:37:43.823 -07:00 [INF] HTTP OPTIONS /api/v1/ads/019f6751-9588-7e1c-b138-098134567940/impression responded 204 in 3.4168 ms
2026-07-29 11:37:43.953 -07:00 [INF] HTTP POST /api/v1/ads/019f6751-958a-7a15-a575-98aaa0e56c88/impression responded 200 in 123.4970 ms
2026-07-29 11:37:43.954 -07:00 [INF] HTTP POST /api/v1/ads/019f6751-9588-7e1c-b138-098134567940/impression responded 200 in 124.0043 ms
2026-07-29 11:37:43.965 -07:00 [INF] HTTP POST /api/v1/ads/019f6751-956b-7a5e-b9d8-0ef3c1dcd66d/impression responded 200 in 129.5031 ms
2026-07-29 11:37:48.002 -07:00 [INF] HTTP OPTIONS /api/v1/ads/019f6751-9586-79ca-a9e4-063106266335/impression responded 204 in 0.0468 ms
2026-07-29 11:37:48.002 -07:00 [INF] HTTP OPTIONS /api/v1/ads/019f6751-9589-76dd-a1a8-4c3bf2cfc076/impression responded 204 in 0.0052 ms
2026-07-29 11:37:48.002 -07:00 [INF] HTTP OPTIONS /api/v1/ads/019f6751-958b-7d8a-a9a6-0f853bb35f0f/impression responded 204 in 0.0478 ms
2026-07-29 11:37:48.010 -07:00 [INF] HTTP POST /api/v1/ads/019f6751-958b-7d8a-a9a6-0f853bb35f0f/impression responded 200 in 4.6113 ms
2026-07-29 11:37:48.010 -07:00 [INF] HTTP POST /api/v1/ads/019f6751-9589-76dd-a1a8-4c3bf2cfc076/impression responded 200 in 5.1675 ms
2026-07-29 11:37:48.010 -07:00 [INF] HTTP POST /api/v1/ads/019f6751-9586-79ca-a9e4-063106266335/impression responded 200 in 6.5542 ms
2026-07-29 11:37:52.218 -07:00 [INF] HTTP OPTIONS /api/v1/ads/019f6751-9588-7e1c-b138-098134567940/impression responded 204 in 0.8870 ms
2026-07-29 11:37:52.219 -07:00 [INF] HTTP OPTIONS /api/v1/ads/019f6751-956b-7a5e-b9d8-0ef3c1dcd66d/impression responded 204 in 1.6675 ms
2026-07-29 11:37:52.218 -07:00 [INF] HTTP OPTIONS /api/v1/ads/019f6751-958a-7a15-a575-98aaa0e56c88/impression responded 204 in 0.0114 ms
2026-07-29 11:37:52.255 -07:00 [INF] HTTP POST /api/v1/ads/019f6751-958a-7a15-a575-98aaa0e56c88/impression responded 200 in 31.8605 ms
2026-07-29 11:37:52.255 -07:00 [INF] HTTP POST /api/v1/ads/019f6751-956b-7a5e-b9d8-0ef3c1dcd66d/impression responded 200 in 32.0760 ms
2026-07-29 11:37:52.255 -07:00 [INF] HTTP POST /api/v1/ads/019f6751-9588-7e1c-b138-098134567940/impression responded 200 in 32.5570 ms
2026-07-29 11:37:56.403 -07:00 [INF] HTTP OPTIONS /api/v1/ads/019f6751-9589-76dd-a1a8-4c3bf2cfc076/impression responded 204 in 0.0435 ms
2026-07-29 11:37:56.403 -07:00 [INF] HTTP OPTIONS /api/v1/ads/019f6751-958b-7d8a-a9a6-0f853bb35f0f/impression responded 204 in 0.0097 ms
2026-07-29 11:37:56.403 -07:00 [INF] HTTP OPTIONS /api/v1/ads/019f6751-9586-79ca-a9e4-063106266335/impression responded 204 in 0.0542 ms
2026-07-29 11:37:56.415 -07:00 [INF] HTTP POST /api/v1/ads/019f6751-958b-7d8a-a9a6-0f853bb35f0f/impression responded 200 in 8.6878 ms
2026-07-29 11:37:56.416 -07:00 [INF] HTTP POST /api/v1/ads/019f6751-9589-76dd-a1a8-4c3bf2cfc076/impression responded 200 in 10.5181 ms
2026-07-29 11:37:56.434 -07:00 [INF] HTTP POST /api/v1/ads/019f6751-9586-79ca-a9e4-063106266335/impression responded 200 in 18.6285 ms
2026-07-29 11:38:20.484 -07:00 [INF] HTTP GET /api/v1/categories responded 200 in 149.0103 ms
2026-07-29 11:38:20.490 -07:00 [INF] HTTP GET /api/v1/site-settings responded 200 in 155.4238 ms
2026-07-29 11:38:20.496 -07:00 [INF] HTTP GET /api/v1/listings responded 200 in 161.5218 ms
2026-07-29 11:38:23.949 -07:00 [INF] HTTP OPTIONS /api/v1/ads responded 204 in 0.7503 ms
2026-07-29 11:38:23.950 -07:00 [INF] HTTP OPTIONS /api/v1/ads responded 204 in 0.7038 ms
2026-07-29 11:38:23.950 -07:00 [INF] HTTP OPTIONS /api/v1/ads responded 204 in 0.7107 ms
2026-07-29 11:38:23.954 -07:00 [INF] HTTP OPTIONS /api/v1/site-settings responded 204 in 0.1484 ms
2026-07-29 11:38:24.193 -07:00 [INF] HTTP GET /api/v1/ads responded 200 in 235.1062 ms
2026-07-29 11:38:24.198 -07:00 [INF] HTTP GET /api/v1/ads responded 200 in 238.0703 ms
2026-07-29 11:38:24.230 -07:00 [INF] HTTP OPTIONS /api/v1/ads/019f6751-956b-7a5e-b9d8-0ef3c1dcd66d/impression responded 204 in 0.0426 ms
2026-07-29 11:38:24.247 -07:00 [INF] HTTP OPTIONS /api/v1/ads/019f6751-9588-7e1c-b138-098134567940/impression responded 204 in 0.0315 ms
2026-07-29 11:38:24.306 -07:00 [INF] HTTP POST /api/v1/ads/019f6751-956b-7a5e-b9d8-0ef3c1dcd66d/impression responded 200 in 72.9608 ms
2026-07-29 11:38:24.308 -07:00 [INF] HTTP GET /api/v1/site-settings responded 200 in 326.9292 ms
2026-07-29 11:38:24.321 -07:00 [INF] HTTP POST /api/v1/ads/019f6751-9588-7e1c-b138-098134567940/impression responded 200 in 24.9865 ms
2026-07-29 11:38:24.350 -07:00 [INF] HTTP OPTIONS /api/v1/feed/home responded 204 in 0.7903 ms
2026-07-29 11:38:24.416 -07:00 [INF] HTTP GET /api/v1/ads responded 200 in 460.4669 ms
2026-07-29 11:38:24.454 -07:00 [INF] HTTP OPTIONS /api/v1/ads/019f6751-958a-7a15-a575-98aaa0e56c88/impression responded 204 in 0.0910 ms
2026-07-29 11:38:24.472 -07:00 [INF] HTTP POST /api/v1/ads/019f6751-958a-7a15-a575-98aaa0e56c88/impression responded 200 in 15.9488 ms
2026-07-29 11:38:24.476 -07:00 [INF] HTTP GET /api/v1/feed/home responded 200 in 123.4925 ms
2026-07-29 11:38:25.127 -07:00 [INF] HTTP OPTIONS /api/v1/site-settings responded 204 in 0.0645 ms
2026-07-29 11:38:25.139 -07:00 [INF] HTTP GET /api/v1/site-settings responded 200 in 10.4861 ms
2026-07-29 11:38:28.634 -07:00 [INF] HTTP OPTIONS /api/v1/ads/019f6751-958b-7d8a-a9a6-0f853bb35f0f/impression responded 204 in 0.0310 ms
2026-07-29 11:38:28.641 -07:00 [INF] HTTP POST /api/v1/ads/019f6751-958b-7d8a-a9a6-0f853bb35f0f/impression responded 200 in 5.9759 ms
2026-07-29 11:38:29.340 -07:00 [INF] HTTP OPTIONS /api/v1/ads/019f6751-9589-76dd-a1a8-4c3bf2cfc076/impression responded 204 in 0.0448 ms
2026-07-29 11:38:29.355 -07:00 [INF] HTTP POST /api/v1/ads/019f6751-9589-76dd-a1a8-4c3bf2cfc076/impression responded 200 in 14.4183 ms
2026-07-29 11:38:32.130 -07:00 [INF] HTTP OPTIONS /api/v1/ads/019f6751-9586-79ca-a9e4-063106266335/impression responded 204 in 30.7128 ms
2026-07-29 11:38:32.155 -07:00 [INF] HTTP POST /api/v1/ads/019f6751-9586-79ca-a9e4-063106266335/impression responded 200 in 22.6383 ms
2026-07-29 11:38:33.107 -07:00 [INF] HTTP OPTIONS /api/v1/ads responded 204 in 0.0991 ms
2026-07-29 11:38:33.111 -07:00 [INF] HTTP OPTIONS /api/v1/ads responded 204 in 0.0341 ms
2026-07-29 11:38:33.116 -07:00 [INF] HTTP OPTIONS /api/v1/site-settings responded 204 in 0.1385 ms
2026-07-29 11:38:33.116 -07:00 [INF] HTTP OPTIONS /api/v1/ads responded 204 in 0.0210 ms
2026-07-29 11:38:33.128 -07:00 [INF] HTTP GET /api/v1/ads responded 200 in 9.9982 ms
2026-07-29 11:38:33.128 -07:00 [INF] HTTP GET /api/v1/ads responded 200 in 7.4374 ms
2026-07-29 11:38:33.131 -07:00 [INF] HTTP OPTIONS /api/v1/feed/home responded 204 in 0.0305 ms
2026-07-29 11:38:33.154 -07:00 [INF] HTTP GET /api/v1/ads responded 200 in 36.3686 ms
2026-07-29 11:38:33.173 -07:00 [INF] HTTP GET /api/v1/site-settings responded 200 in 52.1196 ms
2026-07-29 11:38:33.204 -07:00 [INF] HTTP GET /api/v1/feed/home responded 200 in 71.5794 ms
2026-07-29 11:38:33.249 -07:00 [INF] HTTP OPTIONS /api/v1/ads/019f6751-956b-7a5e-b9d8-0ef3c1dcd66d/impression responded 204 in 0.0393 ms
2026-07-29 11:38:33.250 -07:00 [INF] HTTP OPTIONS /api/v1/ads/019f6751-9588-7e1c-b138-098134567940/impression responded 204 in 0.0108 ms
2026-07-29 11:38:33.250 -07:00 [INF] HTTP OPTIONS /api/v1/ads/019f6751-958a-7a15-a575-98aaa0e56c88/impression responded 204 in 0.0242 ms
2026-07-29 11:38:33.258 -07:00 [INF] HTTP POST /api/v1/ads/019f6751-9588-7e1c-b138-098134567940/impression responded 200 in 5.0471 ms
2026-07-29 11:38:33.258 -07:00 [INF] HTTP POST /api/v1/ads/019f6751-958a-7a15-a575-98aaa0e56c88/impression responded 200 in 4.8445 ms
2026-07-29 11:38:33.258 -07:00 [INF] HTTP POST /api/v1/ads/019f6751-956b-7a5e-b9d8-0ef3c1dcd66d/impression responded 200 in 5.2745 ms
2026-07-29 11:38:34.405 -07:00 [INF] HTTP OPTIONS /api/v1/ads/019f6751-956b-7a5e-b9d8-0ef3c1dcd66d/click responded 204 in 0.0679 ms
2026-07-29 11:38:34.449 -07:00 [INF] HTTP POST /api/v1/ads/019f6751-956b-7a5e-b9d8-0ef3c1dcd66d/click responded 200 in 42.7868 ms
2026-07-29 11:38:34.461 -07:00 [INF] HTTP GET /api/v1/categories responded 200 in 4.5170 ms
2026-07-29 11:38:34.512 -07:00 [INF] HTTP GET /api/v1/listings responded 200 in 55.3355 ms
2026-07-29 11:38:37.452 -07:00 [INF] HTTP OPTIONS /api/v1/ads/019f6751-9589-76dd-a1a8-4c3bf2cfc076/impression responded 204 in 0.0413 ms
2026-07-29 11:38:37.452 -07:00 [INF] HTTP OPTIONS /api/v1/ads/019f6751-958b-7d8a-a9a6-0f853bb35f0f/impression responded 204 in 0.0667 ms
2026-07-29 11:38:37.461 -07:00 [INF] HTTP POST /api/v1/ads/019f6751-9589-76dd-a1a8-4c3bf2cfc076/impression responded 200 in 8.2650 ms
2026-07-29 11:38:37.468 -07:00 [INF] HTTP POST /api/v1/ads/019f6751-958b-7d8a-a9a6-0f853bb35f0f/impression responded 200 in 14.8699 ms
2026-07-29 11:38:38.614 -07:00 [INF] HTTP OPTIONS /api/v1/ads/019f6751-9586-79ca-a9e4-063106266335/impression responded 204 in 0.0361 ms
2026-07-29 11:38:38.618 -07:00 [INF] HTTP POST /api/v1/ads/019f6751-9586-79ca-a9e4-063106266335/impression responded 200 in 3.6877 ms
2026-07-29 11:38:41.654 -07:00 [INF] HTTP OPTIONS /api/v1/ads/019f6751-958a-7a15-a575-98aaa0e56c88/impression responded 204 in 0.0544 ms
2026-07-29 11:38:41.654 -07:00 [INF] HTTP OPTIONS /api/v1/ads/019f6751-9588-7e1c-b138-098134567940/impression responded 204 in 0.0544 ms
2026-07-29 11:38:41.658 -07:00 [INF] HTTP POST /api/v1/ads/019f6751-958a-7a15-a575-98aaa0e56c88/impression responded 200 in 2.8155 ms
2026-07-29 11:38:41.658 -07:00 [INF] HTTP POST /api/v1/ads/019f6751-9588-7e1c-b138-098134567940/impression responded 200 in 2.8035 ms
2026-07-29 11:38:42.816 -07:00 [INF] HTTP OPTIONS /api/v1/ads/019f6751-956b-7a5e-b9d8-0ef3c1dcd66d/impression responded 204 in 0.0313 ms
2026-07-29 11:38:42.822 -07:00 [INF] HTTP POST /api/v1/ads/019f6751-956b-7a5e-b9d8-0ef3c1dcd66d/impression responded 200 in 3.5935 ms
2026-07-29 11:38:45.856 -07:00 [INF] HTTP OPTIONS /api/v1/ads/019f6751-9589-76dd-a1a8-4c3bf2cfc076/impression responded 204 in 0.4632 ms
2026-07-29 11:38:45.856 -07:00 [INF] HTTP OPTIONS /api/v1/ads/019f6751-958b-7d8a-a9a6-0f853bb35f0f/impression responded 204 in 0.4640 ms
2026-07-29 11:38:45.872 -07:00 [INF] HTTP POST /api/v1/ads/019f6751-958b-7d8a-a9a6-0f853bb35f0f/impression responded 200 in 13.1378 ms
2026-07-29 11:38:45.873 -07:00 [INF] HTTP POST /api/v1/ads/019f6751-9589-76dd-a1a8-4c3bf2cfc076/impression responded 200 in 14.0528 ms
2026-07-29 11:38:47.011 -07:00 [INF] HTTP OPTIONS /api/v1/ads/019f6751-9586-79ca-a9e4-063106266335/impression responded 204 in 0.0343 ms
2026-07-29 11:38:47.017 -07:00 [INF] HTTP POST /api/v1/ads/019f6751-9586-79ca-a9e4-063106266335/impression responded 200 in 5.1500 ms
2026-07-29 11:38:50.047 -07:00 [INF] HTTP OPTIONS /api/v1/ads/019f6751-9588-7e1c-b138-098134567940/impression responded 204 in 0.0620 ms
2026-07-29 11:38:50.051 -07:00 [INF] HTTP POST /api/v1/ads/019f6751-9588-7e1c-b138-098134567940/impression responded 200 in 3.2368 ms
2026-07-29 11:38:50.056 -07:00 [INF] HTTP OPTIONS /api/v1/ads/019f6751-958a-7a15-a575-98aaa0e56c88/impression responded 204 in 0.0340 ms
2026-07-29 11:38:50.060 -07:00 [INF] HTTP POST /api/v1/ads/019f6751-958a-7a15-a575-98aaa0e56c88/impression responded 200 in 3.4542 ms
2026-07-29 11:38:51.213 -07:00 [INF] HTTP OPTIONS /api/v1/ads/019f6751-956b-7a5e-b9d8-0ef3c1dcd66d/impression responded 204 in 0.0295 ms
2026-07-29 11:38:51.218 -07:00 [INF] HTTP POST /api/v1/ads/019f6751-956b-7a5e-b9d8-0ef3c1dcd66d/impression responded 200 in 3.3195 ms
2026-07-29 11:39:06.854 -07:00 [INF] HTTP OPTIONS /api/v1/ads/019f6751-9588-7e1c-b138-098134567940/impression responded 204 in 0.4923 ms
2026-07-29 11:39:06.901 -07:00 [INF] HTTP POST /api/v1/ads/019f6751-9588-7e1c-b138-098134567940/impression responded 200 in 44.8413 ms
2026-07-29 11:39:15.048 -07:00 [INF] HTTP GET /api/v1/listings/019f6751-973b-716b-af23-e9aafc8f9693 responded 200 in 49.0276 ms
2026-07-29 11:39:15.387 -07:00 [INF] HTTP GET /api/v1/listings responded 200 in 9.5438 ms
2026-07-29 11:39:19.218 -07:00 [INF] HTTP OPTIONS /api/v1/ads responded 204 in 0.0968 ms
2026-07-29 11:39:19.218 -07:00 [INF] HTTP OPTIONS /api/v1/ads responded 204 in 0.0967 ms
2026-07-29 11:39:19.228 -07:00 [INF] HTTP GET /api/v1/ads responded 200 in 4.7203 ms
2026-07-29 11:39:19.228 -07:00 [INF] HTTP GET /api/v1/ads responded 200 in 4.9091 ms
2026-07-29 11:39:19.310 -07:00 [INF] HTTP OPTIONS /api/v1/ads/019f6751-958a-7a15-a575-98aaa0e56c88/impression responded 204 in 0.0645 ms
2026-07-29 11:39:19.329 -07:00 [INF] HTTP POST /api/v1/ads/019f6751-958a-7a15-a575-98aaa0e56c88/impression responded 200 in 17.6887 ms
2026-07-29 11:39:23.522 -07:00 [INF] HTTP OPTIONS /api/v1/ads/019f6751-958b-7d8a-a9a6-0f853bb35f0f/impression responded 204 in 0.0527 ms
2026-07-29 11:39:23.560 -07:00 [INF] HTTP POST /api/v1/ads/019f6751-958b-7d8a-a9a6-0f853bb35f0f/impression responded 200 in 35.9004 ms
2026-07-29 11:39:27.715 -07:00 [INF] HTTP OPTIONS /api/v1/ads/019f6751-958a-7a15-a575-98aaa0e56c88/impression responded 204 in 0.1456 ms
2026-07-29 11:39:27.724 -07:00 [INF] HTTP POST /api/v1/ads/019f6751-958a-7a15-a575-98aaa0e56c88/impression responded 200 in 7.9572 ms
2026-07-29 11:39:29.590 -07:00 [INF] HTTP GET /api/v1/site-settings responded 200 in 15.2993 ms
2026-07-29 11:39:31.924 -07:00 [INF] HTTP OPTIONS /api/v1/ads/019f6751-958b-7d8a-a9a6-0f853bb35f0f/impression responded 204 in 0.1344 ms
2026-07-29 11:39:31.968 -07:00 [INF] HTTP POST /api/v1/ads/019f6751-958b-7d8a-a9a6-0f853bb35f0f/impression responded 200 in 40.7128 ms
2026-07-29 11:39:36.114 -07:00 [INF] HTTP OPTIONS /api/v1/ads/019f6751-958a-7a15-a575-98aaa0e56c88/impression responded 204 in 0.1830 ms
2026-07-29 11:39:36.138 -07:00 [INF] HTTP POST /api/v1/ads/019f6751-958a-7a15-a575-98aaa0e56c88/impression responded 200 in 14.1804 ms
2026-07-29 11:39:38.516 -07:00 [INF] HTTP OPTIONS /api/v1/ads responded 204 in 0.0619 ms
2026-07-29 11:39:38.519 -07:00 [INF] HTTP OPTIONS /api/v1/ads responded 204 in 0.0280 ms
2026-07-29 11:39:38.519 -07:00 [INF] HTTP OPTIONS /api/v1/ads responded 204 in 0.0057 ms
2026-07-29 11:39:38.519 -07:00 [INF] HTTP OPTIONS /api/v1/site-settings responded 204 in 0.0430 ms
2026-07-29 11:39:38.555 -07:00 [INF] HTTP GET /api/v1/ads responded 200 in 30.4860 ms
2026-07-29 11:39:38.559 -07:00 [INF] HTTP GET /api/v1/ads responded 200 in 35.6353 ms
2026-07-29 11:39:38.559 -07:00 [INF] HTTP GET /api/v1/ads responded 200 in 33.1517 ms
2026-07-29 11:39:38.557 -07:00 [INF] HTTP OPTIONS /api/v1/feed/home responded 204 in 0.0310 ms
2026-07-29 11:39:38.596 -07:00 [INF] HTTP OPTIONS /api/v1/ads/019f6751-9588-7e1c-b138-098134567940/impression responded 204 in 0.0467 ms
2026-07-29 11:39:38.596 -07:00 [INF] HTTP OPTIONS /api/v1/ads/019f6751-958a-7a15-a575-98aaa0e56c88/impression responded 204 in 0.0104 ms
2026-07-29 11:39:38.597 -07:00 [INF] HTTP OPTIONS /api/v1/ads/019f6751-956b-7a5e-b9d8-0ef3c1dcd66d/impression responded 204 in 0.0125 ms
2026-07-29 11:39:38.634 -07:00 [INF] HTTP GET /api/v1/site-settings responded 200 in 102.7080 ms
2026-07-29 11:39:38.653 -07:00 [INF] HTTP POST /api/v1/ads/019f6751-958a-7a15-a575-98aaa0e56c88/impression responded 200 in 34.8576 ms
2026-07-29 11:39:38.654 -07:00 [INF] HTTP POST /api/v1/ads/019f6751-9588-7e1c-b138-098134567940/impression responded 200 in 41.6156 ms
2026-07-29 11:39:38.659 -07:00 [INF] HTTP POST /api/v1/ads/019f6751-956b-7a5e-b9d8-0ef3c1dcd66d/impression responded 200 in 25.3065 ms
2026-07-29 11:39:38.676 -07:00 [INF] HTTP GET /api/v1/feed/home responded 200 in 96.3072 ms
2026-07-29 11:39:42.784 -07:00 [INF] HTTP OPTIONS /api/v1/ads/019f6751-9586-79ca-a9e4-063106266335/impression responded 204 in 0.0408 ms
2026-07-29 11:39:42.784 -07:00 [INF] HTTP OPTIONS /api/v1/ads/019f6751-9589-76dd-a1a8-4c3bf2cfc076/impression responded 204 in 0.0404 ms
2026-07-29 11:39:42.784 -07:00 [INF] HTTP OPTIONS /api/v1/ads/019f6751-958b-7d8a-a9a6-0f853bb35f0f/impression responded 204 in 0.0092 ms
2026-07-29 11:39:42.791 -07:00 [INF] HTTP POST /api/v1/ads/019f6751-958b-7d8a-a9a6-0f853bb35f0f/impression responded 200 in 5.0900 ms
2026-07-29 11:39:42.792 -07:00 [INF] HTTP POST /api/v1/ads/019f6751-9586-79ca-a9e4-063106266335/impression responded 200 in 6.1510 ms
2026-07-29 11:39:42.793 -07:00 [INF] HTTP POST /api/v1/ads/019f6751-9589-76dd-a1a8-4c3bf2cfc076/impression responded 200 in 7.1727 ms
2026-07-29 11:39:46.987 -07:00 [INF] HTTP OPTIONS /api/v1/ads/019f6751-956b-7a5e-b9d8-0ef3c1dcd66d/impression responded 204 in 0.7251 ms
2026-07-29 11:39:46.987 -07:00 [INF] HTTP OPTIONS /api/v1/ads/019f6751-958a-7a15-a575-98aaa0e56c88/impression responded 204 in 0.7345 ms
2026-07-29 11:39:46.987 -07:00 [INF] HTTP OPTIONS /api/v1/ads/019f6751-9588-7e1c-b138-098134567940/impression responded 204 in 0.6954 ms
2026-07-29 11:39:47.018 -07:00 [INF] HTTP POST /api/v1/ads/019f6751-956b-7a5e-b9d8-0ef3c1dcd66d/impression responded 200 in 28.5461 ms
2026-07-29 11:39:47.018 -07:00 [INF] HTTP POST /api/v1/ads/019f6751-958a-7a15-a575-98aaa0e56c88/impression responded 200 in 28.5461 ms
2026-07-29 11:39:47.018 -07:00 [INF] HTTP POST /api/v1/ads/019f6751-9588-7e1c-b138-098134567940/impression responded 200 in 28.4584 ms
2026-07-29 11:39:51.205 -07:00 [INF] HTTP OPTIONS /api/v1/ads/019f6751-9586-79ca-a9e4-063106266335/impression responded 204 in 0.0424 ms
2026-07-29 11:39:51.205 -07:00 [INF] HTTP OPTIONS /api/v1/ads/019f6751-958b-7d8a-a9a6-0f853bb35f0f/impression responded 204 in 0.0365 ms
2026-07-29 11:39:51.205 -07:00 [INF] HTTP OPTIONS /api/v1/ads/019f6751-9589-76dd-a1a8-4c3bf2cfc076/impression responded 204 in 0.0375 ms
2026-07-29 11:39:51.222 -07:00 [INF] HTTP POST /api/v1/ads/019f6751-9589-76dd-a1a8-4c3bf2cfc076/impression responded 200 in 14.3897 ms
2026-07-29 11:39:51.222 -07:00 [INF] HTTP POST /api/v1/ads/019f6751-958b-7d8a-a9a6-0f853bb35f0f/impression responded 200 in 14.4678 ms
2026-07-29 11:39:51.226 -07:00 [INF] HTTP POST /api/v1/ads/019f6751-9586-79ca-a9e4-063106266335/impression responded 200 in 18.9120 ms
2026-07-29 11:39:54.642 -07:00 [INF] HTTP OPTIONS /api/v1/site-settings responded 204 in 0.6261 ms
2026-07-29 11:39:54.672 -07:00 [INF] HTTP GET /api/v1/site-settings responded 200 in 27.2693 ms
2026-07-29 11:39:59.525 -07:00 [INF] HTTP OPTIONS /api/v1/admin/site-settings responded 204 in 0.1437 ms
2026-07-29 11:39:59.698 -07:00 [INF] HTTP POST /api/v1/admin/site-settings responded 200 in 170.3262 ms
2026-07-29 11:39:59.715 -07:00 [INF] HTTP GET /api/v1/admin/site-settings responded 200 in 10.8892 ms
2026-07-29 11:40:00.280 -07:00 [INF] HTTP OPTIONS /api/v1/site-settings responded 204 in 0.2650 ms
2026-07-29 11:40:00.281 -07:00 [INF] HTTP OPTIONS /api/v1/site-settings responded 204 in 0.0223 ms
2026-07-29 11:40:00.328 -07:00 [INF] HTTP GET /api/v1/site-settings responded 200 in 32.4595 ms
2026-07-29 11:40:00.330 -07:00 [INF] HTTP GET /api/v1/site-settings responded 200 in 14.5263 ms
2026-07-29 11:40:02.184 -07:00 [INF] HTTP OPTIONS /api/v1/ads responded 204 in 0.0532 ms
2026-07-29 11:40:02.185 -07:00 [INF] HTTP OPTIONS /api/v1/ads responded 204 in 0.2511 ms
2026-07-29 11:40:02.184 -07:00 [INF] HTTP OPTIONS /api/v1/ads responded 204 in 0.1248 ms
2026-07-29 11:40:02.186 -07:00 [INF] HTTP OPTIONS /api/v1/site-settings responded 204 in 0.0286 ms
2026-07-29 11:40:02.196 -07:00 [INF] HTTP GET /api/v1/ads responded 200 in 10.0173 ms
2026-07-29 11:40:02.199 -07:00 [INF] HTTP GET /api/v1/ads responded 200 in 12.3370 ms
2026-07-29 11:40:02.201 -07:00 [INF] HTTP GET /api/v1/ads responded 200 in 12.2716 ms
2026-07-29 11:40:02.205 -07:00 [INF] HTTP GET /api/v1/site-settings responded 200 in 14.5794 ms
2026-07-29 11:40:02.209 -07:00 [INF] HTTP OPTIONS /api/v1/feed/home responded 204 in 0.0345 ms
2026-07-29 11:40:02.235 -07:00 [INF] HTTP GET /api/v1/feed/home responded 200 in 23.4973 ms
2026-07-29 11:40:02.292 -07:00 [INF] HTTP OPTIONS /api/v1/ads/019f6751-956b-7a5e-b9d8-0ef3c1dcd66d/impression responded 204 in 0.0506 ms
2026-07-29 11:40:02.294 -07:00 [INF] HTTP OPTIONS /api/v1/ads/019f6751-9588-7e1c-b138-098134567940/impression responded 204 in 0.0209 ms
2026-07-29 11:40:02.295 -07:00 [INF] HTTP OPTIONS /api/v1/ads/019f6751-958a-7a15-a575-98aaa0e56c88/impression responded 204 in 0.0080 ms
2026-07-29 11:40:02.318 -07:00 [INF] HTTP POST /api/v1/ads/019f6751-958a-7a15-a575-98aaa0e56c88/impression responded 200 in 13.2087 ms
2026-07-29 11:40:02.319 -07:00 [INF] HTTP POST /api/v1/ads/019f6751-9588-7e1c-b138-098134567940/impression responded 200 in 18.0821 ms
2026-07-29 11:40:02.319 -07:00 [INF] HTTP POST /api/v1/ads/019f6751-956b-7a5e-b9d8-0ef3c1dcd66d/impression responded 200 in 18.1793 ms
2026-07-29 11:40:06.475 -07:00 [INF] HTTP OPTIONS /api/v1/ads/019f6751-9589-76dd-a1a8-4c3bf2cfc076/impression responded 204 in 0.0329 ms
2026-07-29 11:40:06.486 -07:00 [INF] HTTP POST /api/v1/ads/019f6751-9589-76dd-a1a8-4c3bf2cfc076/impression responded 200 in 9.2070 ms
2026-07-29 11:40:11.355 -07:00 [INF] HTTP OPTIONS /api/v1/admin/site-settings responded 204 in 0.7098 ms
2026-07-29 11:40:11.512 -07:00 [INF] HTTP POST /api/v1/admin/site-settings responded 200 in 153.8640 ms
2026-07-29 11:40:11.525 -07:00 [INF] HTTP GET /api/v1/admin/site-settings responded 200 in 10.6616 ms
2026-07-29 11:40:12.229 -07:00 [INF] HTTP OPTIONS /api/v1/site-settings responded 204 in 0.0387 ms
2026-07-29 11:40:12.231 -07:00 [INF] HTTP OPTIONS /api/v1/site-settings responded 204 in 0.0238 ms
2026-07-29 11:40:12.239 -07:00 [INF] HTTP GET /api/v1/site-settings responded 200 in 5.7240 ms
2026-07-29 11:40:12.240 -07:00 [INF] HTTP GET /api/v1/site-settings responded 200 in 8.0638 ms
2026-07-29 11:40:14.292 -07:00 [INF] HTTP OPTIONS /api/v1/ads responded 204 in 0.0335 ms
2026-07-29 11:40:14.292 -07:00 [INF] HTTP OPTIONS /api/v1/ads responded 204 in 0.0410 ms
2026-07-29 11:40:14.293 -07:00 [INF] HTTP OPTIONS /api/v1/site-settings responded 204 in 0.0261 ms
2026-07-29 11:40:14.292 -07:00 [INF] HTTP OPTIONS /api/v1/ads responded 204 in 0.1618 ms
2026-07-29 11:40:14.305 -07:00 [INF] HTTP GET /api/v1/ads responded 200 in 10.7958 ms
2026-07-29 11:40:14.306 -07:00 [INF] HTTP GET /api/v1/ads responded 200 in 5.0115 ms
2026-07-29 11:40:14.309 -07:00 [INF] HTTP GET /api/v1/site-settings responded 200 in 13.3802 ms
2026-07-29 11:40:14.312 -07:00 [INF] HTTP GET /api/v1/ads responded 200 in 17.9365 ms
2026-07-29 11:40:14.377 -07:00 [INF] HTTP OPTIONS /api/v1/ads/019f6751-958a-7a15-a575-98aaa0e56c88/impression responded 204 in 0.0203 ms
2026-07-29 11:40:14.380 -07:00 [INF] HTTP OPTIONS /api/v1/ads/019f6751-956b-7a5e-b9d8-0ef3c1dcd66d/impression responded 204 in 2.7620 ms
2026-07-29 11:40:14.383 -07:00 [INF] HTTP OPTIONS /api/v1/ads/019f6751-9588-7e1c-b138-098134567940/impression responded 204 in 5.1851 ms
2026-07-29 11:40:14.396 -07:00 [INF] HTTP POST /api/v1/ads/019f6751-958a-7a15-a575-98aaa0e56c88/impression responded 200 in 12.0940 ms
2026-07-29 11:40:14.396 -07:00 [INF] HTTP POST /api/v1/ads/019f6751-9588-7e1c-b138-098134567940/impression responded 200 in 6.6864 ms
2026-07-29 11:40:14.398 -07:00 [INF] HTTP POST /api/v1/ads/019f6751-956b-7a5e-b9d8-0ef3c1dcd66d/impression responded 200 in 12.0189 ms
2026-07-29 11:40:14.401 -07:00 [INF] HTTP OPTIONS /api/v1/feed/home responded 204 in 0.0288 ms
2026-07-29 11:40:14.427 -07:00 [INF] HTTP GET /api/v1/feed/home responded 200 in 25.5932 ms
2026-07-29 11:40:23.345 -07:00 [INF] HTTP OPTIONS /api/v1/admin/site-settings responded 204 in 0.5495 ms
2026-07-29 11:40:23.455 -07:00 [INF] HTTP POST /api/v1/admin/site-settings responded 200 in 107.4428 ms
2026-07-29 11:40:23.463 -07:00 [INF] HTTP GET /api/v1/admin/site-settings responded 200 in 6.6389 ms
2026-07-29 11:40:24.216 -07:00 [INF] HTTP OPTIONS /api/v1/site-settings responded 204 in 0.0370 ms
2026-07-29 11:40:24.235 -07:00 [INF] HTTP OPTIONS /api/v1/site-settings responded 204 in 0.0271 ms
2026-07-29 11:40:24.243 -07:00 [INF] HTTP GET /api/v1/site-settings responded 200 in 5.9925 ms
2026-07-29 11:40:24.243 -07:00 [INF] HTTP GET /api/v1/site-settings responded 200 in 10.1627 ms
2026-07-29 11:40:26.371 -07:00 [INF] HTTP OPTIONS /api/v1/ads responded 204 in 0.0550 ms
2026-07-29 11:40:26.371 -07:00 [INF] HTTP OPTIONS /api/v1/ads responded 204 in 0.0233 ms
2026-07-29 11:40:26.371 -07:00 [INF] HTTP OPTIONS /api/v1/ads responded 204 in 0.0111 ms
2026-07-29 11:40:26.373 -07:00 [INF] HTTP OPTIONS /api/v1/site-settings responded 204 in 0.0101 ms
2026-07-29 11:40:26.385 -07:00 [INF] HTTP GET /api/v1/ads responded 200 in 12.2995 ms
2026-07-29 11:40:26.387 -07:00 [INF] HTTP GET /api/v1/ads responded 200 in 14.1742 ms
2026-07-29 11:40:26.388 -07:00 [INF] HTTP GET /api/v1/ads responded 200 in 9.9401 ms
2026-07-29 11:40:26.391 -07:00 [INF] HTTP GET /api/v1/site-settings responded 200 in 13.1490 ms
2026-07-29 11:40:26.446 -07:00 [INF] HTTP OPTIONS /api/v1/ads/019f6751-956b-7a5e-b9d8-0ef3c1dcd66d/impression responded 204 in 0.0361 ms
2026-07-29 11:40:26.452 -07:00 [INF] HTTP OPTIONS /api/v1/ads/019f6751-9588-7e1c-b138-098134567940/impression responded 204 in 2.9946 ms
2026-07-29 11:40:26.465 -07:00 [INF] HTTP OPTIONS /api/v1/feed/home responded 204 in 0.0884 ms
2026-07-29 11:40:26.465 -07:00 [INF] HTTP OPTIONS /api/v1/ads/019f6751-958a-7a15-a575-98aaa0e56c88/impression responded 204 in 0.0406 ms
2026-07-29 11:40:26.481 -07:00 [INF] HTTP POST /api/v1/ads/019f6751-9588-7e1c-b138-098134567940/impression responded 200 in 21.9932 ms
2026-07-29 11:40:26.481 -07:00 [INF] HTTP POST /api/v1/ads/019f6751-956b-7a5e-b9d8-0ef3c1dcd66d/impression responded 200 in 23.1359 ms
2026-07-29 11:40:26.482 -07:00 [INF] HTTP POST /api/v1/ads/019f6751-958a-7a15-a575-98aaa0e56c88/impression responded 200 in 14.7612 ms
2026-07-29 11:40:26.487 -07:00 [INF] HTTP GET /api/v1/feed/home responded 200 in 19.3018 ms
2026-07-29 11:40:32.840 -07:00 [INF] HTTP OPTIONS /api/v1/admin/site-settings responded 204 in 1.7330 ms
2026-07-29 11:40:33.039 -07:00 [INF] HTTP POST /api/v1/admin/site-settings responded 200 in 194.0726 ms
2026-07-29 11:40:33.050 -07:00 [INF] HTTP GET /api/v1/admin/site-settings responded 200 in 8.8790 ms
2026-07-29 11:40:33.822 -07:00 [INF] HTTP OPTIONS /api/v1/site-settings responded 204 in 0.0428 ms
2026-07-29 11:40:33.822 -07:00 [INF] HTTP OPTIONS /api/v1/site-settings responded 204 in 0.0129 ms
2026-07-29 11:40:33.852 -07:00 [INF] HTTP GET /api/v1/site-settings responded 200 in 18.6114 ms
2026-07-29 11:40:33.853 -07:00 [INF] HTTP GET /api/v1/site-settings responded 200 in 23.0059 ms
2026-07-29 11:40:35.130 -07:00 [INF] HTTP GET /api/v1/site-settings responded 200 in 13.5158 ms
2026-07-29 11:40:35.448 -07:00 [INF] HTTP OPTIONS /api/v1/ads responded 204 in 0.0344 ms
2026-07-29 11:40:35.449 -07:00 [INF] HTTP OPTIONS /api/v1/ads responded 204 in 0.0183 ms
2026-07-29 11:40:35.449 -07:00 [INF] HTTP OPTIONS /api/v1/ads responded 204 in 0.0278 ms
2026-07-29 11:40:35.450 -07:00 [INF] HTTP OPTIONS /api/v1/site-settings responded 204 in 0.0237 ms
2026-07-29 11:40:35.462 -07:00 [INF] HTTP GET /api/v1/ads responded 200 in 5.7938 ms
2026-07-29 11:40:35.463 -07:00 [INF] HTTP GET /api/v1/ads responded 200 in 5.7243 ms
2026-07-29 11:40:35.463 -07:00 [INF] HTTP GET /api/v1/ads responded 200 in 2.9603 ms
2026-07-29 11:40:35.467 -07:00 [INF] HTTP GET /api/v1/site-settings responded 200 in 7.9990 ms
2026-07-29 11:40:35.517 -07:00 [INF] HTTP OPTIONS /api/v1/ads/019f6751-956b-7a5e-b9d8-0ef3c1dcd66d/impression responded 204 in 0.0313 ms
2026-07-29 11:40:35.518 -07:00 [INF] HTTP OPTIONS /api/v1/ads/019f6751-9588-7e1c-b138-098134567940/impression responded 204 in 0.0253 ms
2026-07-29 11:40:35.519 -07:00 [INF] HTTP OPTIONS /api/v1/ads/019f6751-958a-7a15-a575-98aaa0e56c88/impression responded 204 in 0.0152 ms
2026-07-29 11:40:35.648 -07:00 [INF] HTTP POST /api/v1/ads/019f6751-958a-7a15-a575-98aaa0e56c88/impression responded 200 in 113.9762 ms
2026-07-29 11:40:35.649 -07:00 [INF] HTTP POST /api/v1/ads/019f6751-956b-7a5e-b9d8-0ef3c1dcd66d/impression responded 200 in 126.2749 ms
2026-07-29 11:40:35.651 -07:00 [INF] HTTP POST /api/v1/ads/019f6751-9588-7e1c-b138-098134567940/impression responded 200 in 117.7112 ms
2026-07-29 11:40:35.664 -07:00 [INF] HTTP OPTIONS /api/v1/feed/home responded 204 in 0.0317 ms
2026-07-29 11:40:35.693 -07:00 [INF] HTTP GET /api/v1/feed/home responded 200 in 28.7348 ms
2026-07-29 11:40:39.721 -07:00 [INF] HTTP OPTIONS /api/v1/ads/019f6751-958b-7d8a-a9a6-0f853bb35f0f/impression responded 204 in 1.5818 ms
2026-07-29 11:40:39.763 -07:00 [INF] HTTP POST /api/v1/ads/019f6751-958b-7d8a-a9a6-0f853bb35f0f/impression responded 200 in 39.3146 ms
2026-07-29 11:40:42.055 -07:00 [INF] HTTP OPTIONS /api/v1/admin/site-settings responded 204 in 0.1326 ms
2026-07-29 11:40:42.146 -07:00 [INF] HTTP POST /api/v1/admin/site-settings responded 200 in 89.7384 ms
2026-07-29 11:40:42.153 -07:00 [INF] HTTP GET /api/v1/admin/site-settings responded 200 in 4.5631 ms
2026-07-29 11:40:43.465 -07:00 [INF] HTTP OPTIONS /api/v1/site-settings responded 204 in 0.0365 ms
2026-07-29 11:40:43.465 -07:00 [INF] HTTP OPTIONS /api/v1/site-settings responded 204 in 0.0074 ms
2026-07-29 11:40:43.476 -07:00 [INF] HTTP GET /api/v1/site-settings responded 200 in 4.3796 ms
2026-07-29 11:40:43.476 -07:00 [INF] HTTP GET /api/v1/site-settings responded 200 in 4.8051 ms
2026-07-29 11:40:44.942 -07:00 [INF] HTTP OPTIONS /api/v1/ads responded 204 in 0.7717 ms
2026-07-29 11:40:44.942 -07:00 [INF] HTTP OPTIONS /api/v1/ads responded 204 in 0.7236 ms
2026-07-29 11:40:44.945 -07:00 [INF] HTTP OPTIONS /api/v1/site-settings responded 204 in 0.0271 ms
2026-07-29 11:40:44.945 -07:00 [INF] HTTP OPTIONS /api/v1/ads responded 204 in 0.0280 ms
2026-07-29 11:40:44.967 -07:00 [INF] HTTP GET /api/v1/ads responded 200 in 15.1153 ms
2026-07-29 11:40:44.967 -07:00 [INF] HTTP GET /api/v1/ads responded 200 in 15.4455 ms
2026-07-29 11:40:44.967 -07:00 [INF] HTTP GET /api/v1/ads responded 200 in 17.7109 ms
2026-07-29 11:40:44.969 -07:00 [INF] HTTP GET /api/v1/site-settings responded 200 in 17.6897 ms
2026-07-29 11:40:45.108 -07:00 [INF] HTTP OPTIONS /api/v1/ads/019f6751-956b-7a5e-b9d8-0ef3c1dcd66d/impression responded 204 in 0.6654 ms
2026-07-29 11:40:45.109 -07:00 [INF] HTTP OPTIONS /api/v1/ads/019f6751-9588-7e1c-b138-098134567940/impression responded 204 in 0.0410 ms
2026-07-29 11:40:45.109 -07:00 [INF] HTTP OPTIONS /api/v1/ads/019f6751-958a-7a15-a575-98aaa0e56c88/impression responded 204 in 0.0254 ms
2026-07-29 11:40:45.148 -07:00 [INF] HTTP POST /api/v1/ads/019f6751-9588-7e1c-b138-098134567940/impression responded 200 in 34.6079 ms
2026-07-29 11:40:45.149 -07:00 [INF] HTTP POST /api/v1/ads/019f6751-956b-7a5e-b9d8-0ef3c1dcd66d/impression responded 200 in 36.3437 ms
2026-07-29 11:40:45.150 -07:00 [INF] HTTP POST /api/v1/ads/019f6751-958a-7a15-a575-98aaa0e56c88/impression responded 200 in 36.8483 ms
2026-07-29 11:40:45.157 -07:00 [INF] HTTP OPTIONS /api/v1/feed/home responded 204 in 0.0364 ms
2026-07-29 11:40:45.186 -07:00 [INF] HTTP GET /api/v1/feed/home responded 200 in 28.0514 ms
2026-07-29 11:40:49.228 -07:00 [INF] HTTP OPTIONS /api/v1/ads/019f6751-9586-79ca-a9e4-063106266335/impression responded 204 in 0.1666 ms
2026-07-29 11:40:49.230 -07:00 [INF] HTTP OPTIONS /api/v1/ads/019f6751-958b-7d8a-a9a6-0f853bb35f0f/impression responded 204 in 0.0521 ms
2026-07-29 11:40:49.241 -07:00 [INF] HTTP POST /api/v1/ads/019f6751-9586-79ca-a9e4-063106266335/impression responded 200 in 7.4350 ms
2026-07-29 11:40:49.241 -07:00 [INF] HTTP POST /api/v1/ads/019f6751-958b-7d8a-a9a6-0f853bb35f0f/impression responded 200 in 7.5593 ms
2026-07-29 11:40:52.827 -07:00 [INF] HTTP OPTIONS /api/v1/ads/019f6751-9589-76dd-a1a8-4c3bf2cfc076/impression responded 204 in 1.9203 ms
2026-07-29 11:40:52.849 -07:00 [INF] HTTP POST /api/v1/ads/019f6751-9589-76dd-a1a8-4c3bf2cfc076/impression responded 200 in 14.6355 ms
2026-07-29 11:40:53.428 -07:00 [INF] HTTP OPTIONS /api/v1/ads/019f6751-956b-7a5e-b9d8-0ef3c1dcd66d/impression responded 204 in 0.1780 ms
2026-07-29 11:40:53.428 -07:00 [INF] HTTP OPTIONS /api/v1/ads/019f6751-958a-7a15-a575-98aaa0e56c88/impression responded 204 in 0.1780 ms
2026-07-29 11:40:53.437 -07:00 [INF] HTTP POST /api/v1/ads/019f6751-956b-7a5e-b9d8-0ef3c1dcd66d/impression responded 200 in 7.0343 ms
2026-07-29 11:40:53.455 -07:00 [INF] HTTP POST /api/v1/ads/019f6751-958a-7a15-a575-98aaa0e56c88/impression responded 200 in 24.8985 ms
2026-07-29 11:40:57.626 -07:00 [INF] HTTP OPTIONS /api/v1/ads/019f6751-9586-79ca-a9e4-063106266335/impression responded 204 in 0.0690 ms
2026-07-29 11:40:57.628 -07:00 [INF] HTTP OPTIONS /api/v1/ads/019f6751-958b-7d8a-a9a6-0f853bb35f0f/impression responded 204 in 0.0652 ms
2026-07-29 11:40:57.634 -07:00 [INF] HTTP POST /api/v1/ads/019f6751-9586-79ca-a9e4-063106266335/impression responded 200 in 5.2526 ms
2026-07-29 11:40:57.634 -07:00 [INF] HTTP POST /api/v1/ads/019f6751-958b-7d8a-a9a6-0f853bb35f0f/impression responded 200 in 4.7493 ms
2026-07-29 11:40:57.750 -07:00 [INF] HTTP OPTIONS /api/v1/ads/019f6751-9588-7e1c-b138-098134567940/impression responded 204 in 0.0319 ms
2026-07-29 11:40:57.754 -07:00 [INF] HTTP POST /api/v1/ads/019f6751-9588-7e1c-b138-098134567940/impression responded 200 in 3.5616 ms
2026-07-29 11:40:59.418 -07:00 [INF] HTTP GET /api/v1/categories responded 200 in 7.0598 ms
2026-07-29 11:40:59.423 -07:00 [INF] HTTP GET /api/v1/listings responded 200 in 13.2788 ms
2026-07-29 11:41:01.830 -07:00 [INF] HTTP OPTIONS /api/v1/ads/019f6751-958a-7a15-a575-98aaa0e56c88/impression responded 204 in 1.4055 ms
2026-07-29 11:41:01.830 -07:00 [INF] HTTP OPTIONS /api/v1/ads/019f6751-956b-7a5e-b9d8-0ef3c1dcd66d/impression responded 204 in 1.3205 ms
2026-07-29 11:41:01.909 -07:00 [INF] HTTP POST /api/v1/ads/019f6751-956b-7a5e-b9d8-0ef3c1dcd66d/impression responded 200 in 68.6919 ms
2026-07-29 11:41:01.909 -07:00 [INF] HTTP POST /api/v1/ads/019f6751-958a-7a15-a575-98aaa0e56c88/impression responded 200 in 68.9789 ms
2026-07-29 11:41:01.952 -07:00 [INF] HTTP OPTIONS /api/v1/ads/019f6751-9589-76dd-a1a8-4c3bf2cfc076/impression responded 204 in 0.0621 ms
2026-07-29 11:41:01.956 -07:00 [INF] HTTP POST /api/v1/ads/019f6751-9589-76dd-a1a8-4c3bf2cfc076/impression responded 200 in 3.6913 ms
2026-07-29 11:41:06.031 -07:00 [INF] HTTP OPTIONS /api/v1/ads/019f6751-9586-79ca-a9e4-063106266335/impression responded 204 in 0.2110 ms
2026-07-29 11:41:06.031 -07:00 [INF] HTTP OPTIONS /api/v1/ads/019f6751-958b-7d8a-a9a6-0f853bb35f0f/impression responded 204 in 0.1101 ms
2026-07-29 11:41:06.037 -07:00 [INF] HTTP POST /api/v1/ads/019f6751-958b-7d8a-a9a6-0f853bb35f0f/impression responded 200 in 4.2420 ms
2026-07-29 11:41:06.037 -07:00 [INF] HTTP POST /api/v1/ads/019f6751-9586-79ca-a9e4-063106266335/impression responded 200 in 4.2435 ms
2026-07-29 11:41:06.149 -07:00 [INF] HTTP OPTIONS /api/v1/ads/019f6751-9588-7e1c-b138-098134567940/impression responded 204 in 0.0329 ms
2026-07-29 11:41:06.155 -07:00 [INF] HTTP POST /api/v1/ads/019f6751-9588-7e1c-b138-098134567940/impression responded 200 in 4.0872 ms
2026-07-29 11:41:10.229 -07:00 [INF] HTTP OPTIONS /api/v1/ads/019f6751-956b-7a5e-b9d8-0ef3c1dcd66d/impression responded 204 in 0.0371 ms
2026-07-29 11:41:10.230 -07:00 [INF] HTTP OPTIONS /api/v1/ads/019f6751-958a-7a15-a575-98aaa0e56c88/impression responded 204 in 0.1209 ms
2026-07-29 11:41:10.243 -07:00 [INF] HTTP POST /api/v1/ads/019f6751-956b-7a5e-b9d8-0ef3c1dcd66d/impression responded 200 in 12.2801 ms
2026-07-29 11:41:10.244 -07:00 [INF] HTTP POST /api/v1/ads/019f6751-958a-7a15-a575-98aaa0e56c88/impression responded 200 in 13.0150 ms
2026-07-29 11:41:10.356 -07:00 [INF] HTTP OPTIONS /api/v1/ads/019f6751-9589-76dd-a1a8-4c3bf2cfc076/impression responded 204 in 0.0395 ms
2026-07-29 11:41:10.366 -07:00 [INF] HTTP POST /api/v1/ads/019f6751-9589-76dd-a1a8-4c3bf2cfc076/impression responded 200 in 9.0806 ms
2026-07-29 11:41:18.633 -07:00 [INF] HTTP OPTIONS /api/v1/ads/019f6751-958a-7a15-a575-98aaa0e56c88/impression responded 204 in 0.4441 ms
2026-07-29 11:41:18.633 -07:00 [INF] HTTP OPTIONS /api/v1/ads/019f6751-956b-7a5e-b9d8-0ef3c1dcd66d/impression responded 204 in 0.4441 ms
2026-07-29 11:41:18.683 -07:00 [INF] HTTP POST /api/v1/ads/019f6751-956b-7a5e-b9d8-0ef3c1dcd66d/impression responded 200 in 49.2747 ms
2026-07-29 11:41:18.684 -07:00 [INF] HTTP POST /api/v1/ads/019f6751-958a-7a15-a575-98aaa0e56c88/impression responded 200 in 50.0065 ms
2026-07-29 11:41:31.358 -07:00 [INF] HTTP OPTIONS /api/v1/ads/019f6751-9588-7e1c-b138-098134567940/impression responded 204 in 0.5099 ms
2026-07-29 11:41:31.381 -07:00 [INF] HTTP POST /api/v1/ads/019f6751-9588-7e1c-b138-098134567940/impression responded 200 in 20.3880 ms
2026-07-29 11:41:35.442 -07:00 [INF] HTTP OPTIONS /api/v1/ads/019f6751-956b-7a5e-b9d8-0ef3c1dcd66d/impression responded 204 in 0.0325 ms
2026-07-29 11:41:35.460 -07:00 [INF] HTTP POST /api/v1/ads/019f6751-956b-7a5e-b9d8-0ef3c1dcd66d/impression responded 200 in 17.4728 ms
2026-07-29 11:41:48.165 -07:00 [INF] HTTP OPTIONS /api/v1/ads/019f6751-9588-7e1c-b138-098134567940/impression responded 204 in 0.7815 ms
2026-07-29 11:41:48.192 -07:00 [INF] HTTP POST /api/v1/ads/019f6751-9588-7e1c-b138-098134567940/impression responded 200 in 21.6995 ms
2026-07-29 11:41:51.613 -07:00 [INF] HTTP OPTIONS /api/v1/admin/site-settings responded 204 in 0.5269 ms
2026-07-29 11:41:51.837 -07:00 [INF] HTTP POST /api/v1/admin/site-settings responded 200 in 221.9867 ms
2026-07-29 11:41:51.865 -07:00 [INF] HTTP GET /api/v1/admin/site-settings responded 200 in 14.1077 ms
2026-07-29 11:41:56.272 -07:00 [INF] HTTP GET /api/v1/site-settings responded 200 in 7.6348 ms
2026-07-29 11:41:58.958 -07:00 [INF] HTTP OPTIONS /api/v1/ads responded 204 in 0.8308 ms
2026-07-29 11:41:58.958 -07:00 [INF] HTTP OPTIONS /api/v1/ads responded 204 in 0.8513 ms
2026-07-29 11:41:58.958 -07:00 [INF] HTTP OPTIONS /api/v1/site-settings responded 204 in 0.7165 ms
2026-07-29 11:41:58.959 -07:00 [INF] HTTP OPTIONS /api/v1/ads responded 204 in 0.1416 ms
2026-07-29 11:41:58.993 -07:00 [INF] HTTP GET /api/v1/ads responded 200 in 24.2680 ms
2026-07-29 11:41:58.994 -07:00 [INF] HTTP GET /api/v1/ads responded 200 in 30.0815 ms
2026-07-29 11:41:58.995 -07:00 [INF] HTTP GET /api/v1/ads responded 200 in 25.0883 ms
2026-07-29 11:41:59.011 -07:00 [INF] HTTP GET /api/v1/site-settings responded 200 in 46.9824 ms
2026-07-29 11:41:59.091 -07:00 [INF] HTTP OPTIONS /api/v1/ads/019f6751-956b-7a5e-b9d8-0ef3c1dcd66d/impression responded 204 in 0.3434 ms
2026-07-29 11:41:59.093 -07:00 [INF] HTTP OPTIONS /api/v1/ads/019f6751-9588-7e1c-b138-098134567940/impression responded 204 in 0.0243 ms
2026-07-29 11:41:59.093 -07:00 [INF] HTTP OPTIONS /api/v1/ads/019f6751-958a-7a15-a575-98aaa0e56c88/impression responded 204 in 0.0105 ms
2026-07-29 11:41:59.150 -07:00 [INF] HTTP POST /api/v1/ads/019f6751-9588-7e1c-b138-098134567940/impression responded 200 in 51.0942 ms
2026-07-29 11:41:59.150 -07:00 [INF] HTTP POST /api/v1/ads/019f6751-958a-7a15-a575-98aaa0e56c88/impression responded 200 in 51.0936 ms
2026-07-29 11:41:59.151 -07:00 [INF] HTTP POST /api/v1/ads/019f6751-956b-7a5e-b9d8-0ef3c1dcd66d/impression responded 200 in 53.2523 ms
2026-07-29 11:41:59.176 -07:00 [INF] HTTP OPTIONS /api/v1/feed/home responded 204 in 1.1645 ms
2026-07-29 11:41:59.226 -07:00 [INF] HTTP GET /api/v1/feed/home responded 200 in 48.4590 ms
2026-07-29 11:42:02.009 -07:00 [INF] HTTP GET /api/v1/listings/019f6751-973b-716b-af23-e9aafc8f9693 responded 200 in 19.8796 ms
2026-07-29 11:42:02.023 -07:00 [INF] HTTP GET /api/v1/listings responded 200 in 9.6184 ms
2026-07-29 11:42:03.293 -07:00 [INF] HTTP OPTIONS /api/v1/ads/019f6751-9589-76dd-a1a8-4c3bf2cfc076/impression responded 204 in 0.1698 ms
2026-07-29 11:42:03.293 -07:00 [INF] HTTP OPTIONS /api/v1/ads/019f6751-958b-7d8a-a9a6-0f853bb35f0f/impression responded 204 in 0.0864 ms
2026-07-29 11:42:03.304 -07:00 [INF] HTTP POST /api/v1/ads/019f6751-9589-76dd-a1a8-4c3bf2cfc076/impression responded 200 in 9.4868 ms
2026-07-29 11:42:03.304 -07:00 [INF] HTTP POST /api/v1/ads/019f6751-958b-7d8a-a9a6-0f853bb35f0f/impression responded 200 in 10.4747 ms
2026-07-29 11:42:04.600 -07:00 [INF] HTTP OPTIONS /api/v1/ads/019f6751-9586-79ca-a9e4-063106266335/impression responded 204 in 0.0360 ms
2026-07-29 11:42:04.615 -07:00 [INF] HTTP POST /api/v1/ads/019f6751-9586-79ca-a9e4-063106266335/impression responded 200 in 14.1201 ms
2026-07-29 11:42:07.694 -07:00 [INF] HTTP OPTIONS /api/v1/ads/019f6751-958a-7a15-a575-98aaa0e56c88/impression responded 204 in 0.1879 ms
2026-07-29 11:42:07.694 -07:00 [INF] HTTP OPTIONS /api/v1/ads/019f6751-9588-7e1c-b138-098134567940/impression responded 204 in 0.1879 ms
2026-07-29 11:42:07.715 -07:00 [INF] HTTP POST /api/v1/ads/019f6751-9588-7e1c-b138-098134567940/impression responded 200 in 12.7001 ms
2026-07-29 11:42:07.716 -07:00 [INF] HTTP POST /api/v1/ads/019f6751-958a-7a15-a575-98aaa0e56c88/impression responded 200 in 17.0559 ms
2026-07-29 11:42:08.800 -07:00 [INF] HTTP OPTIONS /api/v1/ads/019f6751-956b-7a5e-b9d8-0ef3c1dcd66d/impression responded 204 in 0.1864 ms
2026-07-29 11:42:08.817 -07:00 [INF] HTTP POST /api/v1/ads/019f6751-956b-7a5e-b9d8-0ef3c1dcd66d/impression responded 200 in 9.0859 ms
2026-07-29 11:42:11.693 -07:00 [INF] HTTP OPTIONS /api/v1/ads/019f6751-9589-76dd-a1a8-4c3bf2cfc076/impression responded 204 in 0.0342 ms
2026-07-29 11:42:11.693 -07:00 [INF] HTTP OPTIONS /api/v1/ads/019f6751-958b-7d8a-a9a6-0f853bb35f0f/impression responded 204 in 0.0055 ms
2026-07-29 11:42:11.714 -07:00 [INF] HTTP POST /api/v1/ads/019f6751-958b-7d8a-a9a6-0f853bb35f0f/impression responded 200 in 18.6135 ms
2026-07-29 11:42:11.714 -07:00 [INF] HTTP POST /api/v1/ads/019f6751-9589-76dd-a1a8-4c3bf2cfc076/impression responded 200 in 18.5178 ms
2026-07-29 11:42:13.000 -07:00 [INF] HTTP OPTIONS /api/v1/ads/019f6751-9586-79ca-a9e4-063106266335/impression responded 204 in 0.0387 ms
2026-07-29 11:42:13.105 -07:00 [INF] HTTP POST /api/v1/ads/019f6751-9586-79ca-a9e4-063106266335/impression responded 200 in 103.7844 ms
2026-07-29 11:42:15.894 -07:00 [INF] HTTP OPTIONS /api/v1/ads/019f6751-958a-7a15-a575-98aaa0e56c88/impression responded 204 in 1.2256 ms
2026-07-29 11:42:15.894 -07:00 [INF] HTTP OPTIONS /api/v1/ads/019f6751-9588-7e1c-b138-098134567940/impression responded 204 in 1.2256 ms
2026-07-29 11:42:15.916 -07:00 [INF] HTTP POST /api/v1/ads/019f6751-9588-7e1c-b138-098134567940/impression responded 200 in 18.1648 ms
2026-07-29 11:42:16.002 -07:00 [INF] HTTP POST /api/v1/ads/019f6751-958a-7a15-a575-98aaa0e56c88/impression responded 200 in 104.5736 ms
2026-07-29 11:42:17.200 -07:00 [INF] HTTP OPTIONS /api/v1/ads/019f6751-956b-7a5e-b9d8-0ef3c1dcd66d/impression responded 204 in 0.0323 ms
2026-07-29 11:42:17.215 -07:00 [INF] HTTP POST /api/v1/ads/019f6751-956b-7a5e-b9d8-0ef3c1dcd66d/impression responded 200 in 14.9660 ms
2026-07-29 11:42:25.669 -07:00 [INF] HTTP OPTIONS /api/v1/ads/019f6751-956b-7a5e-b9d8-0ef3c1dcd66d/impression responded 204 in 0.6067 ms
2026-07-29 11:42:25.901 -07:00 [INF] HTTP POST /api/v1/ads/019f6751-956b-7a5e-b9d8-0ef3c1dcd66d/impression responded 200 in 219.6238 ms
2026-07-29 11:43:02.187 -07:00 [INF] HTTP OPTIONS /api/v1/admin/site-settings responded 204 in 0.6956 ms
2026-07-29 11:43:02.296 -07:00 [INF] HTTP POST /api/v1/admin/site-settings responded 200 in 107.7904 ms
2026-07-29 11:43:02.304 -07:00 [INF] HTTP GET /api/v1/admin/site-settings responded 200 in 6.1006 ms
2026-07-29 11:43:08.725 -07:00 [INF] HTTP GET /api/v1/site-settings responded 200 in 7.9711 ms
2026-07-29 11:43:08.740 -07:00 [INF] HTTP GET /api/v1/listings/019f6751-973b-716b-af23-e9aafc8f9693 responded 200 in 22.5871 ms
2026-07-29 11:43:09.107 -07:00 [INF] HTTP GET /api/v1/listings responded 200 in 13.7107 ms
2026-07-29 11:43:11.766 -07:00 [INF] HTTP OPTIONS /api/v1/ads responded 204 in 0.0373 ms
2026-07-29 11:43:11.766 -07:00 [INF] HTTP OPTIONS /api/v1/ads responded 204 in 0.0116 ms
2026-07-29 11:43:11.783 -07:00 [INF] HTTP GET /api/v1/ads responded 200 in 11.0774 ms
2026-07-29 11:43:11.784 -07:00 [INF] HTTP GET /api/v1/ads responded 200 in 12.6863 ms
2026-07-29 11:43:11.839 -07:00 [INF] HTTP OPTIONS /api/v1/ads/019f6751-958a-7a15-a575-98aaa0e56c88/impression responded 204 in 0.0344 ms
2026-07-29 11:43:11.853 -07:00 [INF] HTTP POST /api/v1/ads/019f6751-958a-7a15-a575-98aaa0e56c88/impression responded 200 in 13.2322 ms
2026-07-29 11:43:16.047 -07:00 [INF] HTTP OPTIONS /api/v1/ads/019f6751-958b-7d8a-a9a6-0f853bb35f0f/impression responded 204 in 0.1243 ms
2026-07-29 11:43:16.065 -07:00 [INF] HTTP POST /api/v1/ads/019f6751-958b-7d8a-a9a6-0f853bb35f0f/impression responded 200 in 16.8243 ms
2026-07-29 11:43:20.243 -07:00 [INF] HTTP OPTIONS /api/v1/ads/019f6751-958a-7a15-a575-98aaa0e56c88/impression responded 204 in 0.0438 ms
2026-07-29 11:43:20.248 -07:00 [INF] HTTP POST /api/v1/ads/019f6751-958a-7a15-a575-98aaa0e56c88/impression responded 200 in 3.9541 ms
2026-07-29 11:43:24.445 -07:00 [INF] HTTP OPTIONS /api/v1/ads/019f6751-958b-7d8a-a9a6-0f853bb35f0f/impression responded 204 in 0.1653 ms
2026-07-29 11:43:24.473 -07:00 [INF] HTTP POST /api/v1/ads/019f6751-958b-7d8a-a9a6-0f853bb35f0f/impression responded 200 in 18.1075 ms
2026-07-29 11:43:29.234 -07:00 [INF] HTTP OPTIONS /api/v1/ads responded 204 in 0.0158 ms
2026-07-29 11:43:29.235 -07:00 [INF] HTTP OPTIONS /api/v1/ads responded 204 in 0.0205 ms
2026-07-29 11:43:29.235 -07:00 [INF] HTTP OPTIONS /api/v1/ads responded 204 in 1.2021 ms
2026-07-29 11:43:29.237 -07:00 [INF] HTTP OPTIONS /api/v1/site-settings responded 204 in 0.0673 ms
2026-07-29 11:43:29.246 -07:00 [INF] HTTP GET /api/v1/ads responded 200 in 6.7000 ms
2026-07-29 11:43:29.248 -07:00 [INF] HTTP GET /api/v1/ads responded 200 in 9.5807 ms
2026-07-29 11:43:29.329 -07:00 [INF] HTTP OPTIONS /api/v1/ads/019f6751-956b-7a5e-b9d8-0ef3c1dcd66d/impression responded 204 in 0.0474 ms
2026-07-29 11:43:29.329 -07:00 [INF] HTTP OPTIONS /api/v1/ads/019f6751-958a-7a15-a575-98aaa0e56c88/impression responded 204 in 0.0246 ms
2026-07-29 11:43:29.351 -07:00 [INF] HTTP POST /api/v1/ads/019f6751-958a-7a15-a575-98aaa0e56c88/impression responded 200 in 19.6260 ms
2026-07-29 11:43:29.352 -07:00 [INF] HTTP POST /api/v1/ads/019f6751-956b-7a5e-b9d8-0ef3c1dcd66d/impression responded 200 in 15.7211 ms
2026-07-29 11:43:29.363 -07:00 [INF] HTTP GET /api/v1/ads responded 200 in 121.0368 ms
2026-07-29 11:43:29.369 -07:00 [INF] HTTP OPTIONS /api/v1/ads/019f6751-9588-7e1c-b138-098134567940/impression responded 204 in 0.0586 ms
2026-07-29 11:43:29.370 -07:00 [INF] HTTP GET /api/v1/site-settings responded 200 in 128.0768 ms
2026-07-29 11:43:29.379 -07:00 [INF] HTTP POST /api/v1/ads/019f6751-9588-7e1c-b138-098134567940/impression responded 200 in 8.6183 ms
2026-07-29 11:43:29.396 -07:00 [INF] HTTP OPTIONS /api/v1/feed/home responded 204 in 0.0597 ms
2026-07-29 11:43:29.434 -07:00 [INF] HTTP GET /api/v1/feed/home responded 200 in 35.8940 ms
2026-07-29 11:43:33.510 -07:00 [INF] HTTP OPTIONS /api/v1/ads/019f6751-958b-7d8a-a9a6-0f853bb35f0f/impression responded 204 in 0.0902 ms
2026-07-29 11:43:33.511 -07:00 [INF] HTTP OPTIONS /api/v1/ads/019f6751-9586-79ca-a9e4-063106266335/impression responded 204 in 0.0812 ms
2026-07-29 11:43:33.521 -07:00 [INF] HTTP POST /api/v1/ads/019f6751-958b-7d8a-a9a6-0f853bb35f0f/impression responded 200 in 8.6351 ms
2026-07-29 11:43:33.522 -07:00 [INF] HTTP POST /api/v1/ads/019f6751-9586-79ca-a9e4-063106266335/impression responded 200 in 9.4476 ms
2026-07-29 11:43:33.588 -07:00 [INF] HTTP OPTIONS /api/v1/ads/019f6751-9589-76dd-a1a8-4c3bf2cfc076/impression responded 204 in 0.0435 ms
2026-07-29 11:43:33.592 -07:00 [INF] HTTP POST /api/v1/ads/019f6751-9589-76dd-a1a8-4c3bf2cfc076/impression responded 200 in 3.8710 ms
2026-07-29 11:43:37.706 -07:00 [INF] HTTP OPTIONS /api/v1/ads/019f6751-958a-7a15-a575-98aaa0e56c88/impression responded 204 in 0.0598 ms
2026-07-29 11:43:37.715 -07:00 [INF] HTTP POST /api/v1/ads/019f6751-958a-7a15-a575-98aaa0e56c88/impression responded 200 in 5.5455 ms
2026-07-29 11:43:37.773 -07:00 [INF] HTTP OPTIONS /api/v1/ads/019f6751-9588-7e1c-b138-098134567940/impression responded 204 in 0.0522 ms
2026-07-29 11:43:37.779 -07:00 [INF] HTTP POST /api/v1/ads/019f6751-9588-7e1c-b138-098134567940/impression responded 200 in 3.7629 ms
2026-07-29 11:43:41.914 -07:00 [INF] HTTP OPTIONS /api/v1/ads/019f6751-958b-7d8a-a9a6-0f853bb35f0f/impression responded 204 in 0.0809 ms
2026-07-29 11:43:41.922 -07:00 [INF] HTTP POST /api/v1/ads/019f6751-958b-7d8a-a9a6-0f853bb35f0f/impression responded 200 in 6.4188 ms
2026-07-29 11:43:44.517 -07:00 [INF] HTTP OPTIONS /api/v1/ads/019f6751-956b-7a5e-b9d8-0ef3c1dcd66d/impression responded 204 in 0.0308 ms
2026-07-29 11:43:44.521 -07:00 [INF] HTTP POST /api/v1/ads/019f6751-956b-7a5e-b9d8-0ef3c1dcd66d/impression responded 200 in 3.2118 ms
2026-07-29 11:43:46.107 -07:00 [INF] HTTP OPTIONS /api/v1/ads/019f6751-958a-7a15-a575-98aaa0e56c88/impression responded 204 in 0.0567 ms
2026-07-29 11:43:46.112 -07:00 [INF] HTTP POST /api/v1/ads/019f6751-958a-7a15-a575-98aaa0e56c88/impression responded 200 in 3.9326 ms
2026-07-29 11:43:48.738 -07:00 [INF] HTTP OPTIONS /api/v1/ads/019f6751-9589-76dd-a1a8-4c3bf2cfc076/impression responded 204 in 0.0805 ms
2026-07-29 11:43:48.748 -07:00 [INF] HTTP POST /api/v1/ads/019f6751-9589-76dd-a1a8-4c3bf2cfc076/impression responded 200 in 5.3269 ms
2026-07-29 11:43:50.308 -07:00 [INF] HTTP OPTIONS /api/v1/ads/019f6751-958b-7d8a-a9a6-0f853bb35f0f/impression responded 204 in 0.3160 ms
2026-07-29 11:43:50.320 -07:00 [INF] HTTP POST /api/v1/ads/019f6751-958b-7d8a-a9a6-0f853bb35f0f/impression responded 200 in 10.1044 ms
2026-07-29 11:43:52.944 -07:00 [INF] HTTP OPTIONS /api/v1/ads/019f6751-9588-7e1c-b138-098134567940/impression responded 204 in 0.0408 ms
2026-07-29 11:43:52.950 -07:00 [INF] HTTP POST /api/v1/ads/019f6751-9588-7e1c-b138-098134567940/impression responded 200 in 4.6375 ms
2026-07-29 11:43:53.073 -07:00 [INF] HTTP OPTIONS /api/v1/ads/019f6751-9586-79ca-a9e4-063106266335/impression responded 204 in 0.0407 ms
2026-07-29 11:43:53.079 -07:00 [INF] HTTP POST /api/v1/ads/019f6751-9586-79ca-a9e4-063106266335/impression responded 200 in 4.5023 ms
2026-07-29 11:43:54.510 -07:00 [INF] HTTP OPTIONS /api/v1/ads/019f6751-958a-7a15-a575-98aaa0e56c88/impression responded 204 in 0.1796 ms
2026-07-29 11:43:54.520 -07:00 [INF] HTTP POST /api/v1/ads/019f6751-958a-7a15-a575-98aaa0e56c88/impression responded 200 in 7.0390 ms
2026-07-29 11:44:24.180 -07:00 [INF] HTTP OPTIONS /api/v1/admin/site-settings responded 204 in 1.4941 ms
2026-07-29 11:44:24.270 -07:00 [INF] HTTP POST /api/v1/admin/site-settings responded 200 in 86.2159 ms
2026-07-29 11:44:24.277 -07:00 [INF] HTTP GET /api/v1/admin/site-settings responded 200 in 4.6300 ms
2026-07-29 11:44:25.175 -07:00 [INF] HTTP OPTIONS /api/v1/site-settings responded 204 in 0.0808 ms
2026-07-29 11:44:25.189 -07:00 [INF] HTTP OPTIONS /api/v1/site-settings responded 204 in 0.0326 ms
2026-07-29 11:44:25.190 -07:00 [INF] HTTP GET /api/v1/site-settings responded 200 in 10.7709 ms
2026-07-29 11:44:25.202 -07:00 [INF] HTTP GET /api/v1/site-settings responded 200 in 12.3647 ms
2026-07-29 11:44:29.377 -07:00 [INF] HTTP OPTIONS /api/v1/ads/019f6751-9589-76dd-a1a8-4c3bf2cfc076/impression responded 204 in 0.0458 ms
2026-07-29 11:44:29.377 -07:00 [INF] HTTP OPTIONS /api/v1/ads/019f6751-958b-7d8a-a9a6-0f853bb35f0f/impression responded 204 in 0.0394 ms
2026-07-29 11:44:29.385 -07:00 [INF] HTTP POST /api/v1/ads/019f6751-958b-7d8a-a9a6-0f853bb35f0f/impression responded 200 in 6.4913 ms
2026-07-29 11:44:29.385 -07:00 [INF] HTTP POST /api/v1/ads/019f6751-9589-76dd-a1a8-4c3bf2cfc076/impression responded 200 in 6.6392 ms
2026-07-29 11:44:36.762 -07:00 [INF] HTTP OPTIONS /api/v1/admin/site-settings responded 204 in 0.0392 ms
2026-07-29 11:44:36.854 -07:00 [INF] HTTP POST /api/v1/admin/site-settings responded 200 in 90.1346 ms
2026-07-29 11:44:36.864 -07:00 [INF] HTTP GET /api/v1/admin/site-settings responded 200 in 4.9975 ms
2026-07-29 11:44:37.539 -07:00 [INF] HTTP OPTIONS /api/v1/site-settings responded 204 in 0.0395 ms
2026-07-29 11:44:37.539 -07:00 [INF] HTTP OPTIONS /api/v1/site-settings responded 204 in 0.0375 ms
2026-07-29 11:44:37.544 -07:00 [INF] HTTP GET /api/v1/site-settings responded 200 in 3.2732 ms
2026-07-29 11:44:37.545 -07:00 [INF] HTTP GET /api/v1/site-settings responded 200 in 4.1572 ms
2026-07-29 11:44:40.852 -07:00 [INF] HTTP GET /api/v1/site-settings responded 200 in 38.8583 ms
2026-07-29 11:44:41.195 -07:00 [INF] HTTP OPTIONS /api/v1/ads responded 204 in 0.0589 ms
2026-07-29 11:44:41.195 -07:00 [INF] HTTP OPTIONS /api/v1/ads responded 204 in 0.1630 ms
2026-07-29 11:44:41.216 -07:00 [INF] HTTP OPTIONS /api/v1/ads responded 204 in 0.1078 ms
2026-07-29 11:44:41.218 -07:00 [INF] HTTP OPTIONS /api/v1/site-settings responded 204 in 0.0183 ms
2026-07-29 11:44:41.221 -07:00 [INF] HTTP OPTIONS /api/v1/feed/home responded 204 in 0.0145 ms
2026-07-29 11:44:41.230 -07:00 [INF] HTTP GET /api/v1/ads responded 200 in 14.7243 ms
2026-07-29 11:44:41.232 -07:00 [INF] HTTP GET /api/v1/ads responded 200 in 11.7608 ms
2026-07-29 11:44:41.232 -07:00 [INF] HTTP GET /api/v1/ads responded 200 in 13.7537 ms
2026-07-29 11:44:41.233 -07:00 [INF] HTTP GET /api/v1/site-settings responded 200 in 12.9490 ms
2026-07-29 11:44:41.303 -07:00 [INF] HTTP OPTIONS /api/v1/ads/019f6751-9588-7e1c-b138-098134567940/impression responded 204 in 0.0369 ms
2026-07-29 11:44:41.304 -07:00 [INF] HTTP OPTIONS /api/v1/ads/019f6751-956b-7a5e-b9d8-0ef3c1dcd66d/impression responded 204 in 0.0095 ms
2026-07-29 11:44:41.304 -07:00 [INF] HTTP OPTIONS /api/v1/ads/019f6751-958a-7a15-a575-98aaa0e56c88/impression responded 204 in 0.7534 ms
2026-07-29 11:44:41.331 -07:00 [INF] HTTP POST /api/v1/ads/019f6751-956b-7a5e-b9d8-0ef3c1dcd66d/impression responded 200 in 9.9736 ms
2026-07-29 11:44:41.332 -07:00 [INF] HTTP POST /api/v1/ads/019f6751-9588-7e1c-b138-098134567940/impression responded 200 in 11.0282 ms
2026-07-29 11:44:41.335 -07:00 [INF] HTTP POST /api/v1/ads/019f6751-958a-7a15-a575-98aaa0e56c88/impression responded 200 in 11.2832 ms
2026-07-29 11:44:41.342 -07:00 [INF] HTTP GET /api/v1/feed/home responded 200 in 120.2897 ms
2026-07-29 11:44:45.511 -07:00 [INF] HTTP OPTIONS /api/v1/ads/019f6751-9586-79ca-a9e4-063106266335/impression responded 204 in 0.1719 ms
2026-07-29 11:44:45.514 -07:00 [INF] HTTP OPTIONS /api/v1/ads/019f6751-9589-76dd-a1a8-4c3bf2cfc076/impression responded 204 in 0.1210 ms
2026-07-29 11:44:45.514 -07:00 [INF] HTTP OPTIONS /api/v1/ads/019f6751-958b-7d8a-a9a6-0f853bb35f0f/impression responded 204 in 0.0386 ms
2026-07-29 11:44:45.528 -07:00 [INF] HTTP POST /api/v1/ads/019f6751-9589-76dd-a1a8-4c3bf2cfc076/impression responded 200 in 12.8968 ms
2026-07-29 11:44:45.528 -07:00 [INF] HTTP POST /api/v1/ads/019f6751-958b-7d8a-a9a6-0f853bb35f0f/impression responded 200 in 12.5438 ms
2026-07-29 11:44:45.529 -07:00 [INF] HTTP POST /api/v1/ads/019f6751-9586-79ca-a9e4-063106266335/impression responded 200 in 14.1619 ms
2026-07-29 11:44:49.714 -07:00 [INF] HTTP OPTIONS /api/v1/ads/019f6751-9588-7e1c-b138-098134567940/impression responded 204 in 0.6456 ms
2026-07-29 11:44:49.714 -07:00 [INF] HTTP OPTIONS /api/v1/ads/019f6751-956b-7a5e-b9d8-0ef3c1dcd66d/impression responded 204 in 0.6425 ms
2026-07-29 11:44:49.714 -07:00 [INF] HTTP OPTIONS /api/v1/ads/019f6751-958a-7a15-a575-98aaa0e56c88/impression responded 204 in 0.6449 ms
2026-07-29 11:44:49.750 -07:00 [INF] HTTP POST /api/v1/ads/019f6751-9588-7e1c-b138-098134567940/impression responded 200 in 33.8501 ms
2026-07-29 11:44:49.750 -07:00 [INF] HTTP POST /api/v1/ads/019f6751-958a-7a15-a575-98aaa0e56c88/impression responded 200 in 33.8896 ms
2026-07-29 11:44:49.750 -07:00 [INF] HTTP POST /api/v1/ads/019f6751-956b-7a5e-b9d8-0ef3c1dcd66d/impression responded 200 in 33.6256 ms
2026-07-29 11:44:53.913 -07:00 [INF] HTTP OPTIONS /api/v1/ads/019f6751-9589-76dd-a1a8-4c3bf2cfc076/impression responded 204 in 0.0334 ms
2026-07-29 11:44:53.913 -07:00 [INF] HTTP OPTIONS /api/v1/ads/019f6751-9586-79ca-a9e4-063106266335/impression responded 204 in 0.0661 ms
2026-07-29 11:44:53.913 -07:00 [INF] HTTP OPTIONS /api/v1/ads/019f6751-958b-7d8a-a9a6-0f853bb35f0f/impression responded 204 in 0.2396 ms
2026-07-29 11:44:53.927 -07:00 [INF] HTTP POST /api/v1/ads/019f6751-9586-79ca-a9e4-063106266335/impression responded 200 in 10.3542 ms
2026-07-29 11:44:53.930 -07:00 [INF] HTTP POST /api/v1/ads/019f6751-9589-76dd-a1a8-4c3bf2cfc076/impression responded 200 in 12.5360 ms
2026-07-29 11:44:53.932 -07:00 [INF] HTTP POST /api/v1/ads/019f6751-958b-7d8a-a9a6-0f853bb35f0f/impression responded 200 in 13.6939 ms
2026-07-29 11:44:58.113 -07:00 [INF] HTTP OPTIONS /api/v1/ads/019f6751-958a-7a15-a575-98aaa0e56c88/impression responded 204 in 0.3513 ms
2026-07-29 11:44:58.113 -07:00 [INF] HTTP OPTIONS /api/v1/ads/019f6751-9588-7e1c-b138-098134567940/impression responded 204 in 0.3562 ms
2026-07-29 11:44:58.113 -07:00 [INF] HTTP OPTIONS /api/v1/ads/019f6751-956b-7a5e-b9d8-0ef3c1dcd66d/impression responded 204 in 0.3347 ms
2026-07-29 11:44:58.125 -07:00 [INF] HTTP POST /api/v1/ads/019f6751-9588-7e1c-b138-098134567940/impression responded 200 in 10.0168 ms
2026-07-29 11:44:58.125 -07:00 [INF] HTTP POST /api/v1/ads/019f6751-956b-7a5e-b9d8-0ef3c1dcd66d/impression responded 200 in 9.9135 ms
2026-07-29 11:44:58.125 -07:00 [INF] HTTP POST /api/v1/ads/019f6751-958a-7a15-a575-98aaa0e56c88/impression responded 200 in 10.0725 ms
2026-07-29 11:45:02.325 -07:00 [INF] HTTP OPTIONS /api/v1/ads/019f6751-9586-79ca-a9e4-063106266335/impression responded 204 in 0.0344 ms
2026-07-29 11:45:02.325 -07:00 [INF] HTTP OPTIONS /api/v1/ads/019f6751-958b-7d8a-a9a6-0f853bb35f0f/impression responded 204 in 0.0203 ms
2026-07-29 11:45:02.325 -07:00 [INF] HTTP OPTIONS /api/v1/ads/019f6751-9589-76dd-a1a8-4c3bf2cfc076/impression responded 204 in 0.0237 ms
2026-07-29 11:45:02.332 -07:00 [INF] HTTP POST /api/v1/ads/019f6751-9589-76dd-a1a8-4c3bf2cfc076/impression responded 200 in 5.9757 ms
2026-07-29 11:45:02.332 -07:00 [INF] HTTP POST /api/v1/ads/019f6751-9586-79ca-a9e4-063106266335/impression responded 200 in 6.0486 ms
2026-07-29 11:45:02.332 -07:00 [INF] HTTP POST /api/v1/ads/019f6751-958b-7d8a-a9a6-0f853bb35f0f/impression responded 200 in 5.9664 ms
2026-07-29 11:45:06.509 -07:00 [INF] HTTP OPTIONS /api/v1/ads/019f6751-958a-7a15-a575-98aaa0e56c88/impression responded 204 in 0.0741 ms
2026-07-29 11:45:06.509 -07:00 [INF] HTTP OPTIONS /api/v1/ads/019f6751-9588-7e1c-b138-098134567940/impression responded 204 in 0.0664 ms
2026-07-29 11:45:06.509 -07:00 [INF] HTTP OPTIONS /api/v1/ads/019f6751-956b-7a5e-b9d8-0ef3c1dcd66d/impression responded 204 in 0.0734 ms
2026-07-29 11:45:06.518 -07:00 [INF] HTTP POST /api/v1/ads/019f6751-958a-7a15-a575-98aaa0e56c88/impression responded 200 in 6.6553 ms
2026-07-29 11:45:06.518 -07:00 [INF] HTTP POST /api/v1/ads/019f6751-9588-7e1c-b138-098134567940/impression responded 200 in 6.6743 ms
2026-07-29 11:45:06.518 -07:00 [INF] HTTP POST /api/v1/ads/019f6751-956b-7a5e-b9d8-0ef3c1dcd66d/impression responded 200 in 5.9910 ms
2026-07-29 11:45:10.714 -07:00 [INF] HTTP OPTIONS /api/v1/ads/019f6751-9589-76dd-a1a8-4c3bf2cfc076/impression responded 204 in 0.1898 ms
2026-07-29 11:45:10.715 -07:00 [INF] HTTP OPTIONS /api/v1/ads/019f6751-9586-79ca-a9e4-063106266335/impression responded 204 in 0.0426 ms
2026-07-29 11:45:10.715 -07:00 [INF] HTTP OPTIONS /api/v1/ads/019f6751-958b-7d8a-a9a6-0f853bb35f0f/impression responded 204 in 0.1410 ms
2026-07-29 11:45:10.726 -07:00 [INF] HTTP POST /api/v1/ads/019f6751-9589-76dd-a1a8-4c3bf2cfc076/impression responded 200 in 9.0008 ms
2026-07-29 11:45:10.726 -07:00 [INF] HTTP POST /api/v1/ads/019f6751-9586-79ca-a9e4-063106266335/impression responded 200 in 8.6489 ms
2026-07-29 11:45:10.726 -07:00 [INF] HTTP POST /api/v1/ads/019f6751-958b-7d8a-a9a6-0f853bb35f0f/impression responded 200 in 8.9031 ms
2026-07-29 11:45:14.914 -07:00 [INF] HTTP OPTIONS /api/v1/ads/019f6751-956b-7a5e-b9d8-0ef3c1dcd66d/impression responded 204 in 0.2538 ms
2026-07-29 11:45:14.915 -07:00 [INF] HTTP OPTIONS /api/v1/ads/019f6751-9588-7e1c-b138-098134567940/impression responded 204 in 0.0096 ms
2026-07-29 11:45:14.915 -07:00 [INF] HTTP OPTIONS /api/v1/ads/019f6751-958a-7a15-a575-98aaa0e56c88/impression responded 204 in 0.0078 ms
2026-07-29 11:45:14.934 -07:00 [INF] HTTP POST /api/v1/ads/019f6751-9588-7e1c-b138-098134567940/impression responded 200 in 8.0051 ms
2026-07-29 11:45:14.934 -07:00 [INF] HTTP POST /api/v1/ads/019f6751-956b-7a5e-b9d8-0ef3c1dcd66d/impression responded 200 in 8.0796 ms
2026-07-29 11:45:15.004 -07:00 [INF] HTTP POST /api/v1/ads/019f6751-958a-7a15-a575-98aaa0e56c88/impression responded 200 in 3.4139 ms
2026-07-29 11:45:19.118 -07:00 [INF] HTTP OPTIONS /api/v1/ads/019f6751-9586-79ca-a9e4-063106266335/impression responded 204 in 0.0485 ms
2026-07-29 11:45:19.118 -07:00 [INF] HTTP OPTIONS /api/v1/ads/019f6751-9589-76dd-a1a8-4c3bf2cfc076/impression responded 204 in 0.1338 ms
2026-07-29 11:45:19.124 -07:00 [INF] HTTP POST /api/v1/ads/019f6751-9589-76dd-a1a8-4c3bf2cfc076/impression responded 200 in 4.7415 ms
2026-07-29 11:45:19.126 -07:00 [INF] HTTP POST /api/v1/ads/019f6751-9586-79ca-a9e4-063106266335/impression responded 200 in 7.0176 ms
2026-07-29 11:45:19.136 -07:00 [INF] HTTP OPTIONS /api/v1/ads/019f6751-958b-7d8a-a9a6-0f853bb35f0f/impression responded 204 in 0.1098 ms
2026-07-29 11:45:19.149 -07:00 [INF] HTTP POST /api/v1/ads/019f6751-958b-7d8a-a9a6-0f853bb35f0f/impression responded 200 in 11.9313 ms
2026-07-29 11:45:23.314 -07:00 [INF] HTTP OPTIONS /api/v1/ads/019f6751-958a-7a15-a575-98aaa0e56c88/impression responded 204 in 0.5688 ms
2026-07-29 11:45:23.314 -07:00 [INF] HTTP OPTIONS /api/v1/ads/019f6751-956b-7a5e-b9d8-0ef3c1dcd66d/impression responded 204 in 0.5717 ms
2026-07-29 11:45:23.314 -07:00 [INF] HTTP OPTIONS /api/v1/ads/019f6751-9588-7e1c-b138-098134567940/impression responded 204 in 0.5708 ms
2026-07-29 11:45:23.357 -07:00 [INF] HTTP POST /api/v1/ads/019f6751-956b-7a5e-b9d8-0ef3c1dcd66d/impression responded 200 in 39.9984 ms
2026-07-29 11:45:23.357 -07:00 [INF] HTTP POST /api/v1/ads/019f6751-958a-7a15-a575-98aaa0e56c88/impression responded 200 in 39.7978 ms
2026-07-29 11:45:23.357 -07:00 [INF] HTTP POST /api/v1/ads/019f6751-9588-7e1c-b138-098134567940/impression responded 200 in 39.7379 ms
2026-07-29 11:45:27.507 -07:00 [INF] HTTP OPTIONS /api/v1/ads/019f6751-9589-76dd-a1a8-4c3bf2cfc076/impression responded 204 in 0.0359 ms
2026-07-29 11:45:27.507 -07:00 [INF] HTTP OPTIONS /api/v1/ads/019f6751-9586-79ca-a9e4-063106266335/impression responded 204 in 0.0652 ms
2026-07-29 11:45:27.508 -07:00 [INF] HTTP OPTIONS /api/v1/ads/019f6751-958b-7d8a-a9a6-0f853bb35f0f/impression responded 204 in 0.0229 ms
2026-07-29 11:45:27.532 -07:00 [INF] HTTP POST /api/v1/ads/019f6751-9589-76dd-a1a8-4c3bf2cfc076/impression responded 200 in 23.6812 ms
2026-07-29 11:45:27.533 -07:00 [INF] HTTP POST /api/v1/ads/019f6751-9586-79ca-a9e4-063106266335/impression responded 200 in 23.5125 ms
2026-07-29 11:45:27.534 -07:00 [INF] HTTP POST /api/v1/ads/019f6751-958b-7d8a-a9a6-0f853bb35f0f/impression responded 200 in 24.5787 ms
2026-07-29 11:45:31.726 -07:00 [INF] HTTP OPTIONS /api/v1/ads/019f6751-958a-7a15-a575-98aaa0e56c88/impression responded 204 in 0.2404 ms
2026-07-29 11:45:31.726 -07:00 [INF] HTTP OPTIONS /api/v1/ads/019f6751-956b-7a5e-b9d8-0ef3c1dcd66d/impression responded 204 in 0.3260 ms
2026-07-29 11:45:31.726 -07:00 [INF] HTTP OPTIONS /api/v1/ads/019f6751-9588-7e1c-b138-098134567940/impression responded 204 in 0.2390 ms
2026-07-29 11:45:31.739 -07:00 [INF] HTTP POST /api/v1/ads/019f6751-9588-7e1c-b138-098134567940/impression responded 200 in 6.1419 ms
2026-07-29 11:45:31.741 -07:00 [INF] HTTP POST /api/v1/ads/019f6751-956b-7a5e-b9d8-0ef3c1dcd66d/impression responded 200 in 9.4303 ms
2026-07-29 11:45:31.742 -07:00 [INF] HTTP POST /api/v1/ads/019f6751-958a-7a15-a575-98aaa0e56c88/impression responded 200 in 10.6794 ms
2026-07-29 11:45:35.912 -07:00 [INF] HTTP OPTIONS /api/v1/ads/019f6751-9586-79ca-a9e4-063106266335/impression responded 204 in 0.0320 ms
2026-07-29 11:45:35.912 -07:00 [INF] HTTP OPTIONS /api/v1/ads/019f6751-958b-7d8a-a9a6-0f853bb35f0f/impression responded 204 in 0.0095 ms
2026-07-29 11:45:35.912 -07:00 [INF] HTTP OPTIONS /api/v1/ads/019f6751-9589-76dd-a1a8-4c3bf2cfc076/impression responded 204 in 0.0319 ms
2026-07-29 11:45:35.918 -07:00 [INF] HTTP POST /api/v1/ads/019f6751-9586-79ca-a9e4-063106266335/impression responded 200 in 4.4352 ms
2026-07-29 11:45:35.918 -07:00 [INF] HTTP POST /api/v1/ads/019f6751-9589-76dd-a1a8-4c3bf2cfc076/impression responded 200 in 4.3835 ms
2026-07-29 11:45:35.918 -07:00 [INF] HTTP POST /api/v1/ads/019f6751-958b-7d8a-a9a6-0f853bb35f0f/impression responded 200 in 4.4785 ms
2026-07-29 11:45:40.111 -07:00 [INF] HTTP OPTIONS /api/v1/ads/019f6751-9588-7e1c-b138-098134567940/impression responded 204 in 0.2607 ms
2026-07-29 11:45:40.111 -07:00 [INF] HTTP OPTIONS /api/v1/ads/019f6751-958a-7a15-a575-98aaa0e56c88/impression responded 204 in 0.0147 ms
2026-07-29 11:45:40.110 -07:00 [INF] HTTP OPTIONS /api/v1/ads/019f6751-956b-7a5e-b9d8-0ef3c1dcd66d/impression responded 204 in 0.1354 ms
2026-07-29 11:45:40.129 -07:00 [INF] HTTP POST /api/v1/ads/019f6751-956b-7a5e-b9d8-0ef3c1dcd66d/impression responded 200 in 7.4750 ms
2026-07-29 11:45:40.129 -07:00 [INF] HTTP POST /api/v1/ads/019f6751-9588-7e1c-b138-098134567940/impression responded 200 in 7.8585 ms
2026-07-29 11:45:40.129 -07:00 [INF] HTTP POST /api/v1/ads/019f6751-958a-7a15-a575-98aaa0e56c88/impression responded 200 in 7.7990 ms
2026-07-29 11:45:44.313 -07:00 [INF] HTTP OPTIONS /api/v1/ads/019f6751-958b-7d8a-a9a6-0f853bb35f0f/impression responded 204 in 0.3788 ms
2026-07-29 11:45:44.313 -07:00 [INF] HTTP OPTIONS /api/v1/ads/019f6751-9586-79ca-a9e4-063106266335/impression responded 204 in 0.3782 ms
2026-07-29 11:45:44.313 -07:00 [INF] HTTP OPTIONS /api/v1/ads/019f6751-9589-76dd-a1a8-4c3bf2cfc076/impression responded 204 in 0.3784 ms
2026-07-29 11:45:44.326 -07:00 [INF] HTTP POST /api/v1/ads/019f6751-958b-7d8a-a9a6-0f853bb35f0f/impression responded 200 in 10.6473 ms
2026-07-29 11:45:44.326 -07:00 [INF] HTTP POST /api/v1/ads/019f6751-9586-79ca-a9e4-063106266335/impression responded 200 in 8.7760 ms
2026-07-29 11:45:44.326 -07:00 [INF] HTTP POST /api/v1/ads/019f6751-9589-76dd-a1a8-4c3bf2cfc076/impression responded 200 in 9.1423 ms
2026-07-29 11:45:48.508 -07:00 [INF] HTTP OPTIONS /api/v1/ads/019f6751-956b-7a5e-b9d8-0ef3c1dcd66d/impression responded 204 in 0.0566 ms
2026-07-29 11:45:48.510 -07:00 [INF] HTTP OPTIONS /api/v1/ads/019f6751-958a-7a15-a575-98aaa0e56c88/impression responded 204 in 0.0246 ms
2026-07-29 11:45:48.510 -07:00 [INF] HTTP OPTIONS /api/v1/ads/019f6751-9588-7e1c-b138-098134567940/impression responded 204 in 0.0902 ms
2026-07-29 11:45:48.514 -07:00 [INF] HTTP POST /api/v1/ads/019f6751-956b-7a5e-b9d8-0ef3c1dcd66d/impression responded 200 in 3.3133 ms
2026-07-29 11:45:48.514 -07:00 [INF] HTTP POST /api/v1/ads/019f6751-958a-7a15-a575-98aaa0e56c88/impression responded 200 in 3.1143 ms
2026-07-29 11:45:48.514 -07:00 [INF] HTTP POST /api/v1/ads/019f6751-9588-7e1c-b138-098134567940/impression responded 200 in 3.0184 ms
2026-07-29 11:45:52.715 -07:00 [INF] HTTP OPTIONS /api/v1/ads/019f6751-9589-76dd-a1a8-4c3bf2cfc076/impression responded 204 in 0.1789 ms
2026-07-29 11:45:52.715 -07:00 [INF] HTTP OPTIONS /api/v1/ads/019f6751-9586-79ca-a9e4-063106266335/impression responded 204 in 0.2779 ms
2026-07-29 11:45:52.715 -07:00 [INF] HTTP OPTIONS /api/v1/ads/019f6751-958b-7d8a-a9a6-0f853bb35f0f/impression responded 204 in 0.0084 ms
2026-07-29 11:45:52.745 -07:00 [INF] HTTP POST /api/v1/ads/019f6751-9586-79ca-a9e4-063106266335/impression responded 200 in 19.0655 ms
2026-07-29 11:45:52.745 -07:00 [INF] HTTP POST /api/v1/ads/019f6751-958b-7d8a-a9a6-0f853bb35f0f/impression responded 200 in 19.4363 ms
2026-07-29 11:45:52.750 -07:00 [INF] HTTP POST /api/v1/ads/019f6751-9589-76dd-a1a8-4c3bf2cfc076/impression responded 200 in 24.3153 ms
2026-07-29 11:45:56.912 -07:00 [INF] HTTP OPTIONS /api/v1/ads/019f6751-956b-7a5e-b9d8-0ef3c1dcd66d/impression responded 204 in 0.0833 ms
2026-07-29 11:45:56.912 -07:00 [INF] HTTP OPTIONS /api/v1/ads/019f6751-9588-7e1c-b138-098134567940/impression responded 204 in 0.0135 ms
2026-07-29 11:45:56.912 -07:00 [INF] HTTP OPTIONS /api/v1/ads/019f6751-958a-7a15-a575-98aaa0e56c88/impression responded 204 in 0.0198 ms
2026-07-29 11:45:56.927 -07:00 [INF] HTTP POST /api/v1/ads/019f6751-9588-7e1c-b138-098134567940/impression responded 200 in 12.8500 ms
2026-07-29 11:45:56.927 -07:00 [INF] HTTP POST /api/v1/ads/019f6751-958a-7a15-a575-98aaa0e56c88/impression responded 200 in 13.0697 ms
2026-07-29 11:45:56.927 -07:00 [INF] HTTP POST /api/v1/ads/019f6751-956b-7a5e-b9d8-0ef3c1dcd66d/impression responded 200 in 13.3224 ms
2026-07-29 11:46:01.118 -07:00 [INF] HTTP OPTIONS /api/v1/ads/019f6751-9586-79ca-a9e4-063106266335/impression responded 204 in 0.1816 ms
2026-07-29 11:46:01.118 -07:00 [INF] HTTP OPTIONS /api/v1/ads/019f6751-9589-76dd-a1a8-4c3bf2cfc076/impression responded 204 in 0.1812 ms
2026-07-29 11:46:01.118 -07:00 [INF] HTTP OPTIONS /api/v1/ads/019f6751-958b-7d8a-a9a6-0f853bb35f0f/impression responded 204 in 0.1812 ms
2026-07-29 11:46:01.125 -07:00 [INF] HTTP POST /api/v1/ads/019f6751-9586-79ca-a9e4-063106266335/impression responded 200 in 5.9683 ms
2026-07-29 11:46:01.125 -07:00 [INF] HTTP POST /api/v1/ads/019f6751-958b-7d8a-a9a6-0f853bb35f0f/impression responded 200 in 5.9023 ms
2026-07-29 11:46:01.125 -07:00 [INF] HTTP POST /api/v1/ads/019f6751-9589-76dd-a1a8-4c3bf2cfc076/impression responded 200 in 5.9780 ms
2026-07-29 11:46:05.329 -07:00 [INF] HTTP OPTIONS /api/v1/ads/019f6751-9588-7e1c-b138-098134567940/impression responded 204 in 0.1105 ms
2026-07-29 11:46:05.331 -07:00 [INF] HTTP OPTIONS /api/v1/ads/019f6751-958a-7a15-a575-98aaa0e56c88/impression responded 204 in 0.0373 ms
2026-07-29 11:46:05.331 -07:00 [INF] HTTP OPTIONS /api/v1/ads/019f6751-956b-7a5e-b9d8-0ef3c1dcd66d/impression responded 204 in 1.6050 ms
2026-07-29 11:46:05.337 -07:00 [INF] HTTP POST /api/v1/ads/019f6751-956b-7a5e-b9d8-0ef3c1dcd66d/impression responded 200 in 4.6493 ms
2026-07-29 11:46:05.337 -07:00 [INF] HTTP POST /api/v1/ads/019f6751-9588-7e1c-b138-098134567940/impression responded 200 in 4.6733 ms
2026-07-29 11:46:05.337 -07:00 [INF] HTTP POST /api/v1/ads/019f6751-958a-7a15-a575-98aaa0e56c88/impression responded 200 in 4.7443 ms
2026-07-29 11:46:09.513 -07:00 [INF] HTTP OPTIONS /api/v1/ads/019f6751-9586-79ca-a9e4-063106266335/impression responded 204 in 0.0563 ms
2026-07-29 11:46:09.513 -07:00 [INF] HTTP OPTIONS /api/v1/ads/019f6751-9589-76dd-a1a8-4c3bf2cfc076/impression responded 204 in 0.0038 ms
2026-07-29 11:46:09.513 -07:00 [INF] HTTP OPTIONS /api/v1/ads/019f6751-958b-7d8a-a9a6-0f853bb35f0f/impression responded 204 in 0.0243 ms
2026-07-29 11:46:09.532 -07:00 [INF] HTTP POST /api/v1/ads/019f6751-958b-7d8a-a9a6-0f853bb35f0f/impression responded 200 in 11.5108 ms
2026-07-29 11:46:09.533 -07:00 [INF] HTTP POST /api/v1/ads/019f6751-9586-79ca-a9e4-063106266335/impression responded 200 in 15.1241 ms
2026-07-29 11:46:09.535 -07:00 [INF] HTTP POST /api/v1/ads/019f6751-9589-76dd-a1a8-4c3bf2cfc076/impression responded 200 in 13.1838 ms
2026-07-29 11:46:13.726 -07:00 [INF] HTTP OPTIONS /api/v1/ads/019f6751-958a-7a15-a575-98aaa0e56c88/impression responded 204 in 0.4470 ms
2026-07-29 11:46:13.726 -07:00 [INF] HTTP OPTIONS /api/v1/ads/019f6751-956b-7a5e-b9d8-0ef3c1dcd66d/impression responded 204 in 0.4416 ms
2026-07-29 11:46:13.726 -07:00 [INF] HTTP OPTIONS /api/v1/ads/019f6751-9588-7e1c-b138-098134567940/impression responded 204 in 0.4042 ms
2026-07-29 11:46:13.774 -07:00 [INF] HTTP POST /api/v1/ads/019f6751-9588-7e1c-b138-098134567940/impression responded 200 in 45.6758 ms
2026-07-29 11:46:13.775 -07:00 [INF] HTTP POST /api/v1/ads/019f6751-956b-7a5e-b9d8-0ef3c1dcd66d/impression responded 200 in 46.0238 ms
2026-07-29 11:46:13.775 -07:00 [INF] HTTP POST /api/v1/ads/019f6751-958a-7a15-a575-98aaa0e56c88/impression responded 200 in 46.2033 ms
2026-07-29 11:46:17.915 -07:00 [INF] HTTP OPTIONS /api/v1/ads/019f6751-9586-79ca-a9e4-063106266335/impression responded 204 in 0.4995 ms
2026-07-29 11:46:17.915 -07:00 [INF] HTTP OPTIONS /api/v1/ads/019f6751-9589-76dd-a1a8-4c3bf2cfc076/impression responded 204 in 0.4994 ms
2026-07-29 11:46:17.915 -07:00 [INF] HTTP OPTIONS /api/v1/ads/019f6751-958b-7d8a-a9a6-0f853bb35f0f/impression responded 204 in 0.4977 ms
2026-07-29 11:46:17.939 -07:00 [INF] HTTP POST /api/v1/ads/019f6751-958b-7d8a-a9a6-0f853bb35f0f/impression responded 200 in 19.9826 ms
2026-07-29 11:46:17.939 -07:00 [INF] HTTP POST /api/v1/ads/019f6751-9589-76dd-a1a8-4c3bf2cfc076/impression responded 200 in 20.3037 ms
2026-07-29 11:46:17.939 -07:00 [INF] HTTP POST /api/v1/ads/019f6751-9586-79ca-a9e4-063106266335/impression responded 200 in 20.7223 ms
2026-07-29 11:46:22.123 -07:00 [INF] HTTP OPTIONS /api/v1/ads/019f6751-9588-7e1c-b138-098134567940/impression responded 204 in 0.3444 ms
2026-07-29 11:46:22.123 -07:00 [INF] HTTP OPTIONS /api/v1/ads/019f6751-956b-7a5e-b9d8-0ef3c1dcd66d/impression responded 204 in 0.3260 ms
2026-07-29 11:46:22.123 -07:00 [INF] HTTP OPTIONS /api/v1/ads/019f6751-958a-7a15-a575-98aaa0e56c88/impression responded 204 in 0.3463 ms
2026-07-29 11:46:22.160 -07:00 [INF] HTTP POST /api/v1/ads/019f6751-956b-7a5e-b9d8-0ef3c1dcd66d/impression responded 200 in 34.9673 ms
2026-07-29 11:46:22.160 -07:00 [INF] HTTP POST /api/v1/ads/019f6751-9588-7e1c-b138-098134567940/impression responded 200 in 35.0653 ms
2026-07-29 11:46:22.160 -07:00 [INF] HTTP POST /api/v1/ads/019f6751-958a-7a15-a575-98aaa0e56c88/impression responded 200 in 35.0510 ms
2026-07-29 11:46:26.307 -07:00 [INF] HTTP OPTIONS /api/v1/ads/019f6751-9586-79ca-a9e4-063106266335/impression responded 204 in 0.0365 ms
2026-07-29 11:46:26.308 -07:00 [INF] HTTP OPTIONS /api/v1/ads/019f6751-958b-7d8a-a9a6-0f853bb35f0f/impression responded 204 in 0.0128 ms
2026-07-29 11:46:26.308 -07:00 [INF] HTTP OPTIONS /api/v1/ads/019f6751-9589-76dd-a1a8-4c3bf2cfc076/impression responded 204 in 0.0244 ms
2026-07-29 11:46:26.312 -07:00 [INF] HTTP POST /api/v1/ads/019f6751-9586-79ca-a9e4-063106266335/impression responded 200 in 3.0592 ms
2026-07-29 11:46:26.312 -07:00 [INF] HTTP POST /api/v1/ads/019f6751-9589-76dd-a1a8-4c3bf2cfc076/impression responded 200 in 2.3903 ms
2026-07-29 11:46:26.312 -07:00 [INF] HTTP POST /api/v1/ads/019f6751-958b-7d8a-a9a6-0f853bb35f0f/impression responded 200 in 2.8240 ms
2026-07-29 11:46:30.518 -07:00 [INF] HTTP OPTIONS /api/v1/ads/019f6751-956b-7a5e-b9d8-0ef3c1dcd66d/impression responded 204 in 0.2662 ms
2026-07-29 11:46:30.518 -07:00 [INF] HTTP OPTIONS /api/v1/ads/019f6751-958a-7a15-a575-98aaa0e56c88/impression responded 204 in 0.2661 ms
2026-07-29 11:46:30.519 -07:00 [INF] HTTP OPTIONS /api/v1/ads/019f6751-9588-7e1c-b138-098134567940/impression responded 204 in 0.5755 ms
2026-07-29 11:46:30.868 -07:00 [INF] HTTP POST /api/v1/ads/019f6751-956b-7a5e-b9d8-0ef3c1dcd66d/impression responded 200 in 347.4691 ms
2026-07-29 11:46:30.868 -07:00 [INF] HTTP POST /api/v1/ads/019f6751-958a-7a15-a575-98aaa0e56c88/impression responded 200 in 347.9768 ms
2026-07-29 11:46:30.870 -07:00 [INF] HTTP POST /api/v1/ads/019f6751-9588-7e1c-b138-098134567940/impression responded 200 in 349.4183 ms
2026-07-29 11:46:34.731 -07:00 [INF] HTTP OPTIONS /api/v1/ads/019f6751-9589-76dd-a1a8-4c3bf2cfc076/impression responded 204 in 0.5889 ms
2026-07-29 11:46:34.731 -07:00 [INF] HTTP OPTIONS /api/v1/ads/019f6751-958b-7d8a-a9a6-0f853bb35f0f/impression responded 204 in 0.5568 ms
2026-07-29 11:46:34.731 -07:00 [INF] HTTP OPTIONS /api/v1/ads/019f6751-9586-79ca-a9e4-063106266335/impression responded 204 in 0.5843 ms
2026-07-29 11:46:34.793 -07:00 [INF] HTTP POST /api/v1/ads/019f6751-9586-79ca-a9e4-063106266335/impression responded 200 in 59.0654 ms
2026-07-29 11:46:34.793 -07:00 [INF] HTTP POST /api/v1/ads/019f6751-9589-76dd-a1a8-4c3bf2cfc076/impression responded 200 in 58.5571 ms
2026-07-29 11:46:34.793 -07:00 [INF] HTTP POST /api/v1/ads/019f6751-958b-7d8a-a9a6-0f853bb35f0f/impression responded 200 in 59.0654 ms
2026-07-29 11:46:38.910 -07:00 [INF] HTTP OPTIONS /api/v1/ads/019f6751-9588-7e1c-b138-098134567940/impression responded 204 in 0.0321 ms
2026-07-29 11:46:38.910 -07:00 [INF] HTTP OPTIONS /api/v1/ads/019f6751-958a-7a15-a575-98aaa0e56c88/impression responded 204 in 0.0321 ms
2026-07-29 11:46:38.910 -07:00 [INF] HTTP OPTIONS /api/v1/ads/019f6751-956b-7a5e-b9d8-0ef3c1dcd66d/impression responded 204 in 0.0308 ms
2026-07-29 11:46:38.915 -07:00 [INF] HTTP POST /api/v1/ads/019f6751-958a-7a15-a575-98aaa0e56c88/impression responded 200 in 4.2259 ms
2026-07-29 11:46:38.915 -07:00 [INF] HTTP POST /api/v1/ads/019f6751-9588-7e1c-b138-098134567940/impression responded 200 in 4.6860 ms
2026-07-29 11:46:38.915 -07:00 [INF] HTTP POST /api/v1/ads/019f6751-956b-7a5e-b9d8-0ef3c1dcd66d/impression responded 200 in 4.4481 ms
2026-07-29 11:46:43.106 -07:00 [INF] HTTP OPTIONS /api/v1/ads/019f6751-9586-79ca-a9e4-063106266335/impression responded 204 in 0.1037 ms
2026-07-29 11:46:43.108 -07:00 [INF] HTTP OPTIONS /api/v1/ads/019f6751-9589-76dd-a1a8-4c3bf2cfc076/impression responded 204 in 0.8084 ms
2026-07-29 11:46:43.110 -07:00 [INF] HTTP OPTIONS /api/v1/ads/019f6751-958b-7d8a-a9a6-0f853bb35f0f/impression responded 204 in 0.0312 ms
2026-07-29 11:46:43.114 -07:00 [INF] HTTP POST /api/v1/ads/019f6751-9586-79ca-a9e4-063106266335/impression responded 200 in 3.5680 ms
2026-07-29 11:46:43.114 -07:00 [INF] HTTP POST /api/v1/ads/019f6751-9589-76dd-a1a8-4c3bf2cfc076/impression responded 200 in 3.3805 ms
2026-07-29 11:46:43.114 -07:00 [INF] HTTP POST /api/v1/ads/019f6751-958b-7d8a-a9a6-0f853bb35f0f/impression responded 200 in 3.6206 ms
2026-07-29 11:46:47.324 -07:00 [INF] HTTP OPTIONS /api/v1/ads/019f6751-956b-7a5e-b9d8-0ef3c1dcd66d/impression responded 204 in 0.5453 ms
2026-07-29 11:46:47.324 -07:00 [INF] HTTP OPTIONS /api/v1/ads/019f6751-9588-7e1c-b138-098134567940/impression responded 204 in 0.5453 ms
2026-07-29 11:46:47.324 -07:00 [INF] HTTP OPTIONS /api/v1/ads/019f6751-958a-7a15-a575-98aaa0e56c88/impression responded 204 in 0.4560 ms
2026-07-29 11:46:47.352 -07:00 [INF] HTTP POST /api/v1/ads/019f6751-958a-7a15-a575-98aaa0e56c88/impression responded 200 in 25.4891 ms
2026-07-29 11:46:47.353 -07:00 [INF] HTTP POST /api/v1/ads/019f6751-956b-7a5e-b9d8-0ef3c1dcd66d/impression responded 200 in 26.7786 ms
2026-07-29 11:46:47.354 -07:00 [INF] HTTP POST /api/v1/ads/019f6751-9588-7e1c-b138-098134567940/impression responded 200 in 27.7323 ms
2026-07-29 11:46:51.518 -07:00 [INF] HTTP OPTIONS /api/v1/ads/019f6751-9589-76dd-a1a8-4c3bf2cfc076/impression responded 204 in 0.0817 ms
2026-07-29 11:46:51.518 -07:00 [INF] HTTP OPTIONS /api/v1/ads/019f6751-9586-79ca-a9e4-063106266335/impression responded 204 in 0.0823 ms
2026-07-29 11:46:51.518 -07:00 [INF] HTTP OPTIONS /api/v1/ads/019f6751-958b-7d8a-a9a6-0f853bb35f0f/impression responded 204 in 0.0175 ms
2026-07-29 11:46:51.529 -07:00 [INF] HTTP POST /api/v1/ads/019f6751-9586-79ca-a9e4-063106266335/impression responded 200 in 8.7230 ms
2026-07-29 11:46:51.529 -07:00 [INF] HTTP POST /api/v1/ads/019f6751-9589-76dd-a1a8-4c3bf2cfc076/impression responded 200 in 8.7924 ms
2026-07-29 11:46:51.529 -07:00 [INF] HTTP POST /api/v1/ads/019f6751-958b-7d8a-a9a6-0f853bb35f0f/impression responded 200 in 8.8348 ms
2026-07-29 11:46:55.711 -07:00 [INF] HTTP OPTIONS /api/v1/ads/019f6751-956b-7a5e-b9d8-0ef3c1dcd66d/impression responded 204 in 0.2085 ms
2026-07-29 11:46:55.712 -07:00 [INF] HTTP OPTIONS /api/v1/ads/019f6751-958a-7a15-a575-98aaa0e56c88/impression responded 204 in 0.0093 ms
2026-07-29 11:46:55.712 -07:00 [INF] HTTP OPTIONS /api/v1/ads/019f6751-9588-7e1c-b138-098134567940/impression responded 204 in 0.0087 ms
2026-07-29 11:46:55.723 -07:00 [INF] HTTP POST /api/v1/ads/019f6751-956b-7a5e-b9d8-0ef3c1dcd66d/impression responded 200 in 10.0948 ms
2026-07-29 11:46:55.723 -07:00 [INF] HTTP POST /api/v1/ads/019f6751-9588-7e1c-b138-098134567940/impression responded 200 in 8.0557 ms
2026-07-29 11:46:55.723 -07:00 [INF] HTTP POST /api/v1/ads/019f6751-958a-7a15-a575-98aaa0e56c88/impression responded 200 in 8.4608 ms
2026-07-29 11:46:59.911 -07:00 [INF] HTTP OPTIONS /api/v1/ads/019f6751-9586-79ca-a9e4-063106266335/impression responded 204 in 0.0427 ms
2026-07-29 11:46:59.911 -07:00 [INF] HTTP OPTIONS /api/v1/ads/019f6751-9589-76dd-a1a8-4c3bf2cfc076/impression responded 204 in 0.0427 ms
2026-07-29 11:46:59.911 -07:00 [INF] HTTP OPTIONS /api/v1/ads/019f6751-958b-7d8a-a9a6-0f853bb35f0f/impression responded 204 in 0.0268 ms
2026-07-29 11:46:59.918 -07:00 [INF] HTTP POST /api/v1/ads/019f6751-958b-7d8a-a9a6-0f853bb35f0f/impression responded 200 in 5.3570 ms
2026-07-29 11:46:59.918 -07:00 [INF] HTTP POST /api/v1/ads/019f6751-9586-79ca-a9e4-063106266335/impression responded 200 in 5.6306 ms
2026-07-29 11:46:59.918 -07:00 [INF] HTTP POST /api/v1/ads/019f6751-9589-76dd-a1a8-4c3bf2cfc076/impression responded 200 in 5.5595 ms
2026-07-29 11:47:04.108 -07:00 [INF] HTTP OPTIONS /api/v1/ads/019f6751-9588-7e1c-b138-098134567940/impression responded 204 in 0.0171 ms
2026-07-29 11:47:04.108 -07:00 [INF] HTTP OPTIONS /api/v1/ads/019f6751-956b-7a5e-b9d8-0ef3c1dcd66d/impression responded 204 in 0.1083 ms
2026-07-29 11:47:04.110 -07:00 [INF] HTTP OPTIONS /api/v1/ads/019f6751-958a-7a15-a575-98aaa0e56c88/impression responded 204 in 0.0155 ms
2026-07-29 11:47:04.116 -07:00 [INF] HTTP POST /api/v1/ads/019f6751-9588-7e1c-b138-098134567940/impression responded 200 in 6.8233 ms
2026-07-29 11:47:04.116 -07:00 [INF] HTTP POST /api/v1/ads/019f6751-956b-7a5e-b9d8-0ef3c1dcd66d/impression responded 200 in 6.7208 ms
2026-07-29 11:47:04.117 -07:00 [INF] HTTP POST /api/v1/ads/019f6751-958a-7a15-a575-98aaa0e56c88/impression responded 200 in 4.6735 ms
2026-07-29 11:47:08.318 -07:00 [INF] HTTP OPTIONS /api/v1/ads/019f6751-958b-7d8a-a9a6-0f853bb35f0f/impression responded 204 in 0.1343 ms
2026-07-29 11:47:08.318 -07:00 [INF] HTTP OPTIONS /api/v1/ads/019f6751-9586-79ca-a9e4-063106266335/impression responded 204 in 0.1363 ms
2026-07-29 11:47:08.318 -07:00 [INF] HTTP OPTIONS /api/v1/ads/019f6751-9589-76dd-a1a8-4c3bf2cfc076/impression responded 204 in 0.1342 ms
2026-07-29 11:47:08.332 -07:00 [INF] HTTP POST /api/v1/ads/019f6751-958b-7d8a-a9a6-0f853bb35f0f/impression responded 200 in 13.0846 ms
2026-07-29 11:47:08.333 -07:00 [INF] HTTP POST /api/v1/ads/019f6751-9586-79ca-a9e4-063106266335/impression responded 200 in 13.3353 ms
2026-07-29 11:47:08.333 -07:00 [INF] HTTP POST /api/v1/ads/019f6751-9589-76dd-a1a8-4c3bf2cfc076/impression responded 200 in 13.9948 ms
2026-07-29 11:47:12.519 -07:00 [INF] HTTP OPTIONS /api/v1/ads/019f6751-958a-7a15-a575-98aaa0e56c88/impression responded 204 in 0.4755 ms
2026-07-29 11:47:12.519 -07:00 [INF] HTTP OPTIONS /api/v1/ads/019f6751-9588-7e1c-b138-098134567940/impression responded 204 in 0.5053 ms
2026-07-29 11:47:12.519 -07:00 [INF] HTTP OPTIONS /api/v1/ads/019f6751-956b-7a5e-b9d8-0ef3c1dcd66d/impression responded 204 in 0.4758 ms
2026-07-29 11:47:12.533 -07:00 [INF] HTTP POST /api/v1/ads/019f6751-956b-7a5e-b9d8-0ef3c1dcd66d/impression responded 200 in 10.8411 ms
2026-07-29 11:47:12.533 -07:00 [INF] HTTP POST /api/v1/ads/019f6751-9588-7e1c-b138-098134567940/impression responded 200 in 10.8705 ms
2026-07-29 11:47:12.533 -07:00 [INF] HTTP POST /api/v1/ads/019f6751-958a-7a15-a575-98aaa0e56c88/impression responded 200 in 11.7467 ms
2026-07-29 11:47:16.708 -07:00 [INF] HTTP OPTIONS /api/v1/ads/019f6751-9586-79ca-a9e4-063106266335/impression responded 204 in 0.0406 ms
2026-07-29 11:47:16.708 -07:00 [INF] HTTP OPTIONS /api/v1/ads/019f6751-9589-76dd-a1a8-4c3bf2cfc076/impression responded 204 in 0.0291 ms
2026-07-29 11:47:16.708 -07:00 [INF] HTTP OPTIONS /api/v1/ads/019f6751-958b-7d8a-a9a6-0f853bb35f0f/impression responded 204 in 0.0512 ms
2026-07-29 11:47:16.796 -07:00 [INF] HTTP POST /api/v1/ads/019f6751-9589-76dd-a1a8-4c3bf2cfc076/impression responded 200 in 86.7037 ms
2026-07-29 11:47:16.796 -07:00 [INF] HTTP POST /api/v1/ads/019f6751-9586-79ca-a9e4-063106266335/impression responded 200 in 86.9437 ms
2026-07-29 11:47:16.796 -07:00 [INF] HTTP POST /api/v1/ads/019f6751-958b-7d8a-a9a6-0f853bb35f0f/impression responded 200 in 86.7102 ms
2026-07-29 11:47:20.932 -07:00 [INF] HTTP OPTIONS /api/v1/ads/019f6751-958a-7a15-a575-98aaa0e56c88/impression responded 204 in 4.0958 ms
2026-07-29 11:47:20.932 -07:00 [INF] HTTP OPTIONS /api/v1/ads/019f6751-956b-7a5e-b9d8-0ef3c1dcd66d/impression responded 204 in 4.0651 ms
2026-07-29 11:47:20.932 -07:00 [INF] HTTP OPTIONS /api/v1/ads/019f6751-9588-7e1c-b138-098134567940/impression responded 204 in 4.0962 ms
2026-07-29 11:47:20.946 -07:00 [INF] HTTP POST /api/v1/ads/019f6751-9588-7e1c-b138-098134567940/impression responded 200 in 12.0830 ms
2026-07-29 11:47:20.946 -07:00 [INF] HTTP POST /api/v1/ads/019f6751-958a-7a15-a575-98aaa0e56c88/impression responded 200 in 12.5678 ms
2026-07-29 11:47:20.946 -07:00 [INF] HTTP POST /api/v1/ads/019f6751-956b-7a5e-b9d8-0ef3c1dcd66d/impression responded 200 in 12.3803 ms
2026-07-29 11:47:25.119 -07:00 [INF] HTTP OPTIONS /api/v1/ads/019f6751-9589-76dd-a1a8-4c3bf2cfc076/impression responded 204 in 0.1559 ms
2026-07-29 11:47:25.119 -07:00 [INF] HTTP OPTIONS /api/v1/ads/019f6751-9586-79ca-a9e4-063106266335/impression responded 204 in 0.1044 ms
2026-07-29 11:47:25.119 -07:00 [INF] HTTP OPTIONS /api/v1/ads/019f6751-958b-7d8a-a9a6-0f853bb35f0f/impression responded 204 in 0.0179 ms
2026-07-29 11:47:25.128 -07:00 [INF] HTTP POST /api/v1/ads/019f6751-9589-76dd-a1a8-4c3bf2cfc076/impression responded 200 in 7.1603 ms
2026-07-29 11:47:25.128 -07:00 [INF] HTTP POST /api/v1/ads/019f6751-9586-79ca-a9e4-063106266335/impression responded 200 in 7.0923 ms
2026-07-29 11:47:25.128 -07:00 [INF] HTTP POST /api/v1/ads/019f6751-958b-7d8a-a9a6-0f853bb35f0f/impression responded 200 in 7.1184 ms
2026-07-29 11:47:29.311 -07:00 [INF] HTTP OPTIONS /api/v1/ads/019f6751-958a-7a15-a575-98aaa0e56c88/impression responded 204 in 0.2346 ms
2026-07-29 11:47:29.311 -07:00 [INF] HTTP OPTIONS /api/v1/ads/019f6751-9588-7e1c-b138-098134567940/impression responded 204 in 0.2493 ms
2026-07-29 11:47:29.311 -07:00 [INF] HTTP OPTIONS /api/v1/ads/019f6751-956b-7a5e-b9d8-0ef3c1dcd66d/impression responded 204 in 0.2561 ms
2026-07-29 11:47:29.325 -07:00 [INF] HTTP POST /api/v1/ads/019f6751-956b-7a5e-b9d8-0ef3c1dcd66d/impression responded 200 in 12.1630 ms
2026-07-29 11:47:29.326 -07:00 [INF] HTTP POST /api/v1/ads/019f6751-958a-7a15-a575-98aaa0e56c88/impression responded 200 in 12.6247 ms
2026-07-29 11:47:29.326 -07:00 [INF] HTTP POST /api/v1/ads/019f6751-9588-7e1c-b138-098134567940/impression responded 200 in 12.9765 ms
2026-07-29 11:47:33.537 -07:00 [INF] HTTP OPTIONS /api/v1/ads/019f6751-9586-79ca-a9e4-063106266335/impression responded 204 in 0.2895 ms
2026-07-29 11:47:33.537 -07:00 [INF] HTTP OPTIONS /api/v1/ads/019f6751-958b-7d8a-a9a6-0f853bb35f0f/impression responded 204 in 0.2896 ms
2026-07-29 11:47:33.537 -07:00 [INF] HTTP OPTIONS /api/v1/ads/019f6751-9589-76dd-a1a8-4c3bf2cfc076/impression responded 204 in 0.2890 ms
2026-07-29 11:47:33.544 -07:00 [INF] HTTP POST /api/v1/ads/019f6751-9586-79ca-a9e4-063106266335/impression responded 200 in 5.6103 ms
2026-07-29 11:47:33.544 -07:00 [INF] HTTP POST /api/v1/ads/019f6751-9589-76dd-a1a8-4c3bf2cfc076/impression responded 200 in 3.6042 ms
2026-07-29 11:47:33.544 -07:00 [INF] HTTP POST /api/v1/ads/019f6751-958b-7d8a-a9a6-0f853bb35f0f/impression responded 200 in 5.4088 ms
2026-07-29 11:47:37.712 -07:00 [INF] HTTP OPTIONS /api/v1/ads/019f6751-956b-7a5e-b9d8-0ef3c1dcd66d/impression responded 204 in 0.3114 ms
2026-07-29 11:47:37.712 -07:00 [INF] HTTP OPTIONS /api/v1/ads/019f6751-958a-7a15-a575-98aaa0e56c88/impression responded 204 in 0.3032 ms
2026-07-29 11:47:37.712 -07:00 [INF] HTTP OPTIONS /api/v1/ads/019f6751-9588-7e1c-b138-098134567940/impression responded 204 in 0.3044 ms
2026-07-29 11:47:37.741 -07:00 [INF] HTTP POST /api/v1/ads/019f6751-958a-7a15-a575-98aaa0e56c88/impression responded 200 in 22.5805 ms
2026-07-29 11:47:37.741 -07:00 [INF] HTTP POST /api/v1/ads/019f6751-9588-7e1c-b138-098134567940/impression responded 200 in 22.5975 ms
2026-07-29 11:47:37.741 -07:00 [INF] HTTP POST /api/v1/ads/019f6751-956b-7a5e-b9d8-0ef3c1dcd66d/impression responded 200 in 22.6123 ms
2026-07-29 11:47:41.928 -07:00 [INF] HTTP OPTIONS /api/v1/ads/019f6751-9589-76dd-a1a8-4c3bf2cfc076/impression responded 204 in 0.9253 ms
2026-07-29 11:47:41.928 -07:00 [INF] HTTP OPTIONS /api/v1/ads/019f6751-9586-79ca-a9e4-063106266335/impression responded 204 in 0.9265 ms
2026-07-29 11:47:41.928 -07:00 [INF] HTTP OPTIONS /api/v1/ads/019f6751-958b-7d8a-a9a6-0f853bb35f0f/impression responded 204 in 0.9232 ms
2026-07-29 11:47:41.981 -07:00 [INF] HTTP POST /api/v1/ads/019f6751-9589-76dd-a1a8-4c3bf2cfc076/impression responded 200 in 50.1286 ms
2026-07-29 11:47:41.982 -07:00 [INF] HTTP POST /api/v1/ads/019f6751-9586-79ca-a9e4-063106266335/impression responded 200 in 51.4317 ms
2026-07-29 11:47:41.982 -07:00 [INF] HTTP POST /api/v1/ads/019f6751-958b-7d8a-a9a6-0f853bb35f0f/impression responded 200 in 51.4140 ms
2026-07-29 11:47:46.113 -07:00 [INF] HTTP OPTIONS /api/v1/ads/019f6751-956b-7a5e-b9d8-0ef3c1dcd66d/impression responded 204 in 0.0527 ms
2026-07-29 11:47:46.114 -07:00 [INF] HTTP OPTIONS /api/v1/ads/019f6751-958a-7a15-a575-98aaa0e56c88/impression responded 204 in 0.0081 ms
2026-07-29 11:47:46.114 -07:00 [INF] HTTP OPTIONS /api/v1/ads/019f6751-9588-7e1c-b138-098134567940/impression responded 204 in 0.0085 ms
2026-07-29 11:47:46.132 -07:00 [INF] HTTP POST /api/v1/ads/019f6751-956b-7a5e-b9d8-0ef3c1dcd66d/impression responded 200 in 11.9351 ms
2026-07-29 11:47:46.132 -07:00 [INF] HTTP POST /api/v1/ads/019f6751-9588-7e1c-b138-098134567940/impression responded 200 in 11.9623 ms
2026-07-29 11:47:46.133 -07:00 [INF] HTTP POST /api/v1/ads/019f6751-958a-7a15-a575-98aaa0e56c88/impression responded 200 in 13.2779 ms
2026-07-29 11:47:50.310 -07:00 [INF] HTTP OPTIONS /api/v1/ads/019f6751-9586-79ca-a9e4-063106266335/impression responded 204 in 0.0553 ms
2026-07-29 11:47:50.325 -07:00 [INF] HTTP POST /api/v1/ads/019f6751-9586-79ca-a9e4-063106266335/impression responded 200 in 8.1122 ms
2026-07-29 11:47:50.330 -07:00 [INF] HTTP OPTIONS /api/v1/ads/019f6751-958b-7d8a-a9a6-0f853bb35f0f/impression responded 204 in 0.0360 ms
2026-07-29 11:47:50.330 -07:00 [INF] HTTP OPTIONS /api/v1/ads/019f6751-9589-76dd-a1a8-4c3bf2cfc076/impression responded 204 in 0.0360 ms
2026-07-29 11:47:50.340 -07:00 [INF] HTTP POST /api/v1/ads/019f6751-9589-76dd-a1a8-4c3bf2cfc076/impression responded 200 in 8.2686 ms
2026-07-29 11:47:50.341 -07:00 [INF] HTTP POST /api/v1/ads/019f6751-958b-7d8a-a9a6-0f853bb35f0f/impression responded 200 in 8.8588 ms
2026-07-29 11:47:54.525 -07:00 [INF] HTTP OPTIONS /api/v1/ads/019f6751-9588-7e1c-b138-098134567940/impression responded 204 in 2.9107 ms
2026-07-29 11:47:54.525 -07:00 [INF] HTTP OPTIONS /api/v1/ads/019f6751-956b-7a5e-b9d8-0ef3c1dcd66d/impression responded 204 in 3.2593 ms
2026-07-29 11:47:54.525 -07:00 [INF] HTTP OPTIONS /api/v1/ads/019f6751-958a-7a15-a575-98aaa0e56c88/impression responded 204 in 3.1288 ms
2026-07-29 11:47:54.583 -07:00 [INF] HTTP POST /api/v1/ads/019f6751-958a-7a15-a575-98aaa0e56c88/impression responded 200 in 54.6497 ms
2026-07-29 11:47:54.583 -07:00 [INF] HTTP POST /api/v1/ads/019f6751-9588-7e1c-b138-098134567940/impression responded 200 in 54.6088 ms
2026-07-29 11:47:54.583 -07:00 [INF] HTTP POST /api/v1/ads/019f6751-956b-7a5e-b9d8-0ef3c1dcd66d/impression responded 200 in 54.6343 ms
2026-07-29 11:47:58.707 -07:00 [INF] HTTP OPTIONS /api/v1/ads/019f6751-9586-79ca-a9e4-063106266335/impression responded 204 in 0.0361 ms
2026-07-29 11:47:58.707 -07:00 [INF] HTTP OPTIONS /api/v1/ads/019f6751-9589-76dd-a1a8-4c3bf2cfc076/impression responded 204 in 0.0361 ms
2026-07-29 11:47:58.709 -07:00 [INF] HTTP OPTIONS /api/v1/ads/019f6751-958b-7d8a-a9a6-0f853bb35f0f/impression responded 204 in 0.0122 ms
2026-07-29 11:47:58.712 -07:00 [INF] HTTP POST /api/v1/ads/019f6751-9589-76dd-a1a8-4c3bf2cfc076/impression responded 200 in 3.6983 ms
2026-07-29 11:47:58.713 -07:00 [INF] HTTP POST /api/v1/ads/019f6751-958b-7d8a-a9a6-0f853bb35f0f/impression responded 200 in 2.9055 ms
2026-07-29 11:47:58.713 -07:00 [INF] HTTP POST /api/v1/ads/019f6751-9586-79ca-a9e4-063106266335/impression responded 200 in 4.1047 ms
2026-07-29 11:48:02.910 -07:00 [INF] HTTP OPTIONS /api/v1/ads/019f6751-956b-7a5e-b9d8-0ef3c1dcd66d/impression responded 204 in 0.0585 ms
2026-07-29 11:48:02.911 -07:00 [INF] HTTP OPTIONS /api/v1/ads/019f6751-958a-7a15-a575-98aaa0e56c88/impression responded 204 in 0.0663 ms
2026-07-29 11:48:02.910 -07:00 [INF] HTTP OPTIONS /api/v1/ads/019f6751-9588-7e1c-b138-098134567940/impression responded 204 in 0.0235 ms
2026-07-29 11:48:02.925 -07:00 [INF] HTTP POST /api/v1/ads/019f6751-956b-7a5e-b9d8-0ef3c1dcd66d/impression responded 200 in 12.1898 ms
2026-07-29 11:48:02.925 -07:00 [INF] HTTP POST /api/v1/ads/019f6751-958a-7a15-a575-98aaa0e56c88/impression responded 200 in 8.6675 ms
2026-07-29 11:48:02.926 -07:00 [INF] HTTP POST /api/v1/ads/019f6751-9588-7e1c-b138-098134567940/impression responded 200 in 7.5305 ms
2026-07-29 11:48:07.118 -07:00 [INF] HTTP OPTIONS /api/v1/ads/019f6751-9589-76dd-a1a8-4c3bf2cfc076/impression responded 204 in 0.4883 ms
2026-07-29 11:48:07.118 -07:00 [INF] HTTP OPTIONS /api/v1/ads/019f6751-958b-7d8a-a9a6-0f853bb35f0f/impression responded 204 in 0.4884 ms
2026-07-29 11:48:07.118 -07:00 [INF] HTTP OPTIONS /api/v1/ads/019f6751-9586-79ca-a9e4-063106266335/impression responded 204 in 0.4590 ms
2026-07-29 11:48:07.128 -07:00 [INF] HTTP POST /api/v1/ads/019f6751-958b-7d8a-a9a6-0f853bb35f0f/impression responded 200 in 6.5820 ms
2026-07-29 11:48:07.128 -07:00 [INF] HTTP POST /api/v1/ads/019f6751-9589-76dd-a1a8-4c3bf2cfc076/impression responded 200 in 6.6255 ms
2026-07-29 11:48:07.128 -07:00 [INF] HTTP POST /api/v1/ads/019f6751-9586-79ca-a9e4-063106266335/impression responded 200 in 6.7047 ms
2026-07-29 11:48:11.315 -07:00 [INF] HTTP OPTIONS /api/v1/ads/019f6751-956b-7a5e-b9d8-0ef3c1dcd66d/impression responded 204 in 0.0475 ms
2026-07-29 11:48:11.315 -07:00 [INF] HTTP OPTIONS /api/v1/ads/019f6751-958a-7a15-a575-98aaa0e56c88/impression responded 204 in 0.0093 ms
2026-07-29 11:48:11.315 -07:00 [INF] HTTP OPTIONS /api/v1/ads/019f6751-9588-7e1c-b138-098134567940/impression responded 204 in 0.0529 ms
2026-07-29 11:48:11.323 -07:00 [INF] HTTP POST /api/v1/ads/019f6751-956b-7a5e-b9d8-0ef3c1dcd66d/impression responded 200 in 6.2295 ms
2026-07-29 11:48:11.323 -07:00 [INF] HTTP POST /api/v1/ads/019f6751-958a-7a15-a575-98aaa0e56c88/impression responded 200 in 6.2706 ms
2026-07-29 11:48:11.323 -07:00 [INF] HTTP POST /api/v1/ads/019f6751-9588-7e1c-b138-098134567940/impression responded 200 in 6.2849 ms
2026-07-29 11:48:15.511 -07:00 [INF] HTTP OPTIONS /api/v1/ads/019f6751-9586-79ca-a9e4-063106266335/impression responded 204 in 0.1015 ms
2026-07-29 11:48:15.512 -07:00 [INF] HTTP OPTIONS /api/v1/ads/019f6751-9589-76dd-a1a8-4c3bf2cfc076/impression responded 204 in 0.0708 ms
2026-07-29 11:48:15.512 -07:00 [INF] HTTP OPTIONS /api/v1/ads/019f6751-958b-7d8a-a9a6-0f853bb35f0f/impression responded 204 in 0.0098 ms
2026-07-29 11:48:15.517 -07:00 [INF] HTTP POST /api/v1/ads/019f6751-9586-79ca-a9e4-063106266335/impression responded 200 in 3.0819 ms
2026-07-29 11:48:15.517 -07:00 [INF] HTTP POST /api/v1/ads/019f6751-9589-76dd-a1a8-4c3bf2cfc076/impression responded 200 in 2.8208 ms
2026-07-29 11:48:15.517 -07:00 [INF] HTTP POST /api/v1/ads/019f6751-958b-7d8a-a9a6-0f853bb35f0f/impression responded 200 in 2.7987 ms
2026-07-29 11:48:19.714 -07:00 [INF] HTTP OPTIONS /api/v1/ads/019f6751-956b-7a5e-b9d8-0ef3c1dcd66d/impression responded 204 in 0.4973 ms
2026-07-29 11:48:19.715 -07:00 [INF] HTTP OPTIONS /api/v1/ads/019f6751-9588-7e1c-b138-098134567940/impression responded 204 in 0.0468 ms
2026-07-29 11:48:19.715 -07:00 [INF] HTTP OPTIONS /api/v1/ads/019f6751-958a-7a15-a575-98aaa0e56c88/impression responded 204 in 0.0107 ms
2026-07-29 11:48:19.720 -07:00 [INF] HTTP POST /api/v1/ads/019f6751-958a-7a15-a575-98aaa0e56c88/impression responded 200 in 3.1375 ms
2026-07-29 11:48:19.720 -07:00 [INF] HTTP POST /api/v1/ads/019f6751-9588-7e1c-b138-098134567940/impression responded 200 in 3.7042 ms
2026-07-29 11:48:19.720 -07:00 [INF] HTTP POST /api/v1/ads/019f6751-956b-7a5e-b9d8-0ef3c1dcd66d/impression responded 200 in 3.7097 ms
2026-07-29 11:48:23.918 -07:00 [INF] HTTP OPTIONS /api/v1/ads/019f6751-9586-79ca-a9e4-063106266335/impression responded 204 in 1.4080 ms
2026-07-29 11:48:23.918 -07:00 [INF] HTTP OPTIONS /api/v1/ads/019f6751-958b-7d8a-a9a6-0f853bb35f0f/impression responded 204 in 1.4124 ms
2026-07-29 11:48:23.918 -07:00 [INF] HTTP OPTIONS /api/v1/ads/019f6751-9589-76dd-a1a8-4c3bf2cfc076/impression responded 204 in 1.4095 ms
2026-07-29 11:48:23.944 -07:00 [INF] HTTP POST /api/v1/ads/019f6751-9586-79ca-a9e4-063106266335/impression responded 200 in 22.7128 ms
2026-07-29 11:48:23.944 -07:00 [INF] HTTP POST /api/v1/ads/019f6751-958b-7d8a-a9a6-0f853bb35f0f/impression responded 200 in 22.7026 ms
2026-07-29 11:48:23.944 -07:00 [INF] HTTP POST /api/v1/ads/019f6751-9589-76dd-a1a8-4c3bf2cfc076/impression responded 200 in 22.6321 ms
2026-07-29 11:48:27.312 -07:00 [INF] HTTP OPTIONS /api/v1/site-settings responded 204 in 0.2728 ms
2026-07-29 11:48:27.509 -07:00 [INF] HTTP GET /api/v1/site-settings responded 200 in 164.6690 ms
2026-07-29 11:48:38.853 -07:00 [INF] HTTP OPTIONS /api/v1/admin/site-settings responded 204 in 0.7197 ms
2026-07-29 11:48:38.959 -07:00 [INF] HTTP POST /api/v1/admin/site-settings responded 200 in 103.6614 ms
2026-07-29 11:48:38.967 -07:00 [INF] HTTP GET /api/v1/admin/site-settings responded 200 in 5.4115 ms
2026-07-29 11:48:39.638 -07:00 [INF] HTTP OPTIONS /api/v1/site-settings responded 204 in 0.0443 ms
2026-07-29 11:48:39.640 -07:00 [INF] HTTP OPTIONS /api/v1/site-settings responded 204 in 0.0303 ms
2026-07-29 11:48:39.673 -07:00 [INF] HTTP GET /api/v1/site-settings responded 200 in 24.3601 ms
2026-07-29 11:48:39.673 -07:00 [INF] HTTP GET /api/v1/site-settings responded 200 in 23.5692 ms
2026-07-29 11:48:41.397 -07:00 [INF] HTTP GET /api/v1/site-settings responded 200 in 9.4502 ms
2026-07-29 11:48:41.819 -07:00 [INF] HTTP OPTIONS /api/v1/ads responded 204 in 0.0347 ms
2026-07-29 11:48:41.822 -07:00 [INF] HTTP OPTIONS /api/v1/site-settings responded 204 in 0.0211 ms
2026-07-29 11:48:41.821 -07:00 [INF] HTTP OPTIONS /api/v1/ads responded 204 in 0.0295 ms
2026-07-29 11:48:41.821 -07:00 [INF] HTTP OPTIONS /api/v1/ads responded 204 in 0.0115 ms
2026-07-29 11:48:41.843 -07:00 [INF] HTTP GET /api/v1/ads responded 200 in 17.8340 ms
2026-07-29 11:48:41.847 -07:00 [INF] HTTP GET /api/v1/site-settings responded 200 in 22.3060 ms
2026-07-29 11:48:41.853 -07:00 [INF] HTTP GET /api/v1/ads responded 200 in 30.7643 ms
2026-07-29 11:48:41.868 -07:00 [INF] HTTP OPTIONS /api/v1/feed/home responded 204 in 0.0419 ms
2026-07-29 11:48:41.909 -07:00 [INF] HTTP OPTIONS /api/v1/ads/019f6751-958a-7a15-a575-98aaa0e56c88/impression responded 204 in 0.0307 ms
2026-07-29 11:48:41.918 -07:00 [INF] HTTP OPTIONS /api/v1/ads/019f6751-9588-7e1c-b138-098134567940/impression responded 204 in 0.0293 ms
2026-07-29 11:48:42.001 -07:00 [INF] HTTP GET /api/v1/ads responded 200 in 176.5255 ms
2026-07-29 11:48:42.022 -07:00 [INF] HTTP GET /api/v1/feed/home responded 200 in 148.0519 ms
2026-07-29 11:48:42.031 -07:00 [INF] HTTP OPTIONS /api/v1/ads/019f6751-956b-7a5e-b9d8-0ef3c1dcd66d/impression responded 204 in 0.0275 ms
2026-07-29 11:48:42.034 -07:00 [INF] HTTP POST /api/v1/ads/019f6751-958a-7a15-a575-98aaa0e56c88/impression responded 200 in 119.2442 ms
2026-07-29 11:48:42.038 -07:00 [INF] HTTP POST /api/v1/ads/019f6751-9588-7e1c-b138-098134567940/impression responded 200 in 109.8308 ms
2026-07-29 11:48:42.065 -07:00 [INF] HTTP POST /api/v1/ads/019f6751-956b-7a5e-b9d8-0ef3c1dcd66d/impression responded 200 in 24.9101 ms
2026-07-29 11:48:46.114 -07:00 [INF] HTTP OPTIONS /api/v1/ads/019f6751-958b-7d8a-a9a6-0f853bb35f0f/impression responded 204 in 0.2319 ms
2026-07-29 11:48:46.120 -07:00 [INF] HTTP OPTIONS /api/v1/ads/019f6751-9589-76dd-a1a8-4c3bf2cfc076/impression responded 204 in 0.0243 ms
2026-07-29 11:48:46.122 -07:00 [INF] HTTP POST /api/v1/ads/019f6751-958b-7d8a-a9a6-0f853bb35f0f/impression responded 200 in 5.7607 ms
2026-07-29 11:48:46.124 -07:00 [INF] HTTP POST /api/v1/ads/019f6751-9589-76dd-a1a8-4c3bf2cfc076/impression responded 200 in 3.3272 ms
2026-07-29 11:48:47.112 -07:00 [INF] HTTP OPTIONS /api/v1/ads/019f6751-9586-79ca-a9e4-063106266335/impression responded 204 in 0.0528 ms
2026-07-29 11:48:47.118 -07:00 [INF] HTTP POST /api/v1/ads/019f6751-9586-79ca-a9e4-063106266335/impression responded 200 in 4.1139 ms
2026-07-29 11:48:49.283 -07:00 [INF] HTTP OPTIONS /api/v1/admin/site-settings responded 204 in 0.0402 ms
2026-07-29 11:48:49.366 -07:00 [INF] HTTP POST /api/v1/admin/site-settings responded 200 in 82.4509 ms
2026-07-29 11:48:49.372 -07:00 [INF] HTTP GET /api/v1/admin/site-settings responded 200 in 4.5723 ms
2026-07-29 11:48:50.120 -07:00 [INF] HTTP OPTIONS /api/v1/site-settings responded 204 in 0.0407 ms
2026-07-29 11:48:50.121 -07:00 [INF] HTTP OPTIONS /api/v1/site-settings responded 204 in 0.0063 ms
2026-07-29 11:48:50.143 -07:00 [INF] HTTP GET /api/v1/site-settings responded 200 in 6.2558 ms
2026-07-29 11:48:50.146 -07:00 [INF] HTTP GET /api/v1/site-settings responded 200 in 11.5591 ms
2026-07-29 11:48:52.507 -07:00 [INF] HTTP OPTIONS /api/v1/ads responded 204 in 0.0738 ms
2026-07-29 11:48:52.508 -07:00 [INF] HTTP OPTIONS /api/v1/ads responded 204 in 0.0249 ms
2026-07-29 11:48:52.509 -07:00 [INF] HTTP OPTIONS /api/v1/ads responded 204 in 0.0795 ms
2026-07-29 11:48:52.512 -07:00 [INF] HTTP OPTIONS /api/v1/site-settings responded 204 in 0.0649 ms
2026-07-29 11:48:52.517 -07:00 [INF] HTTP GET /api/v1/ads responded 200 in 9.2689 ms
2026-07-29 11:48:52.518 -07:00 [INF] HTTP GET /api/v1/ads responded 200 in 5.1740 ms
2026-07-29 11:48:52.520 -07:00 [INF] HTTP GET /api/v1/ads responded 200 in 8.4288 ms
2026-07-29 11:48:52.523 -07:00 [INF] HTTP GET /api/v1/site-settings responded 200 in 9.8199 ms
2026-07-29 11:48:52.581 -07:00 [INF] HTTP OPTIONS /api/v1/ads/019f6751-956b-7a5e-b9d8-0ef3c1dcd66d/impression responded 204 in 0.0321 ms
2026-07-29 11:48:52.620 -07:00 [INF] HTTP OPTIONS /api/v1/ads/019f6751-958a-7a15-a575-98aaa0e56c88/impression responded 204 in 0.0353 ms
2026-07-29 11:48:52.619 -07:00 [INF] HTTP OPTIONS /api/v1/ads/019f6751-9588-7e1c-b138-098134567940/impression responded 204 in 0.0651 ms
2026-07-29 11:48:52.629 -07:00 [INF] HTTP POST /api/v1/ads/019f6751-956b-7a5e-b9d8-0ef3c1dcd66d/impression responded 200 in 33.7052 ms
2026-07-29 11:48:52.629 -07:00 [INF] HTTP POST /api/v1/ads/019f6751-958a-7a15-a575-98aaa0e56c88/impression responded 200 in 7.9746 ms
2026-07-29 11:48:52.631 -07:00 [INF] HTTP POST /api/v1/ads/019f6751-9588-7e1c-b138-098134567940/impression responded 200 in 9.0471 ms
2026-07-29 11:48:52.638 -07:00 [INF] HTTP OPTIONS /api/v1/feed/home responded 204 in 0.0331 ms
2026-07-29 11:48:52.678 -07:00 [INF] HTTP GET /api/v1/feed/home responded 200 in 39.1754 ms
2026-07-29 11:48:56.810 -07:00 [INF] HTTP OPTIONS /api/v1/ads/019f6751-958b-7d8a-a9a6-0f853bb35f0f/impression responded 204 in 0.7140 ms
2026-07-29 11:48:56.810 -07:00 [INF] HTTP OPTIONS /api/v1/ads/019f6751-9589-76dd-a1a8-4c3bf2cfc076/impression responded 204 in 0.6764 ms
2026-07-29 11:48:56.851 -07:00 [INF] HTTP POST /api/v1/ads/019f6751-9589-76dd-a1a8-4c3bf2cfc076/impression responded 200 in 38.3105 ms
2026-07-29 11:48:56.852 -07:00 [INF] HTTP POST /api/v1/ads/019f6751-958b-7d8a-a9a6-0f853bb35f0f/impression responded 200 in 38.5089 ms
2026-07-29 11:49:04.298 -07:00 [INF] HTTP OPTIONS /api/v1/admin/site-settings responded 204 in 0.1766 ms
2026-07-29 11:49:04.409 -07:00 [INF] HTTP POST /api/v1/admin/site-settings responded 200 in 109.1709 ms
2026-07-29 11:49:04.417 -07:00 [INF] HTTP GET /api/v1/admin/site-settings responded 200 in 5.2588 ms
2026-07-29 11:49:05.125 -07:00 [INF] HTTP OPTIONS /api/v1/site-settings responded 204 in 0.0412 ms
2026-07-29 11:49:05.151 -07:00 [INF] HTTP OPTIONS /api/v1/site-settings responded 204 in 0.0501 ms
2026-07-29 11:49:05.170 -07:00 [INF] HTTP GET /api/v1/site-settings responded 200 in 4.3332 ms
2026-07-29 11:49:05.170 -07:00 [INF] HTTP GET /api/v1/site-settings responded 200 in 15.8032 ms
2026-07-29 11:49:12.104 -07:00 [INF] HTTP OPTIONS /api/v1/admin/site-settings responded 204 in 0.0696 ms
2026-07-29 11:49:12.226 -07:00 [INF] HTTP POST /api/v1/admin/site-settings responded 200 in 118.2939 ms
2026-07-29 11:49:12.233 -07:00 [INF] HTTP GET /api/v1/admin/site-settings responded 200 in 4.5550 ms
2026-07-29 11:49:13.050 -07:00 [INF] HTTP OPTIONS /api/v1/site-settings responded 204 in 0.1629 ms
2026-07-29 11:49:13.050 -07:00 [INF] HTTP OPTIONS /api/v1/site-settings responded 204 in 0.1629 ms
2026-07-29 11:49:13.060 -07:00 [INF] HTTP GET /api/v1/site-settings responded 200 in 8.7620 ms
2026-07-29 11:49:13.060 -07:00 [INF] HTTP GET /api/v1/site-settings responded 200 in 8.7161 ms
2026-07-29 11:49:17.245 -07:00 [INF] HTTP OPTIONS /api/v1/ads/019f6751-958a-7a15-a575-98aaa0e56c88/impression responded 204 in 0.0687 ms
2026-07-29 11:49:17.262 -07:00 [INF] HTTP POST /api/v1/ads/019f6751-958a-7a15-a575-98aaa0e56c88/impression responded 200 in 15.0586 ms
2026-07-29 11:49:20.226 -07:00 [INF] HTTP OPTIONS /api/v1/admin/site-settings responded 204 in 0.0372 ms
2026-07-29 11:49:20.295 -07:00 [INF] HTTP POST /api/v1/admin/site-settings responded 200 in 67.6268 ms
2026-07-29 11:49:20.301 -07:00 [INF] HTTP GET /api/v1/admin/site-settings responded 200 in 4.0369 ms
2026-07-29 11:49:21.099 -07:00 [INF] HTTP OPTIONS /api/v1/site-settings responded 204 in 0.0334 ms
2026-07-29 11:49:21.099 -07:00 [INF] HTTP OPTIONS /api/v1/site-settings responded 204 in 0.0414 ms
2026-07-29 11:49:21.107 -07:00 [INF] HTTP GET /api/v1/site-settings responded 200 in 6.5243 ms
2026-07-29 11:49:21.107 -07:00 [INF] HTTP GET /api/v1/site-settings responded 200 in 3.3256 ms
2026-07-29 11:49:25.296 -07:00 [INF] HTTP OPTIONS /api/v1/ads/019f6751-9588-7e1c-b138-098134567940/impression responded 204 in 0.5340 ms
2026-07-29 11:49:25.296 -07:00 [INF] HTTP OPTIONS /api/v1/ads/019f6751-958b-7d8a-a9a6-0f853bb35f0f/impression responded 204 in 0.5316 ms
2026-07-29 11:49:25.306 -07:00 [INF] HTTP POST /api/v1/ads/019f6751-958b-7d8a-a9a6-0f853bb35f0f/impression responded 200 in 8.7468 ms
2026-07-29 11:49:25.306 -07:00 [INF] HTTP POST /api/v1/ads/019f6751-9588-7e1c-b138-098134567940/impression responded 200 in 8.8180 ms
2026-07-29 11:49:26.073 -07:00 [INF] HTTP OPTIONS /api/v1/ads/019f6751-9586-79ca-a9e4-063106266335/impression responded 204 in 0.1280 ms
2026-07-29 11:49:26.082 -07:00 [INF] HTTP POST /api/v1/ads/019f6751-9586-79ca-a9e4-063106266335/impression responded 200 in 6.6704 ms
2026-07-29 11:49:29.496 -07:00 [INF] HTTP OPTIONS /api/v1/ads/019f6751-958a-7a15-a575-98aaa0e56c88/impression responded 204 in 0.0573 ms
2026-07-29 11:49:29.511 -07:00 [INF] HTTP POST /api/v1/ads/019f6751-958a-7a15-a575-98aaa0e56c88/impression responded 200 in 13.5469 ms
2026-07-29 11:49:30.273 -07:00 [INF] HTTP OPTIONS /api/v1/ads/019f6751-956b-7a5e-b9d8-0ef3c1dcd66d/impression responded 204 in 0.0893 ms
2026-07-29 11:49:30.295 -07:00 [INF] HTTP POST /api/v1/ads/019f6751-956b-7a5e-b9d8-0ef3c1dcd66d/impression responded 200 in 20.3964 ms
2026-07-29 11:49:32.321 -07:00 [INF] HTTP OPTIONS /api/v1/ads/019f6751-9589-76dd-a1a8-4c3bf2cfc076/impression responded 204 in 0.0628 ms
2026-07-29 11:49:32.329 -07:00 [INF] HTTP POST /api/v1/ads/019f6751-9589-76dd-a1a8-4c3bf2cfc076/impression responded 200 in 6.8503 ms
2026-07-29 11:49:35.865 -07:00 [INF] HTTP OPTIONS /api/v1/ads/019f6751-958b-7d8a-a9a6-0f853bb35f0f/impression responded 204 in 0.1363 ms
2026-07-29 11:49:35.874 -07:00 [INF] HTTP POST /api/v1/ads/019f6751-958b-7d8a-a9a6-0f853bb35f0f/impression responded 200 in 5.0073 ms
2026-07-29 11:49:36.531 -07:00 [INF] HTTP OPTIONS /api/v1/ads/019f6751-9588-7e1c-b138-098134567940/impression responded 204 in 0.1519 ms
2026-07-29 11:49:36.536 -07:00 [INF] HTTP POST /api/v1/ads/019f6751-9588-7e1c-b138-098134567940/impression responded 200 in 4.5988 ms
2026-07-29 11:49:37.684 -07:00 [INF] HTTP OPTIONS /api/v1/ads/019f6751-9586-79ca-a9e4-063106266335/impression responded 204 in 0.0510 ms
2026-07-29 11:49:37.711 -07:00 [INF] HTTP POST /api/v1/ads/019f6751-9586-79ca-a9e4-063106266335/impression responded 200 in 16.5031 ms
2026-07-29 11:49:40.067 -07:00 [INF] HTTP OPTIONS /api/v1/ads/019f6751-958a-7a15-a575-98aaa0e56c88/impression responded 204 in 0.0335 ms
2026-07-29 11:49:40.072 -07:00 [INF] HTTP POST /api/v1/ads/019f6751-958a-7a15-a575-98aaa0e56c88/impression responded 200 in 3.7858 ms
2026-07-29 11:49:40.730 -07:00 [INF] HTTP OPTIONS /api/v1/ads/019f6751-9589-76dd-a1a8-4c3bf2cfc076/impression responded 204 in 0.0847 ms
2026-07-29 11:49:40.745 -07:00 [INF] HTTP POST /api/v1/ads/019f6751-9589-76dd-a1a8-4c3bf2cfc076/impression responded 200 in 13.7501 ms
2026-07-29 11:49:41.884 -07:00 [INF] HTTP OPTIONS /api/v1/ads/019f6751-956b-7a5e-b9d8-0ef3c1dcd66d/impression responded 204 in 0.0653 ms
2026-07-29 11:49:41.892 -07:00 [INF] HTTP POST /api/v1/ads/019f6751-956b-7a5e-b9d8-0ef3c1dcd66d/impression responded 200 in 4.8956 ms
2026-07-29 11:49:44.279 -07:00 [INF] HTTP OPTIONS /api/v1/ads/019f6751-958b-7d8a-a9a6-0f853bb35f0f/impression responded 204 in 0.7346 ms
2026-07-29 11:49:44.323 -07:00 [INF] HTTP POST /api/v1/ads/019f6751-958b-7d8a-a9a6-0f853bb35f0f/impression responded 200 in 40.5533 ms
2026-07-29 11:49:44.922 -07:00 [INF] HTTP OPTIONS /api/v1/ads/019f6751-9588-7e1c-b138-098134567940/impression responded 204 in 0.0453 ms
2026-07-29 11:49:44.931 -07:00 [INF] HTTP POST /api/v1/ads/019f6751-9588-7e1c-b138-098134567940/impression responded 200 in 7.3909 ms
2026-07-29 11:50:26.900 -07:00 [INF] HTTP OPTIONS /api/v1/site-settings responded 204 in 0.9050 ms
2026-07-29 11:50:26.960 -07:00 [INF] HTTP GET /api/v1/site-settings responded 200 in 49.1833 ms
2026-07-29 11:50:27.968 -07:00 [INF] HTTP OPTIONS /api/v1/site-settings responded 204 in 0.0418 ms
2026-07-29 11:50:27.979 -07:00 [INF] HTTP GET /api/v1/site-settings responded 200 in 10.2638 ms
2026-07-29 11:50:31.119 -07:00 [INF] HTTP OPTIONS /api/v1/ads/019f6751-9589-76dd-a1a8-4c3bf2cfc076/impression responded 204 in 2.2597 ms
2026-07-29 11:50:31.120 -07:00 [INF] HTTP OPTIONS /api/v1/ads/019f6751-958a-7a15-a575-98aaa0e56c88/impression responded 204 in 2.2443 ms
2026-07-29 11:50:31.149 -07:00 [INF] HTTP POST /api/v1/ads/019f6751-958a-7a15-a575-98aaa0e56c88/impression responded 200 in 20.8740 ms
2026-07-29 11:50:31.149 -07:00 [INF] HTTP POST /api/v1/ads/019f6751-9589-76dd-a1a8-4c3bf2cfc076/impression responded 200 in 20.8740 ms
2026-07-29 11:50:34.135 -07:00 [INF] HTTP OPTIONS /api/v1/ads responded 204 in 4.1723 ms
2026-07-29 11:50:34.135 -07:00 [INF] HTTP OPTIONS /api/v1/ads responded 204 in 3.9898 ms
2026-07-29 11:50:34.135 -07:00 [INF] HTTP OPTIONS /api/v1/ads responded 204 in 3.9457 ms
2026-07-29 11:50:34.140 -07:00 [INF] HTTP OPTIONS /api/v1/site-settings responded 204 in 3.5397 ms
2026-07-29 11:50:34.168 -07:00 [INF] HTTP GET /api/v1/ads responded 200 in 27.2147 ms
2026-07-29 11:50:34.169 -07:00 [INF] HTTP GET /api/v1/ads responded 200 in 27.2635 ms
2026-07-29 11:50:34.169 -07:00 [INF] HTTP GET /api/v1/ads responded 200 in 28.0552 ms
2026-07-29 11:50:34.200 -07:00 [INF] HTTP GET /api/v1/site-settings responded 200 in 57.6825 ms
2026-07-29 11:50:34.223 -07:00 [INF] HTTP OPTIONS /api/v1/ads/019f6751-956b-7a5e-b9d8-0ef3c1dcd66d/impression responded 204 in 0.0325 ms
2026-07-29 11:50:34.225 -07:00 [INF] HTTP OPTIONS /api/v1/ads/019f6751-958a-7a15-a575-98aaa0e56c88/impression responded 204 in 0.0166 ms
2026-07-29 11:50:34.225 -07:00 [INF] HTTP OPTIONS /api/v1/ads/019f6751-9588-7e1c-b138-098134567940/impression responded 204 in 0.0496 ms
2026-07-29 11:50:34.254 -07:00 [INF] HTTP POST /api/v1/ads/019f6751-956b-7a5e-b9d8-0ef3c1dcd66d/impression responded 200 in 25.4897 ms
2026-07-29 11:50:34.258 -07:00 [INF] HTTP POST /api/v1/ads/019f6751-9588-7e1c-b138-098134567940/impression responded 200 in 28.7637 ms
2026-07-29 11:50:34.259 -07:00 [INF] HTTP POST /api/v1/ads/019f6751-958a-7a15-a575-98aaa0e56c88/impression responded 200 in 30.2118 ms
2026-07-29 11:50:34.298 -07:00 [INF] HTTP OPTIONS /api/v1/feed/home responded 204 in 0.0417 ms
2026-07-29 11:50:34.318 -07:00 [INF] HTTP GET /api/v1/feed/home responded 200 in 19.1721 ms
2026-07-29 11:50:37.299 -07:00 [INF] HTTP GET /api/v1/listings/019f6751-97cb-7c0c-9ae5-eda6f567be1c responded 200 in 33.8945 ms
2026-07-29 11:50:37.328 -07:00 [INF] HTTP GET /api/v1/listings responded 200 in 21.9730 ms
2026-07-29 11:50:37.462 -07:00 [INF] HTTP OPTIONS /api/v1/ads responded 204 in 0.0321 ms
2026-07-29 11:50:37.462 -07:00 [INF] HTTP OPTIONS /api/v1/ads responded 204 in 0.0042 ms
2026-07-29 11:50:37.462 -07:00 [INF] HTTP OPTIONS /api/v1/ads responded 204 in 0.0321 ms
2026-07-29 11:50:37.462 -07:00 [INF] HTTP OPTIONS /api/v1/ads responded 204 in 0.0094 ms
2026-07-29 11:50:37.475 -07:00 [INF] HTTP GET /api/v1/ads responded 200 in 6.0164 ms
2026-07-29 11:50:37.479 -07:00 [INF] HTTP GET /api/v1/ads responded 200 in 9.7485 ms
2026-07-29 11:50:37.480 -07:00 [INF] HTTP GET /api/v1/ads responded 200 in 10.8082 ms
2026-07-29 11:50:37.482 -07:00 [INF] HTTP GET /api/v1/ads responded 200 in 8.4839 ms
2026-07-29 11:50:37.552 -07:00 [INF] HTTP OPTIONS /api/v1/ads/019f6751-958a-7a15-a575-98aaa0e56c88/impression responded 204 in 0.2292 ms
2026-07-29 11:50:37.573 -07:00 [INF] HTTP POST /api/v1/ads/019f6751-958a-7a15-a575-98aaa0e56c88/impression responded 200 in 11.0037 ms
2026-07-29 11:50:40.825 -07:00 [INF] HTTP OPTIONS /api/v1/auth/providers responded 204 in 0.0361 ms
2026-07-29 11:50:40.825 -07:00 [INF] HTTP OPTIONS /api/v1/auth/providers responded 204 in 0.0315 ms
2026-07-29 11:50:40.834 -07:00 [INF] HTTP GET /api/v1/auth/providers responded 200 in 7.7693 ms
2026-07-29 11:50:40.834 -07:00 [INF] HTTP GET /api/v1/auth/providers responded 200 in 7.7697 ms
2026-07-29 11:50:42.575 -07:00 [INF] HTTP OPTIONS /api/v1/auth/providers responded 204 in 0.0572 ms
2026-07-29 11:50:42.576 -07:00 [INF] HTTP OPTIONS /api/v1/auth/providers responded 204 in 0.0220 ms
2026-07-29 11:50:42.580 -07:00 [INF] HTTP GET /api/v1/auth/providers responded 200 in 2.8249 ms
2026-07-29 11:50:42.581 -07:00 [INF] HTTP GET /api/v1/auth/providers responded 200 in 3.5498 ms
2026-07-29 11:50:44.865 -07:00 [INF] HTTP OPTIONS /api/v1/ads responded 204 in 0.3388 ms
2026-07-29 11:50:44.865 -07:00 [INF] HTTP OPTIONS /api/v1/ads responded 204 in 0.0119 ms
2026-07-29 11:50:44.866 -07:00 [INF] HTTP OPTIONS /api/v1/ads responded 204 in 0.0235 ms
2026-07-29 11:50:44.866 -07:00 [INF] HTTP OPTIONS /api/v1/ads responded 204 in 0.0102 ms
2026-07-29 11:50:44.867 -07:00 [INF] HTTP OPTIONS /api/v1/ads responded 204 in 0.0169 ms
2026-07-29 11:50:44.872 -07:00 [INF] HTTP OPTIONS /api/v1/ads responded 204 in 0.0264 ms
2026-07-29 11:50:44.874 -07:00 [INF] HTTP GET /api/v1/ads responded 200 in 6.7549 ms
2026-07-29 11:50:44.874 -07:00 [INF] HTTP GET /api/v1/ads responded 200 in 4.2528 ms
2026-07-29 11:50:44.876 -07:00 [INF] HTTP OPTIONS /api/v1/feed/home responded 204 in 0.0249 ms
2026-07-29 11:50:44.876 -07:00 [INF] HTTP OPTIONS /api/v1/feed/home responded 204 in 0.0223 ms
2026-07-29 11:50:44.878 -07:00 [INF] HTTP GET /api/v1/ads responded 200 in 6.4068 ms
2026-07-29 11:50:44.888 -07:00 [INF] HTTP GET /api/v1/ads responded 200 in 15.5383 ms
2026-07-29 11:50:44.892 -07:00 [INF] HTTP OPTIONS /api/v1/ads/019f6751-958a-7a15-a575-98aaa0e56c88/impression responded 204 in 0.0473 ms
2026-07-29 11:50:44.902 -07:00 [INF] HTTP POST /api/v1/ads/019f6751-958a-7a15-a575-98aaa0e56c88/impression responded 200 in 9.1022 ms
2026-07-29 11:50:44.904 -07:00 [INF] HTTP GET /api/v1/feed/home responded 200 in 24.5802 ms
2026-07-29 11:50:44.907 -07:00 [INF] HTTP GET /api/v1/feed/home responded 200 in 28.8690 ms
2026-07-29 11:50:44.953 -07:00 [INF] HTTP GET /api/v1/ads responded 200 in 81.0807 ms
2026-07-29 11:50:44.953 -07:00 [INF] HTTP GET /api/v1/ads responded 200 in 81.3061 ms
2026-07-29 11:50:44.962 -07:00 [INF] HTTP OPTIONS /api/v1/ads/019f6751-956b-7a5e-b9d8-0ef3c1dcd66d/impression responded 204 in 0.0335 ms
2026-07-29 11:50:44.962 -07:00 [INF] HTTP OPTIONS /api/v1/ads/019f6751-9588-7e1c-b138-098134567940/impression responded 204 in 0.0113 ms
2026-07-29 11:50:44.966 -07:00 [INF] HTTP POST /api/v1/ads/019f6751-956b-7a5e-b9d8-0ef3c1dcd66d/impression responded 200 in 3.8582 ms
2026-07-29 11:50:44.967 -07:00 [INF] HTTP POST /api/v1/ads/019f6751-9588-7e1c-b138-098134567940/impression responded 200 in 4.0555 ms
2026-07-29 11:50:49.625 -07:00 [INF] HTTP OPTIONS /api/v1/admin/site-settings responded 204 in 0.6324 ms
2026-07-29 11:50:49.839 -07:00 [INF] HTTP POST /api/v1/admin/site-settings responded 200 in 211.6920 ms
2026-07-29 11:50:49.848 -07:00 [INF] HTTP GET /api/v1/admin/site-settings responded 200 in 6.8105 ms
2026-07-29 11:50:54.351 -07:00 [INF] HTTP OPTIONS /api/v1/ads responded 204 in 0.0888 ms
2026-07-29 11:50:54.351 -07:00 [INF] HTTP OPTIONS /api/v1/ads responded 204 in 0.0675 ms
2026-07-29 11:50:54.355 -07:00 [INF] HTTP OPTIONS /api/v1/ads responded 204 in 0.0391 ms
2026-07-29 11:50:54.355 -07:00 [INF] HTTP OPTIONS /api/v1/site-settings responded 204 in 0.1458 ms
2026-07-29 11:50:54.364 -07:00 [INF] HTTP GET /api/v1/ads responded 200 in 7.6320 ms
2026-07-29 11:50:54.369 -07:00 [INF] HTTP GET /api/v1/ads responded 200 in 10.6033 ms
2026-07-29 11:50:54.369 -07:00 [INF] HTTP GET /api/v1/ads responded 200 in 11.4341 ms
2026-07-29 11:50:54.371 -07:00 [INF] HTTP GET /api/v1/site-settings responded 200 in 12.1310 ms
2026-07-29 11:50:54.426 -07:00 [INF] HTTP OPTIONS /api/v1/ads/019f6751-9588-7e1c-b138-098134567940/impression responded 204 in 0.0333 ms
2026-07-29 11:50:54.434 -07:00 [INF] HTTP POST /api/v1/ads/019f6751-9588-7e1c-b138-098134567940/impression responded 200 in 6.8447 ms
2026-07-29 11:50:54.455 -07:00 [INF] HTTP OPTIONS /api/v1/feed/home responded 204 in 0.0279 ms
2026-07-29 11:50:54.456 -07:00 [INF] HTTP OPTIONS /api/v1/ads/019f6751-958a-7a15-a575-98aaa0e56c88/impression responded 204 in 0.0121 ms
2026-07-29 11:50:54.456 -07:00 [INF] HTTP OPTIONS /api/v1/ads/019f6751-956b-7a5e-b9d8-0ef3c1dcd66d/impression responded 204 in 0.6450 ms
2026-07-29 11:50:54.493 -07:00 [INF] HTTP POST /api/v1/ads/019f6751-958a-7a15-a575-98aaa0e56c88/impression responded 200 in 36.2814 ms
2026-07-29 11:50:54.497 -07:00 [INF] HTTP POST /api/v1/ads/019f6751-956b-7a5e-b9d8-0ef3c1dcd66d/impression responded 200 in 38.3974 ms
2026-07-29 11:50:54.520 -07:00 [INF] HTTP GET /api/v1/feed/home responded 200 in 63.4441 ms
2026-07-29 11:50:58.628 -07:00 [INF] HTTP OPTIONS /api/v1/ads/019f6751-9589-76dd-a1a8-4c3bf2cfc076/impression responded 204 in 0.1288 ms
2026-07-29 11:50:58.637 -07:00 [INF] HTTP POST /api/v1/ads/019f6751-9589-76dd-a1a8-4c3bf2cfc076/impression responded 200 in 7.6670 ms
2026-07-29 11:50:58.648 -07:00 [INF] HTTP OPTIONS /api/v1/ads/019f6751-958b-7d8a-a9a6-0f853bb35f0f/impression responded 204 in 0.0288 ms
2026-07-29 11:50:58.648 -07:00 [INF] HTTP OPTIONS /api/v1/ads/019f6751-9586-79ca-a9e4-063106266335/impression responded 204 in 0.0436 ms
2026-07-29 11:50:58.653 -07:00 [INF] HTTP POST /api/v1/ads/019f6751-9586-79ca-a9e4-063106266335/impression responded 200 in 4.3740 ms
2026-07-29 11:50:58.653 -07:00 [INF] HTTP POST /api/v1/ads/019f6751-958b-7d8a-a9a6-0f853bb35f0f/impression responded 200 in 4.5865 ms
2026-07-29 11:51:02.825 -07:00 [INF] HTTP OPTIONS /api/v1/ads/019f6751-9588-7e1c-b138-098134567940/impression responded 204 in 0.0595 ms
2026-07-29 11:51:02.839 -07:00 [INF] HTTP POST /api/v1/ads/019f6751-9588-7e1c-b138-098134567940/impression responded 200 in 10.9882 ms
2026-07-29 11:51:02.846 -07:00 [INF] HTTP OPTIONS /api/v1/ads/019f6751-958a-7a15-a575-98aaa0e56c88/impression responded 204 in 0.0624 ms
2026-07-29 11:51:02.862 -07:00 [INF] HTTP POST /api/v1/ads/019f6751-958a-7a15-a575-98aaa0e56c88/impression responded 200 in 15.1148 ms
2026-07-29 11:51:04.246 -07:00 [INF] HTTP GET /api/v1/listings/019f6751-973b-716b-af23-e9aafc8f9693 responded 200 in 17.7584 ms
2026-07-29 11:51:04.266 -07:00 [INF] HTTP GET /api/v1/listings responded 200 in 14.3943 ms
2026-07-29 11:51:04.380 -07:00 [INF] HTTP OPTIONS /api/v1/ads responded 204 in 0.0329 ms
2026-07-29 11:51:04.382 -07:00 [INF] HTTP OPTIONS /api/v1/ads responded 204 in 0.0239 ms
2026-07-29 11:51:04.382 -07:00 [INF] HTTP OPTIONS /api/v1/ads responded 204 in 0.0239 ms
2026-07-29 11:51:04.382 -07:00 [INF] HTTP OPTIONS /api/v1/ads responded 204 in 0.0103 ms
2026-07-29 11:51:04.386 -07:00 [INF] HTTP GET /api/v1/ads responded 200 in 3.7251 ms
2026-07-29 11:51:04.387 -07:00 [INF] HTTP GET /api/v1/ads responded 200 in 2.9908 ms
2026-07-29 11:51:04.387 -07:00 [INF] HTTP GET /api/v1/ads responded 200 in 4.0745 ms
2026-07-29 11:51:04.387 -07:00 [INF] HTTP GET /api/v1/ads responded 200 in 3.8015 ms
2026-07-29 11:51:04.421 -07:00 [INF] HTTP OPTIONS /api/v1/ads/019f6751-958a-7a15-a575-98aaa0e56c88/impression responded 204 in 0.0376 ms
2026-07-29 11:51:04.431 -07:00 [INF] HTTP POST /api/v1/ads/019f6751-958a-7a15-a575-98aaa0e56c88/impression responded 200 in 9.0833 ms
2026-07-29 11:51:08.625 -07:00 [INF] HTTP OPTIONS /api/v1/ads/019f6751-958b-7d8a-a9a6-0f853bb35f0f/impression responded 204 in 0.4036 ms
2026-07-29 11:51:08.637 -07:00 [INF] HTTP POST /api/v1/ads/019f6751-958b-7d8a-a9a6-0f853bb35f0f/impression responded 200 in 9.3812 ms
2026-07-29 11:51:12.825 -07:00 [INF] HTTP OPTIONS /api/v1/ads/019f6751-958a-7a15-a575-98aaa0e56c88/impression responded 204 in 0.0888 ms
2026-07-29 11:51:12.838 -07:00 [INF] HTTP POST /api/v1/ads/019f6751-958a-7a15-a575-98aaa0e56c88/impression responded 200 in 10.9126 ms
2026-07-29 11:51:17.027 -07:00 [INF] HTTP OPTIONS /api/v1/ads/019f6751-958b-7d8a-a9a6-0f853bb35f0f/impression responded 204 in 0.1456 ms
2026-07-29 11:51:17.064 -07:00 [INF] HTTP POST /api/v1/ads/019f6751-958b-7d8a-a9a6-0f853bb35f0f/impression responded 200 in 26.8300 ms
