2026-07-28 11:34:10.286 -07:00 [INF] Starting OpenMarketplace API
2026-07-28 11:34:10.721 -07:00 [INF] OpenMarketplace API listening. Swagger: http://localhost:5001/swagger/index.html
2026-07-28 11:34:10.787 -07:00 [INF] Auto database migration/seed attempt 1/10
2026-07-28 11:34:10.904 -07:00 [INF] Database initialization started
2026-07-28 11:34:12.527 -07:00 [INF] HTTP GET /swagger/index.html responded 200 in 98.8894 ms
2026-07-28 11:34:12.613 -07:00 [INF] HTTP GET /swagger/index.js responded 200 in 6.7115 ms
2026-07-28 11:34:12.891 -07:00 [INF] HTTP GET /swagger/v1/swagger.json responded 200 in 219.6793 ms
2026-07-28 11:34:13.225 -07:00 [INF] Pending EF migrations: none
2026-07-28 11:34:13.226 -07:00 [INF] Applying EF Core migrations automatically...
2026-07-28 11:34:13.518 -07:00 [INF] Ensuring message/chat schema repair...
2026-07-28 11:34:13.533 -07:00 [INF] Ensuring listing location schema repair...
2026-07-28 11:34:13.536 -07:00 [INF] Ensuring notification schema repair...
2026-07-28 11:34:13.541 -07:00 [INF] Ensuring user role/source schema repair...
2026-07-28 11:34:13.547 -07:00 [INF] Ensuring package sort order schema repair...
2026-07-28 11:34:13.552 -07:00 [INF] Ensuring authentication schema repair...
2026-07-28 11:34:13.556 -07:00 [INF] Ensuring moderation schema repair...
2026-07-28 11:34:13.562 -07:00 [INF] Ensuring user location schema repair...
2026-07-28 11:34:13.564 -07:00 [INF] Ensuring locality schema and California city data...
2026-07-28 11:34:14.182 -07:00 [INF] Ensuring seed history schema...
2026-07-28 11:34:14.192 -07:00 [INF] Seed version InitialMarketplaceDataV1 already applied. Skipping seed data.
2026-07-28 11:34:14.192 -07:00 [INF] Database initialization completed
2026-07-28 11:41:53.118 -07:00 [INF] HTTP OPTIONS /api/v1/admin/site-settings responded 204 in 33.8369 ms
2026-07-28 11:41:53.118 -07:00 [INF] HTTP OPTIONS /api/v1/admin/site-settings responded 204 in 33.8138 ms
2026-07-28 11:41:54.187 -07:00 [INF] HTTP GET /api/v1/admin/site-settings responded 200 in 1051.2987 ms
2026-07-28 11:41:54.247 -07:00 [INF] HTTP GET /api/v1/admin/site-settings responded 200 in 75.8230 ms
2026-07-28 11:43:32.682 -07:00 [INF] HTTP OPTIONS /api/v1/admin/site-settings responded 204 in 1.8146 ms
2026-07-28 11:43:32.682 -07:00 [INF] HTTP OPTIONS /api/v1/admin/site-settings responded 204 in 1.8204 ms
2026-07-28 11:43:32.840 -07:00 [INF] HTTP GET /api/v1/admin/site-settings responded 200 in 153.5866 ms
2026-07-28 11:43:32.848 -07:00 [INF] HTTP GET /api/v1/admin/site-settings responded 200 in 7.3076 ms
2026-07-28 11:45:17.339 -07:00 [INF] HTTP OPTIONS /api/v1/ads/019f6751-9589-76dd-a1a8-4c3bf2cfc076/impression responded 204 in 6.4284 ms
2026-07-28 11:45:17.339 -07:00 [INF] HTTP OPTIONS /api/v1/ads/019f6751-958b-7d8a-a9a6-0f853bb35f0f/impression responded 204 in 6.0718 ms
2026-07-28 11:45:17.904 -07:00 [INF] HTTP POST /api/v1/ads/019f6751-9589-76dd-a1a8-4c3bf2cfc076/impression responded 200 in 556.0933 ms
2026-07-28 11:45:17.904 -07:00 [INF] HTTP POST /api/v1/ads/019f6751-958b-7d8a-a9a6-0f853bb35f0f/impression responded 200 in 556.1190 ms
2026-07-28 11:45:20.054 -07:00 [INF] HTTP GET /api/v1/site-settings responded 200 in 77.6630 ms
2026-07-28 11:45:21.045 -07:00 [INF] HTTP OPTIONS /api/v1/ads responded 204 in 0.0553 ms
2026-07-28 11:45:21.045 -07:00 [INF] HTTP OPTIONS /api/v1/ads responded 204 in 0.0255 ms
2026-07-28 11:45:21.045 -07:00 [INF] HTTP OPTIONS /api/v1/ads responded 204 in 0.1176 ms
2026-07-28 11:45:21.106 -07:00 [INF] HTTP GET /api/v1/site-settings responded 200 in 46.6660 ms
2026-07-28 11:45:21.246 -07:00 [INF] HTTP OPTIONS /api/v1/feed/home responded 204 in 0.0549 ms
2026-07-28 11:45:21.326 -07:00 [INF] HTTP GET /api/v1/ads responded 200 in 253.0065 ms
2026-07-28 11:45:21.326 -07:00 [INF] HTTP GET /api/v1/ads responded 200 in 250.2998 ms
2026-07-28 11:45:21.337 -07:00 [INF] HTTP OPTIONS /api/v1/ads/019f6751-958a-7a15-a575-98aaa0e56c88/impression responded 204 in 0.1035 ms
2026-07-28 11:45:21.344 -07:00 [INF] HTTP OPTIONS /api/v1/ads/019f6751-956b-7a5e-b9d8-0ef3c1dcd66d/impression responded 204 in 0.0437 ms
2026-07-28 11:45:21.371 -07:00 [INF] HTTP POST /api/v1/ads/019f6751-958a-7a15-a575-98aaa0e56c88/impression responded 200 in 30.2924 ms
2026-07-28 11:45:21.393 -07:00 [INF] HTTP POST /api/v1/ads/019f6751-956b-7a5e-b9d8-0ef3c1dcd66d/impression responded 200 in 47.6971 ms
2026-07-28 11:45:21.394 -07:00 [INF] HTTP GET /api/v1/ads responded 200 in 333.8119 ms
2026-07-28 11:45:21.410 -07:00 [INF] HTTP OPTIONS /api/v1/ads/019f6751-9588-7e1c-b138-098134567940/impression responded 204 in 0.0589 ms
2026-07-28 11:45:21.421 -07:00 [INF] HTTP POST /api/v1/ads/019f6751-9588-7e1c-b138-098134567940/impression responded 200 in 9.1877 ms
2026-07-28 11:45:21.491 -07:00 [INF] HTTP GET /api/v1/feed/home responded 200 in 242.3724 ms
2026-07-28 11:45:25.549 -07:00 [INF] HTTP OPTIONS /api/v1/ads/019f6751-958b-7d8a-a9a6-0f853bb35f0f/impression responded 204 in 5.4913 ms
2026-07-28 11:45:25.570 -07:00 [INF] HTTP POST /api/v1/ads/019f6751-958b-7d8a-a9a6-0f853bb35f0f/impression responded 200 in 16.0457 ms
2026-07-28 11:45:25.624 -07:00 [INF] HTTP OPTIONS /api/v1/ads/019f6751-9589-76dd-a1a8-4c3bf2cfc076/impression responded 204 in 0.0650 ms
2026-07-28 11:45:25.630 -07:00 [INF] HTTP POST /api/v1/ads/019f6751-9589-76dd-a1a8-4c3bf2cfc076/impression responded 200 in 3.7720 ms
2026-07-28 11:49:01.634 -07:00 [INF] HTTP OPTIONS /api/v1/ads/019f6751-9588-7e1c-b138-098134567940/impression responded 204 in 4.9274 ms
2026-07-28 11:49:01.634 -07:00 [INF] HTTP OPTIONS /api/v1/ads/019f6751-9586-79ca-a9e4-063106266335/impression responded 204 in 5.1390 ms
2026-07-28 11:49:01.697 -07:00 [INF] HTTP POST /api/v1/ads/019f6751-9588-7e1c-b138-098134567940/impression responded 200 in 56.5075 ms
2026-07-28 11:49:01.697 -07:00 [INF] HTTP POST /api/v1/ads/019f6751-9586-79ca-a9e4-063106266335/impression responded 200 in 55.7019 ms
2026-07-28 11:49:01.843 -07:00 [INF] HTTP OPTIONS /api/v1/ads/019f6751-958a-7a15-a575-98aaa0e56c88/impression responded 204 in 0.0599 ms
2026-07-28 11:49:01.853 -07:00 [INF] HTTP POST /api/v1/ads/019f6751-958a-7a15-a575-98aaa0e56c88/impression responded 200 in 9.5265 ms
2026-07-28 11:49:05.790 -07:00 [INF] HTTP OPTIONS /api/v1/ads/019f6751-956b-7a5e-b9d8-0ef3c1dcd66d/impression responded 204 in 0.1930 ms
2026-07-28 11:49:05.790 -07:00 [INF] HTTP OPTIONS /api/v1/ads/019f6751-9589-76dd-a1a8-4c3bf2cfc076/impression responded 204 in 0.1678 ms
2026-07-28 11:49:05.800 -07:00 [INF] HTTP POST /api/v1/ads/019f6751-9589-76dd-a1a8-4c3bf2cfc076/impression responded 200 in 8.1258 ms
2026-07-28 11:49:05.800 -07:00 [INF] HTTP POST /api/v1/ads/019f6751-956b-7a5e-b9d8-0ef3c1dcd66d/impression responded 200 in 8.1268 ms
2026-07-28 11:49:06.041 -07:00 [INF] HTTP OPTIONS /api/v1/ads/019f6751-958b-7d8a-a9a6-0f853bb35f0f/impression responded 204 in 0.0986 ms
2026-07-28 11:49:06.047 -07:00 [INF] HTTP POST /api/v1/ads/019f6751-958b-7d8a-a9a6-0f853bb35f0f/impression responded 200 in 5.1885 ms
2026-07-28 11:49:09.985 -07:00 [INF] HTTP OPTIONS /api/v1/ads/019f6751-9588-7e1c-b138-098134567940/impression responded 204 in 0.2471 ms
2026-07-28 11:49:09.985 -07:00 [INF] HTTP OPTIONS /api/v1/ads/019f6751-9586-79ca-a9e4-063106266335/impression responded 204 in 0.2320 ms
2026-07-28 11:49:10.001 -07:00 [INF] HTTP POST /api/v1/ads/019f6751-9588-7e1c-b138-098134567940/impression responded 200 in 12.6894 ms
2026-07-28 11:49:10.001 -07:00 [INF] HTTP POST /api/v1/ads/019f6751-9586-79ca-a9e4-063106266335/impression responded 200 in 12.7234 ms
2026-07-28 11:49:10.240 -07:00 [INF] HTTP OPTIONS /api/v1/ads/019f6751-958a-7a15-a575-98aaa0e56c88/impression responded 204 in 0.0463 ms
2026-07-28 11:49:10.246 -07:00 [INF] HTTP POST /api/v1/ads/019f6751-958a-7a15-a575-98aaa0e56c88/impression responded 200 in 4.7600 ms
2026-07-28 11:49:14.189 -07:00 [INF] HTTP OPTIONS /api/v1/ads/019f6751-956b-7a5e-b9d8-0ef3c1dcd66d/impression responded 204 in 1.4829 ms
2026-07-28 11:49:14.189 -07:00 [INF] HTTP OPTIONS /api/v1/ads/019f6751-9589-76dd-a1a8-4c3bf2cfc076/impression responded 204 in 0.0301 ms
2026-07-28 11:49:14.211 -07:00 [INF] HTTP POST /api/v1/ads/019f6751-956b-7a5e-b9d8-0ef3c1dcd66d/impression responded 200 in 19.6298 ms
2026-07-28 11:49:14.212 -07:00 [INF] HTTP POST /api/v1/ads/019f6751-9589-76dd-a1a8-4c3bf2cfc076/impression responded 200 in 20.4463 ms
2026-07-28 11:49:14.440 -07:00 [INF] HTTP OPTIONS /api/v1/ads/019f6751-958b-7d8a-a9a6-0f853bb35f0f/impression responded 204 in 0.0408 ms
2026-07-28 11:49:14.446 -07:00 [INF] HTTP POST /api/v1/ads/019f6751-958b-7d8a-a9a6-0f853bb35f0f/impression responded 200 in 5.1765 ms
2026-07-28 11:49:18.386 -07:00 [INF] HTTP OPTIONS /api/v1/ads/019f6751-9588-7e1c-b138-098134567940/impression responded 204 in 0.1000 ms
2026-07-28 11:49:18.386 -07:00 [INF] HTTP OPTIONS /api/v1/ads/019f6751-9586-79ca-a9e4-063106266335/impression responded 204 in 0.0997 ms
2026-07-28 11:49:18.398 -07:00 [INF] HTTP POST /api/v1/ads/019f6751-9586-79ca-a9e4-063106266335/impression responded 200 in 8.7760 ms
2026-07-28 11:49:18.398 -07:00 [INF] HTTP POST /api/v1/ads/019f6751-9588-7e1c-b138-098134567940/impression responded 200 in 9.4388 ms
2026-07-28 11:49:18.641 -07:00 [INF] HTTP OPTIONS /api/v1/ads/019f6751-958a-7a15-a575-98aaa0e56c88/impression responded 204 in 0.0503 ms
2026-07-28 11:49:18.646 -07:00 [INF] HTTP POST /api/v1/ads/019f6751-958a-7a15-a575-98aaa0e56c88/impression responded 200 in 4.4659 ms
2026-07-28 11:49:22.601 -07:00 [INF] HTTP OPTIONS /api/v1/ads/019f6751-956b-7a5e-b9d8-0ef3c1dcd66d/impression responded 204 in 0.4026 ms
2026-07-28 11:49:22.601 -07:00 [INF] HTTP OPTIONS /api/v1/ads/019f6751-9589-76dd-a1a8-4c3bf2cfc076/impression responded 204 in 0.4442 ms
2026-07-28 11:49:22.631 -07:00 [INF] HTTP POST /api/v1/ads/019f6751-956b-7a5e-b9d8-0ef3c1dcd66d/impression responded 200 in 23.1079 ms
2026-07-28 11:49:22.632 -07:00 [INF] HTTP POST /api/v1/ads/019f6751-9589-76dd-a1a8-4c3bf2cfc076/impression responded 200 in 24.1305 ms
2026-07-28 11:49:22.840 -07:00 [INF] HTTP OPTIONS /api/v1/ads/019f6751-958b-7d8a-a9a6-0f853bb35f0f/impression responded 204 in 0.0425 ms
2026-07-28 11:49:22.846 -07:00 [INF] HTTP POST /api/v1/ads/019f6751-958b-7d8a-a9a6-0f853bb35f0f/impression responded 200 in 5.2146 ms
2026-07-28 11:49:26.784 -07:00 [INF] HTTP OPTIONS /api/v1/ads/019f6751-9588-7e1c-b138-098134567940/impression responded 204 in 0.2098 ms
2026-07-28 11:49:26.784 -07:00 [INF] HTTP OPTIONS /api/v1/ads/019f6751-9586-79ca-a9e4-063106266335/impression responded 204 in 0.2202 ms
2026-07-28 11:49:26.797 -07:00 [INF] HTTP POST /api/v1/ads/019f6751-9588-7e1c-b138-098134567940/impression responded 200 in 10.6000 ms
2026-07-28 11:49:26.797 -07:00 [INF] HTTP POST /api/v1/ads/019f6751-9586-79ca-a9e4-063106266335/impression responded 200 in 10.5489 ms
2026-07-28 11:49:27.043 -07:00 [INF] HTTP OPTIONS /api/v1/ads/019f6751-958a-7a15-a575-98aaa0e56c88/impression responded 204 in 0.0875 ms
2026-07-28 11:49:27.051 -07:00 [INF] HTTP POST /api/v1/ads/019f6751-958a-7a15-a575-98aaa0e56c88/impression responded 200 in 6.9268 ms
2026-07-28 11:49:30.984 -07:00 [INF] HTTP OPTIONS /api/v1/ads/019f6751-956b-7a5e-b9d8-0ef3c1dcd66d/impression responded 204 in 0.0440 ms
2026-07-28 11:49:30.985 -07:00 [INF] HTTP OPTIONS /api/v1/ads/019f6751-9589-76dd-a1a8-4c3bf2cfc076/impression responded 204 in 0.0353 ms
2026-07-28 11:49:30.994 -07:00 [INF] HTTP POST /api/v1/ads/019f6751-956b-7a5e-b9d8-0ef3c1dcd66d/impression responded 200 in 7.3543 ms
2026-07-28 11:49:30.994 -07:00 [INF] HTTP POST /api/v1/ads/019f6751-9589-76dd-a1a8-4c3bf2cfc076/impression responded 200 in 7.3405 ms
2026-07-28 11:49:31.240 -07:00 [INF] HTTP OPTIONS /api/v1/ads/019f6751-958b-7d8a-a9a6-0f853bb35f0f/impression responded 204 in 0.0408 ms
2026-07-28 11:49:31.246 -07:00 [INF] HTTP POST /api/v1/ads/019f6751-958b-7d8a-a9a6-0f853bb35f0f/impression responded 200 in 5.2205 ms
2026-07-28 11:49:35.210 -07:00 [INF] HTTP OPTIONS /api/v1/ads/019f6751-9586-79ca-a9e4-063106266335/impression responded 204 in 0.2467 ms
2026-07-28 11:49:35.213 -07:00 [INF] HTTP OPTIONS /api/v1/ads/019f6751-9588-7e1c-b138-098134567940/impression responded 204 in 0.4429 ms
2026-07-28 11:49:35.300 -07:00 [INF] HTTP POST /api/v1/ads/019f6751-9588-7e1c-b138-098134567940/impression responded 200 in 71.3620 ms
2026-07-28 11:49:35.301 -07:00 [INF] HTTP POST /api/v1/ads/019f6751-9586-79ca-a9e4-063106266335/impression responded 200 in 72.6425 ms
2026-07-28 11:49:35.440 -07:00 [INF] HTTP OPTIONS /api/v1/ads/019f6751-958a-7a15-a575-98aaa0e56c88/impression responded 204 in 0.0313 ms
2026-07-28 11:49:35.447 -07:00 [INF] HTTP POST /api/v1/ads/019f6751-958a-7a15-a575-98aaa0e56c88/impression responded 200 in 5.5520 ms
2026-07-28 11:49:39.381 -07:00 [INF] HTTP OPTIONS /api/v1/ads/019f6751-956b-7a5e-b9d8-0ef3c1dcd66d/impression responded 204 in 0.0500 ms
2026-07-28 11:49:39.381 -07:00 [INF] HTTP OPTIONS /api/v1/ads/019f6751-9589-76dd-a1a8-4c3bf2cfc076/impression responded 204 in 0.0114 ms
2026-07-28 11:49:39.388 -07:00 [INF] HTTP POST /api/v1/ads/019f6751-956b-7a5e-b9d8-0ef3c1dcd66d/impression responded 200 in 5.5074 ms
2026-07-28 11:49:39.388 -07:00 [INF] HTTP POST /api/v1/ads/019f6751-9589-76dd-a1a8-4c3bf2cfc076/impression responded 200 in 5.4860 ms
2026-07-28 11:49:39.640 -07:00 [INF] HTTP OPTIONS /api/v1/ads/019f6751-958b-7d8a-a9a6-0f853bb35f0f/impression responded 204 in 0.1825 ms
2026-07-28 11:49:39.650 -07:00 [INF] HTTP POST /api/v1/ads/019f6751-958b-7d8a-a9a6-0f853bb35f0f/impression responded 200 in 7.8604 ms
2026-07-28 11:49:43.591 -07:00 [INF] HTTP OPTIONS /api/v1/ads/019f6751-9588-7e1c-b138-098134567940/impression responded 204 in 0.2968 ms
2026-07-28 11:49:43.591 -07:00 [INF] HTTP OPTIONS /api/v1/ads/019f6751-9586-79ca-a9e4-063106266335/impression responded 204 in 0.2967 ms
2026-07-28 11:49:43.611 -07:00 [INF] HTTP POST /api/v1/ads/019f6751-9588-7e1c-b138-098134567940/impression responded 200 in 17.3600 ms
2026-07-28 11:49:43.611 -07:00 [INF] HTTP POST /api/v1/ads/019f6751-9586-79ca-a9e4-063106266335/impression responded 200 in 16.4545 ms
2026-07-28 11:49:43.841 -07:00 [INF] HTTP OPTIONS /api/v1/ads/019f6751-958a-7a15-a575-98aaa0e56c88/impression responded 204 in 0.0633 ms
2026-07-28 11:49:43.846 -07:00 [INF] HTTP POST /api/v1/ads/019f6751-958a-7a15-a575-98aaa0e56c88/impression responded 200 in 4.2114 ms
2026-07-28 11:49:47.785 -07:00 [INF] HTTP OPTIONS /api/v1/ads/019f6751-956b-7a5e-b9d8-0ef3c1dcd66d/impression responded 204 in 0.1256 ms
2026-07-28 11:49:47.786 -07:00 [INF] HTTP OPTIONS /api/v1/ads/019f6751-9589-76dd-a1a8-4c3bf2cfc076/impression responded 204 in 0.7513 ms
2026-07-28 11:49:47.794 -07:00 [INF] HTTP POST /api/v1/ads/019f6751-956b-7a5e-b9d8-0ef3c1dcd66d/impression responded 200 in 5.8516 ms
2026-07-28 11:49:47.794 -07:00 [INF] HTTP POST /api/v1/ads/019f6751-9589-76dd-a1a8-4c3bf2cfc076/impression responded 200 in 6.1668 ms
2026-07-28 11:49:48.045 -07:00 [INF] HTTP OPTIONS /api/v1/ads/019f6751-958b-7d8a-a9a6-0f853bb35f0f/impression responded 204 in 0.0493 ms
2026-07-28 11:49:48.070 -07:00 [INF] HTTP POST /api/v1/ads/019f6751-958b-7d8a-a9a6-0f853bb35f0f/impression responded 200 in 19.0553 ms
2026-07-28 11:49:51.985 -07:00 [INF] HTTP OPTIONS /api/v1/ads/019f6751-9588-7e1c-b138-098134567940/impression responded 204 in 0.0867 ms
2026-07-28 11:49:51.985 -07:00 [INF] HTTP OPTIONS /api/v1/ads/019f6751-9586-79ca-a9e4-063106266335/impression responded 204 in 0.1788 ms
2026-07-28 11:49:51.995 -07:00 [INF] HTTP POST /api/v1/ads/019f6751-9588-7e1c-b138-098134567940/impression responded 200 in 7.1040 ms
2026-07-28 11:49:51.995 -07:00 [INF] HTTP POST /api/v1/ads/019f6751-9586-79ca-a9e4-063106266335/impression responded 200 in 6.7685 ms
2026-07-28 11:49:52.248 -07:00 [INF] HTTP OPTIONS /api/v1/ads/019f6751-958a-7a15-a575-98aaa0e56c88/impression responded 204 in 0.0359 ms
2026-07-28 11:49:52.256 -07:00 [INF] HTTP POST /api/v1/ads/019f6751-958a-7a15-a575-98aaa0e56c88/impression responded 200 in 7.0581 ms
2026-07-28 11:49:56.186 -07:00 [INF] HTTP OPTIONS /api/v1/ads/019f6751-956b-7a5e-b9d8-0ef3c1dcd66d/impression responded 204 in 0.0694 ms
2026-07-28 11:49:56.186 -07:00 [INF] HTTP OPTIONS /api/v1/ads/019f6751-9589-76dd-a1a8-4c3bf2cfc076/impression responded 204 in 0.0757 ms
2026-07-28 11:49:56.200 -07:00 [INF] HTTP POST /api/v1/ads/019f6751-956b-7a5e-b9d8-0ef3c1dcd66d/impression responded 200 in 11.4195 ms
2026-07-28 11:49:56.200 -07:00 [INF] HTTP POST /api/v1/ads/019f6751-9589-76dd-a1a8-4c3bf2cfc076/impression responded 200 in 11.5699 ms
2026-07-28 11:49:56.440 -07:00 [INF] HTTP OPTIONS /api/v1/ads/019f6751-958b-7d8a-a9a6-0f853bb35f0f/impression responded 204 in 0.0305 ms
2026-07-28 11:49:56.445 -07:00 [INF] HTTP POST /api/v1/ads/019f6751-958b-7d8a-a9a6-0f853bb35f0f/impression responded 200 in 3.7098 ms
2026-07-28 11:50:00.398 -07:00 [INF] HTTP OPTIONS /api/v1/ads/019f6751-9586-79ca-a9e4-063106266335/impression responded 204 in 0.7746 ms
2026-07-28 11:50:00.398 -07:00 [INF] HTTP OPTIONS /api/v1/ads/019f6751-9588-7e1c-b138-098134567940/impression responded 204 in 0.7321 ms
2026-07-28 11:50:00.412 -07:00 [INF] HTTP POST /api/v1/ads/019f6751-9586-79ca-a9e4-063106266335/impression responded 200 in 11.7310 ms
2026-07-28 11:50:00.412 -07:00 [INF] HTTP POST /api/v1/ads/019f6751-9588-7e1c-b138-098134567940/impression responded 200 in 11.7805 ms
2026-07-28 11:50:00.640 -07:00 [INF] HTTP OPTIONS /api/v1/ads/019f6751-958a-7a15-a575-98aaa0e56c88/impression responded 204 in 0.0479 ms
2026-07-28 11:50:00.646 -07:00 [INF] HTTP POST /api/v1/ads/019f6751-958a-7a15-a575-98aaa0e56c88/impression responded 200 in 4.6711 ms
2026-07-28 11:50:04.591 -07:00 [INF] HTTP OPTIONS /api/v1/ads/019f6751-956b-7a5e-b9d8-0ef3c1dcd66d/impression responded 204 in 0.0886 ms
2026-07-28 11:50:04.591 -07:00 [INF] HTTP OPTIONS /api/v1/ads/019f6751-9589-76dd-a1a8-4c3bf2cfc076/impression responded 204 in 0.0893 ms
2026-07-28 11:50:04.611 -07:00 [INF] HTTP POST /api/v1/ads/019f6751-9589-76dd-a1a8-4c3bf2cfc076/impression responded 200 in 17.4533 ms
2026-07-28 11:50:04.612 -07:00 [INF] HTTP POST /api/v1/ads/019f6751-956b-7a5e-b9d8-0ef3c1dcd66d/impression responded 200 in 17.9750 ms
2026-07-28 11:50:04.840 -07:00 [INF] HTTP OPTIONS /api/v1/ads/019f6751-958b-7d8a-a9a6-0f853bb35f0f/impression responded 204 in 0.0323 ms
2026-07-28 11:50:04.844 -07:00 [INF] HTTP POST /api/v1/ads/019f6751-958b-7d8a-a9a6-0f853bb35f0f/impression responded 200 in 3.0816 ms
2026-07-28 11:50:08.787 -07:00 [INF] HTTP OPTIONS /api/v1/ads/019f6751-9586-79ca-a9e4-063106266335/impression responded 204 in 0.2225 ms
2026-07-28 11:50:08.790 -07:00 [INF] HTTP OPTIONS /api/v1/ads/019f6751-9588-7e1c-b138-098134567940/impression responded 204 in 0.1128 ms
2026-07-28 11:50:08.807 -07:00 [INF] HTTP POST /api/v1/ads/019f6751-9586-79ca-a9e4-063106266335/impression responded 200 in 16.4465 ms
2026-07-28 11:50:08.808 -07:00 [INF] HTTP POST /api/v1/ads/019f6751-9588-7e1c-b138-098134567940/impression responded 200 in 16.1517 ms
2026-07-28 11:50:09.043 -07:00 [INF] HTTP OPTIONS /api/v1/ads/019f6751-958a-7a15-a575-98aaa0e56c88/impression responded 204 in 0.0521 ms
2026-07-28 11:50:09.062 -07:00 [INF] HTTP POST /api/v1/ads/019f6751-958a-7a15-a575-98aaa0e56c88/impression responded 200 in 18.5802 ms
2026-07-28 11:50:12.989 -07:00 [INF] HTTP OPTIONS /api/v1/ads/019f6751-9589-76dd-a1a8-4c3bf2cfc076/impression responded 204 in 0.6033 ms
2026-07-28 11:50:12.989 -07:00 [INF] HTTP OPTIONS /api/v1/ads/019f6751-956b-7a5e-b9d8-0ef3c1dcd66d/impression responded 204 in 0.6035 ms
2026-07-28 11:50:13.033 -07:00 [INF] HTTP POST /api/v1/ads/019f6751-9589-76dd-a1a8-4c3bf2cfc076/impression responded 200 in 32.2425 ms
2026-07-28 11:50:13.035 -07:00 [INF] HTTP POST /api/v1/ads/019f6751-956b-7a5e-b9d8-0ef3c1dcd66d/impression responded 200 in 33.8540 ms
2026-07-28 11:50:13.240 -07:00 [INF] HTTP OPTIONS /api/v1/ads/019f6751-958b-7d8a-a9a6-0f853bb35f0f/impression responded 204 in 0.0367 ms
2026-07-28 11:50:13.246 -07:00 [INF] HTTP POST /api/v1/ads/019f6751-958b-7d8a-a9a6-0f853bb35f0f/impression responded 200 in 4.4865 ms
2026-07-28 11:50:17.181 -07:00 [INF] HTTP OPTIONS /api/v1/ads/019f6751-9586-79ca-a9e4-063106266335/impression responded 204 in 0.0460 ms
2026-07-28 11:50:17.181 -07:00 [INF] HTTP OPTIONS /api/v1/ads/019f6751-9588-7e1c-b138-098134567940/impression responded 204 in 0.0338 ms
2026-07-28 11:50:17.189 -07:00 [INF] HTTP POST /api/v1/ads/019f6751-9586-79ca-a9e4-063106266335/impression responded 200 in 6.4445 ms
2026-07-28 11:50:17.189 -07:00 [INF] HTTP POST /api/v1/ads/019f6751-9588-7e1c-b138-098134567940/impression responded 200 in 6.4925 ms
2026-07-28 11:50:17.441 -07:00 [INF] HTTP OPTIONS /api/v1/ads/019f6751-958a-7a15-a575-98aaa0e56c88/impression responded 204 in 0.0563 ms
2026-07-28 11:50:17.445 -07:00 [INF] HTTP POST /api/v1/ads/019f6751-958a-7a15-a575-98aaa0e56c88/impression responded 200 in 3.2876 ms
2026-07-28 11:50:21.385 -07:00 [INF] HTTP OPTIONS /api/v1/ads/019f6751-9589-76dd-a1a8-4c3bf2cfc076/impression responded 204 in 0.0890 ms
2026-07-28 11:50:21.385 -07:00 [INF] HTTP OPTIONS /api/v1/ads/019f6751-956b-7a5e-b9d8-0ef3c1dcd66d/impression responded 204 in 0.0852 ms
2026-07-28 11:50:21.397 -07:00 [INF] HTTP POST /api/v1/ads/019f6751-9589-76dd-a1a8-4c3bf2cfc076/impression responded 200 in 8.3007 ms
2026-07-28 11:50:21.397 -07:00 [INF] HTTP POST /api/v1/ads/019f6751-956b-7a5e-b9d8-0ef3c1dcd66d/impression responded 200 in 8.3308 ms
2026-07-28 11:50:21.644 -07:00 [INF] HTTP OPTIONS /api/v1/ads/019f6751-958b-7d8a-a9a6-0f853bb35f0f/impression responded 204 in 0.2000 ms
2026-07-28 11:50:21.655 -07:00 [INF] HTTP POST /api/v1/ads/019f6751-958b-7d8a-a9a6-0f853bb35f0f/impression responded 200 in 8.5418 ms
2026-07-28 11:50:25.580 -07:00 [INF] HTTP OPTIONS /api/v1/ads/019f6751-9586-79ca-a9e4-063106266335/impression responded 204 in 0.0540 ms
2026-07-28 11:50:25.581 -07:00 [INF] HTTP OPTIONS /api/v1/ads/019f6751-9588-7e1c-b138-098134567940/impression responded 204 in 0.0208 ms
2026-07-28 11:50:25.587 -07:00 [INF] HTTP POST /api/v1/ads/019f6751-9586-79ca-a9e4-063106266335/impression responded 200 in 4.7645 ms
2026-07-28 11:50:25.587 -07:00 [INF] HTTP POST /api/v1/ads/019f6751-9588-7e1c-b138-098134567940/impression responded 200 in 4.6170 ms
2026-07-28 11:50:25.840 -07:00 [INF] HTTP OPTIONS /api/v1/ads/019f6751-958a-7a15-a575-98aaa0e56c88/impression responded 204 in 0.0710 ms
2026-07-28 11:50:25.846 -07:00 [INF] HTTP POST /api/v1/ads/019f6751-958a-7a15-a575-98aaa0e56c88/impression responded 200 in 4.6534 ms
2026-07-28 11:50:29.780 -07:00 [INF] HTTP OPTIONS /api/v1/ads/019f6751-956b-7a5e-b9d8-0ef3c1dcd66d/impression responded 204 in 0.0582 ms
2026-07-28 11:50:29.780 -07:00 [INF] HTTP OPTIONS /api/v1/ads/019f6751-9589-76dd-a1a8-4c3bf2cfc076/impression responded 204 in 0.0639 ms
2026-07-28 11:50:29.788 -07:00 [INF] HTTP POST /api/v1/ads/019f6751-9589-76dd-a1a8-4c3bf2cfc076/impression responded 200 in 2.9158 ms
2026-07-28 11:50:29.788 -07:00 [INF] HTTP POST /api/v1/ads/019f6751-956b-7a5e-b9d8-0ef3c1dcd66d/impression responded 200 in 3.9889 ms
2026-07-28 11:50:30.040 -07:00 [INF] HTTP OPTIONS /api/v1/ads/019f6751-958b-7d8a-a9a6-0f853bb35f0f/impression responded 204 in 0.0337 ms
2026-07-28 11:50:30.044 -07:00 [INF] HTTP POST /api/v1/ads/019f6751-958b-7d8a-a9a6-0f853bb35f0f/impression responded 200 in 2.8630 ms
2026-07-28 11:50:33.982 -07:00 [INF] HTTP OPTIONS /api/v1/ads/019f6751-9588-7e1c-b138-098134567940/impression responded 204 in 0.0551 ms
2026-07-28 11:50:33.982 -07:00 [INF] HTTP OPTIONS /api/v1/ads/019f6751-9586-79ca-a9e4-063106266335/impression responded 204 in 0.0958 ms
2026-07-28 11:50:33.998 -07:00 [INF] HTTP POST /api/v1/ads/019f6751-9586-79ca-a9e4-063106266335/impression responded 200 in 6.2585 ms
2026-07-28 11:50:33.999 -07:00 [INF] HTTP POST /api/v1/ads/019f6751-9588-7e1c-b138-098134567940/impression responded 200 in 5.8051 ms
2026-07-28 11:50:34.241 -07:00 [INF] HTTP OPTIONS /api/v1/ads/019f6751-958a-7a15-a575-98aaa0e56c88/impression responded 204 in 0.0860 ms
2026-07-28 11:50:34.249 -07:00 [INF] HTTP POST /api/v1/ads/019f6751-958a-7a15-a575-98aaa0e56c88/impression responded 200 in 6.2211 ms
2026-07-28 11:50:38.180 -07:00 [INF] HTTP OPTIONS /api/v1/ads/019f6751-956b-7a5e-b9d8-0ef3c1dcd66d/impression responded 204 in 0.0700 ms
2026-07-28 11:50:38.180 -07:00 [INF] HTTP OPTIONS /api/v1/ads/019f6751-9589-76dd-a1a8-4c3bf2cfc076/impression responded 204 in 0.0132 ms
2026-07-28 11:50:38.199 -07:00 [INF] HTTP POST /api/v1/ads/019f6751-956b-7a5e-b9d8-0ef3c1dcd66d/impression responded 200 in 16.0278 ms
2026-07-28 11:50:38.199 -07:00 [INF] HTTP POST /api/v1/ads/019f6751-9589-76dd-a1a8-4c3bf2cfc076/impression responded 200 in 16.0258 ms
2026-07-28 11:50:38.442 -07:00 [INF] HTTP OPTIONS /api/v1/ads/019f6751-958b-7d8a-a9a6-0f853bb35f0f/impression responded 204 in 0.0499 ms
2026-07-28 11:50:38.458 -07:00 [INF] HTTP POST /api/v1/ads/019f6751-958b-7d8a-a9a6-0f853bb35f0f/impression responded 200 in 14.2790 ms
2026-07-28 11:50:42.382 -07:00 [INF] HTTP OPTIONS /api/v1/ads/019f6751-9588-7e1c-b138-098134567940/impression responded 204 in 0.2233 ms
2026-07-28 11:50:42.382 -07:00 [INF] HTTP OPTIONS /api/v1/ads/019f6751-9586-79ca-a9e4-063106266335/impression responded 204 in 0.1071 ms
2026-07-28 11:50:42.402 -07:00 [INF] HTTP POST /api/v1/ads/019f6751-9588-7e1c-b138-098134567940/impression responded 200 in 9.6691 ms
2026-07-28 11:50:42.403 -07:00 [INF] HTTP POST /api/v1/ads/019f6751-9586-79ca-a9e4-063106266335/impression responded 200 in 9.9579 ms
2026-07-28 11:50:42.640 -07:00 [INF] HTTP OPTIONS /api/v1/ads/019f6751-958a-7a15-a575-98aaa0e56c88/impression responded 204 in 0.0317 ms
2026-07-28 11:50:42.644 -07:00 [INF] HTTP POST /api/v1/ads/019f6751-958a-7a15-a575-98aaa0e56c88/impression responded 200 in 3.0221 ms
2026-07-28 11:50:46.587 -07:00 [INF] HTTP OPTIONS /api/v1/ads/019f6751-956b-7a5e-b9d8-0ef3c1dcd66d/impression responded 204 in 0.0343 ms
2026-07-28 11:50:46.588 -07:00 [INF] HTTP OPTIONS /api/v1/ads/019f6751-9589-76dd-a1a8-4c3bf2cfc076/impression responded 204 in 0.0079 ms
2026-07-28 11:50:46.598 -07:00 [INF] HTTP POST /api/v1/ads/019f6751-956b-7a5e-b9d8-0ef3c1dcd66d/impression responded 200 in 9.9938 ms
2026-07-28 11:50:46.599 -07:00 [INF] HTTP POST /api/v1/ads/019f6751-9589-76dd-a1a8-4c3bf2cfc076/impression responded 200 in 10.1890 ms
2026-07-28 11:50:46.847 -07:00 [INF] HTTP OPTIONS /api/v1/ads/019f6751-958b-7d8a-a9a6-0f853bb35f0f/impression responded 204 in 0.0332 ms
2026-07-28 11:50:46.853 -07:00 [INF] HTTP POST /api/v1/ads/019f6751-958b-7d8a-a9a6-0f853bb35f0f/impression responded 200 in 5.1797 ms
2026-07-28 11:50:50.790 -07:00 [INF] HTTP OPTIONS /api/v1/ads/019f6751-9586-79ca-a9e4-063106266335/impression responded 204 in 0.2153 ms
2026-07-28 11:50:50.790 -07:00 [INF] HTTP OPTIONS /api/v1/ads/019f6751-9588-7e1c-b138-098134567940/impression responded 204 in 0.2153 ms
2026-07-28 11:50:50.808 -07:00 [INF] HTTP POST /api/v1/ads/019f6751-9588-7e1c-b138-098134567940/impression responded 200 in 16.7083 ms
2026-07-28 11:50:50.808 -07:00 [INF] HTTP POST /api/v1/ads/019f6751-9586-79ca-a9e4-063106266335/impression responded 200 in 16.7180 ms
2026-07-28 11:50:51.042 -07:00 [INF] HTTP OPTIONS /api/v1/ads/019f6751-958a-7a15-a575-98aaa0e56c88/impression responded 204 in 0.0555 ms
2026-07-28 11:50:51.054 -07:00 [INF] HTTP POST /api/v1/ads/019f6751-958a-7a15-a575-98aaa0e56c88/impression responded 200 in 5.3530 ms
2026-07-28 11:50:55.003 -07:00 [INF] HTTP OPTIONS /api/v1/ads/019f6751-956b-7a5e-b9d8-0ef3c1dcd66d/impression responded 204 in 1.0851 ms
2026-07-28 11:50:55.003 -07:00 [INF] HTTP OPTIONS /api/v1/ads/019f6751-9589-76dd-a1a8-4c3bf2cfc076/impression responded 204 in 1.0716 ms
2026-07-28 11:50:55.140 -07:00 [INF] HTTP POST /api/v1/ads/019f6751-9589-76dd-a1a8-4c3bf2cfc076/impression responded 200 in 130.4450 ms
2026-07-28 11:50:55.141 -07:00 [INF] HTTP POST /api/v1/ads/019f6751-956b-7a5e-b9d8-0ef3c1dcd66d/impression responded 200 in 130.4249 ms
2026-07-28 11:50:55.241 -07:00 [INF] HTTP OPTIONS /api/v1/ads/019f6751-958b-7d8a-a9a6-0f853bb35f0f/impression responded 204 in 0.0322 ms
2026-07-28 11:50:55.245 -07:00 [INF] HTTP POST /api/v1/ads/019f6751-958b-7d8a-a9a6-0f853bb35f0f/impression responded 200 in 3.2511 ms
2026-07-28 11:50:59.213 -07:00 [INF] HTTP OPTIONS /api/v1/ads/019f6751-9586-79ca-a9e4-063106266335/impression responded 204 in 0.0872 ms
2026-07-28 11:50:59.213 -07:00 [INF] HTTP OPTIONS /api/v1/ads/019f6751-9588-7e1c-b138-098134567940/impression responded 204 in 0.0567 ms
2026-07-28 11:50:59.223 -07:00 [INF] HTTP POST /api/v1/ads/019f6751-9588-7e1c-b138-098134567940/impression responded 200 in 8.1146 ms
2026-07-28 11:50:59.223 -07:00 [INF] HTTP POST /api/v1/ads/019f6751-9586-79ca-a9e4-063106266335/impression responded 200 in 8.4197 ms
2026-07-28 11:50:59.447 -07:00 [INF] HTTP OPTIONS /api/v1/ads/019f6751-958a-7a15-a575-98aaa0e56c88/impression responded 204 in 0.0525 ms
2026-07-28 11:50:59.452 -07:00 [INF] HTTP POST /api/v1/ads/019f6751-958a-7a15-a575-98aaa0e56c88/impression responded 200 in 4.2920 ms
2026-07-28 11:51:03.403 -07:00 [INF] HTTP OPTIONS /api/v1/ads/019f6751-956b-7a5e-b9d8-0ef3c1dcd66d/impression responded 204 in 0.1627 ms
2026-07-28 11:51:03.403 -07:00 [INF] HTTP OPTIONS /api/v1/ads/019f6751-9589-76dd-a1a8-4c3bf2cfc076/impression responded 204 in 0.1630 ms
2026-07-28 11:51:03.435 -07:00 [INF] HTTP POST /api/v1/ads/019f6751-9589-76dd-a1a8-4c3bf2cfc076/impression responded 200 in 23.4315 ms
2026-07-28 11:51:03.437 -07:00 [INF] HTTP POST /api/v1/ads/019f6751-956b-7a5e-b9d8-0ef3c1dcd66d/impression responded 200 in 28.9683 ms
2026-07-28 11:51:03.645 -07:00 [INF] HTTP OPTIONS /api/v1/ads/019f6751-958b-7d8a-a9a6-0f853bb35f0f/impression responded 204 in 0.0334 ms
2026-07-28 11:51:03.665 -07:00 [INF] HTTP POST /api/v1/ads/019f6751-958b-7d8a-a9a6-0f853bb35f0f/impression responded 200 in 18.9470 ms
2026-07-28 11:51:07.599 -07:00 [INF] HTTP OPTIONS /api/v1/ads/019f6751-9586-79ca-a9e4-063106266335/impression responded 204 in 0.5649 ms
2026-07-28 11:51:07.599 -07:00 [INF] HTTP OPTIONS /api/v1/ads/019f6751-9588-7e1c-b138-098134567940/impression responded 204 in 0.5825 ms
2026-07-28 11:51:07.629 -07:00 [INF] HTTP POST /api/v1/ads/019f6751-9588-7e1c-b138-098134567940/impression responded 200 in 26.2643 ms
2026-07-28 11:51:07.629 -07:00 [INF] HTTP POST /api/v1/ads/019f6751-9586-79ca-a9e4-063106266335/impression responded 200 in 26.3155 ms
2026-07-28 11:51:07.843 -07:00 [INF] HTTP OPTIONS /api/v1/ads/019f6751-958a-7a15-a575-98aaa0e56c88/impression responded 204 in 0.0526 ms
2026-07-28 11:51:07.856 -07:00 [INF] HTTP POST /api/v1/ads/019f6751-958a-7a15-a575-98aaa0e56c88/impression responded 200 in 9.9525 ms
2026-07-28 11:51:11.786 -07:00 [INF] HTTP OPTIONS /api/v1/ads/019f6751-9589-76dd-a1a8-4c3bf2cfc076/impression responded 204 in 0.1094 ms
2026-07-28 11:51:11.786 -07:00 [INF] HTTP OPTIONS /api/v1/ads/019f6751-956b-7a5e-b9d8-0ef3c1dcd66d/impression responded 204 in 0.1094 ms
2026-07-28 11:51:11.798 -07:00 [INF] HTTP POST /api/v1/ads/019f6751-9589-76dd-a1a8-4c3bf2cfc076/impression responded 200 in 5.6028 ms
2026-07-28 11:51:11.798 -07:00 [INF] HTTP POST /api/v1/ads/019f6751-956b-7a5e-b9d8-0ef3c1dcd66d/impression responded 200 in 5.6024 ms
2026-07-28 11:51:12.044 -07:00 [INF] HTTP OPTIONS /api/v1/ads/019f6751-958b-7d8a-a9a6-0f853bb35f0f/impression responded 204 in 0.1640 ms
2026-07-28 11:51:12.062 -07:00 [INF] HTTP POST /api/v1/ads/019f6751-958b-7d8a-a9a6-0f853bb35f0f/impression responded 200 in 7.5470 ms
2026-07-28 11:51:15.989 -07:00 [INF] HTTP OPTIONS /api/v1/ads/019f6751-9586-79ca-a9e4-063106266335/impression responded 204 in 0.0902 ms
2026-07-28 11:51:15.989 -07:00 [INF] HTTP OPTIONS /api/v1/ads/019f6751-9588-7e1c-b138-098134567940/impression responded 204 in 0.0809 ms
2026-07-28 11:51:15.999 -07:00 [INF] HTTP POST /api/v1/ads/019f6751-9586-79ca-a9e4-063106266335/impression responded 200 in 8.1683 ms
2026-07-28 11:51:15.999 -07:00 [INF] HTTP POST /api/v1/ads/019f6751-9588-7e1c-b138-098134567940/impression responded 200 in 8.0615 ms
2026-07-28 11:51:16.243 -07:00 [INF] HTTP OPTIONS /api/v1/ads/019f6751-958a-7a15-a575-98aaa0e56c88/impression responded 204 in 0.0442 ms
2026-07-28 11:51:16.252 -07:00 [INF] HTTP POST /api/v1/ads/019f6751-958a-7a15-a575-98aaa0e56c88/impression responded 200 in 8.2121 ms
2026-07-28 11:51:20.337 -07:00 [INF] HTTP OPTIONS /api/v1/ads/019f6751-9589-76dd-a1a8-4c3bf2cfc076/impression responded 204 in 1.3252 ms
2026-07-28 11:51:20.337 -07:00 [INF] HTTP OPTIONS /api/v1/ads/019f6751-956b-7a5e-b9d8-0ef3c1dcd66d/impression responded 204 in 1.0242 ms
2026-07-28 11:51:20.503 -07:00 [INF] HTTP POST /api/v1/ads/019f6751-9589-76dd-a1a8-4c3bf2cfc076/impression responded 200 in 136.8703 ms
2026-07-28 11:51:20.504 -07:00 [INF] HTTP POST /api/v1/ads/019f6751-956b-7a5e-b9d8-0ef3c1dcd66d/impression responded 200 in 137.1097 ms
2026-07-28 11:51:20.551 -07:00 [INF] HTTP OPTIONS /api/v1/ads/019f6751-958b-7d8a-a9a6-0f853bb35f0f/impression responded 204 in 7.6563 ms
2026-07-28 11:51:20.609 -07:00 [INF] HTTP POST /api/v1/ads/019f6751-958b-7d8a-a9a6-0f853bb35f0f/impression responded 200 in 48.2503 ms
2026-07-28 11:51:24.385 -07:00 [INF] HTTP OPTIONS /api/v1/ads/019f6751-9586-79ca-a9e4-063106266335/impression responded 204 in 0.3251 ms
2026-07-28 11:51:24.385 -07:00 [INF] HTTP OPTIONS /api/v1/ads/019f6751-9588-7e1c-b138-098134567940/impression responded 204 in 0.5509 ms
2026-07-28 11:51:24.406 -07:00 [INF] HTTP POST /api/v1/ads/019f6751-9586-79ca-a9e4-063106266335/impression responded 200 in 14.3947 ms
2026-07-28 11:51:24.410 -07:00 [INF] HTTP POST /api/v1/ads/019f6751-9588-7e1c-b138-098134567940/impression responded 200 in 17.7649 ms
2026-07-28 11:51:24.642 -07:00 [INF] HTTP OPTIONS /api/v1/ads/019f6751-958a-7a15-a575-98aaa0e56c88/impression responded 204 in 0.0608 ms
2026-07-28 11:51:24.659 -07:00 [INF] HTTP POST /api/v1/ads/019f6751-958a-7a15-a575-98aaa0e56c88/impression responded 200 in 16.7493 ms
2026-07-28 11:51:28.585 -07:00 [INF] HTTP OPTIONS /api/v1/ads/019f6751-956b-7a5e-b9d8-0ef3c1dcd66d/impression responded 204 in 0.0531 ms
2026-07-28 11:51:28.586 -07:00 [INF] HTTP OPTIONS /api/v1/ads/019f6751-9589-76dd-a1a8-4c3bf2cfc076/impression responded 204 in 0.0411 ms
2026-07-28 11:51:28.609 -07:00 [INF] HTTP POST /api/v1/ads/019f6751-9589-76dd-a1a8-4c3bf2cfc076/impression responded 200 in 16.3428 ms
2026-07-28 11:51:28.610 -07:00 [INF] HTTP POST /api/v1/ads/019f6751-956b-7a5e-b9d8-0ef3c1dcd66d/impression responded 200 in 16.4539 ms
2026-07-28 11:51:28.842 -07:00 [INF] HTTP OPTIONS /api/v1/ads/019f6751-958b-7d8a-a9a6-0f853bb35f0f/impression responded 204 in 0.0713 ms
2026-07-28 11:51:28.851 -07:00 [INF] HTTP POST /api/v1/ads/019f6751-958b-7d8a-a9a6-0f853bb35f0f/impression responded 200 in 7.8925 ms
2026-07-28 11:51:32.817 -07:00 [INF] HTTP OPTIONS /api/v1/ads/019f6751-9588-7e1c-b138-098134567940/impression responded 204 in 6.7326 ms
2026-07-28 11:51:32.817 -07:00 [INF] HTTP OPTIONS /api/v1/ads/019f6751-9586-79ca-a9e4-063106266335/impression responded 204 in 5.9256 ms
2026-07-28 11:51:32.887 -07:00 [INF] HTTP POST /api/v1/ads/019f6751-9586-79ca-a9e4-063106266335/impression responded 200 in 58.0011 ms
2026-07-28 11:51:32.887 -07:00 [INF] HTTP POST /api/v1/ads/019f6751-9588-7e1c-b138-098134567940/impression responded 200 in 57.2206 ms
2026-07-28 11:51:33.046 -07:00 [INF] HTTP OPTIONS /api/v1/ads/019f6751-958a-7a15-a575-98aaa0e56c88/impression responded 204 in 0.0355 ms
2026-07-28 11:51:33.054 -07:00 [INF] HTTP POST /api/v1/ads/019f6751-958a-7a15-a575-98aaa0e56c88/impression responded 200 in 6.5731 ms
2026-07-28 11:51:36.982 -07:00 [INF] HTTP OPTIONS /api/v1/ads/019f6751-956b-7a5e-b9d8-0ef3c1dcd66d/impression responded 204 in 0.0363 ms
2026-07-28 11:51:36.982 -07:00 [INF] HTTP OPTIONS /api/v1/ads/019f6751-9589-76dd-a1a8-4c3bf2cfc076/impression responded 204 in 0.0311 ms
2026-07-28 11:51:37.015 -07:00 [INF] HTTP POST /api/v1/ads/019f6751-9589-76dd-a1a8-4c3bf2cfc076/impression responded 200 in 22.2447 ms
2026-07-28 11:51:37.015 -07:00 [INF] HTTP POST /api/v1/ads/019f6751-956b-7a5e-b9d8-0ef3c1dcd66d/impression responded 200 in 22.5967 ms
2026-07-28 11:51:37.241 -07:00 [INF] HTTP OPTIONS /api/v1/ads/019f6751-958b-7d8a-a9a6-0f853bb35f0f/impression responded 204 in 0.0407 ms
2026-07-28 11:51:37.248 -07:00 [INF] HTTP POST /api/v1/ads/019f6751-958b-7d8a-a9a6-0f853bb35f0f/impression responded 200 in 5.9847 ms
2026-07-28 11:51:41.191 -07:00 [INF] HTTP OPTIONS /api/v1/ads/019f6751-9586-79ca-a9e4-063106266335/impression responded 204 in 0.0355 ms
2026-07-28 11:51:41.192 -07:00 [INF] HTTP OPTIONS /api/v1/ads/019f6751-9588-7e1c-b138-098134567940/impression responded 204 in 0.0132 ms
2026-07-28 11:51:41.244 -07:00 [INF] HTTP POST /api/v1/ads/019f6751-9588-7e1c-b138-098134567940/impression responded 200 in 44.1744 ms
2026-07-28 11:51:41.247 -07:00 [INF] HTTP POST /api/v1/ads/019f6751-9586-79ca-a9e4-063106266335/impression responded 200 in 46.5436 ms
2026-07-28 11:51:41.446 -07:00 [INF] HTTP OPTIONS /api/v1/ads/019f6751-958a-7a15-a575-98aaa0e56c88/impression responded 204 in 0.0804 ms
2026-07-28 11:51:41.463 -07:00 [INF] HTTP POST /api/v1/ads/019f6751-958a-7a15-a575-98aaa0e56c88/impression responded 200 in 15.1585 ms
2026-07-28 11:51:45.390 -07:00 [INF] HTTP OPTIONS /api/v1/ads/019f6751-9589-76dd-a1a8-4c3bf2cfc076/impression responded 204 in 0.3429 ms
2026-07-28 11:51:45.390 -07:00 [INF] HTTP OPTIONS /api/v1/ads/019f6751-956b-7a5e-b9d8-0ef3c1dcd66d/impression responded 204 in 0.3431 ms
2026-07-28 11:51:45.408 -07:00 [INF] HTTP POST /api/v1/ads/019f6751-9589-76dd-a1a8-4c3bf2cfc076/impression responded 200 in 15.5546 ms
2026-07-28 11:51:45.411 -07:00 [INF] HTTP POST /api/v1/ads/019f6751-956b-7a5e-b9d8-0ef3c1dcd66d/impression responded 200 in 17.9130 ms
2026-07-28 11:51:45.642 -07:00 [INF] HTTP OPTIONS /api/v1/ads/019f6751-958b-7d8a-a9a6-0f853bb35f0f/impression responded 204 in 0.1411 ms
2026-07-28 11:51:45.651 -07:00 [INF] HTTP POST /api/v1/ads/019f6751-958b-7d8a-a9a6-0f853bb35f0f/impression responded 200 in 7.2625 ms
2026-07-28 11:51:49.594 -07:00 [INF] HTTP OPTIONS /api/v1/ads/019f6751-9586-79ca-a9e4-063106266335/impression responded 204 in 0.0400 ms
2026-07-28 11:51:49.594 -07:00 [INF] HTTP OPTIONS /api/v1/ads/019f6751-9588-7e1c-b138-098134567940/impression responded 204 in 0.0260 ms
2026-07-28 11:51:49.613 -07:00 [INF] HTTP POST /api/v1/ads/019f6751-9588-7e1c-b138-098134567940/impression responded 200 in 12.9600 ms
2026-07-28 11:51:49.614 -07:00 [INF] HTTP POST /api/v1/ads/019f6751-9586-79ca-a9e4-063106266335/impression responded 200 in 11.1169 ms
2026-07-28 11:51:49.841 -07:00 [INF] HTTP OPTIONS /api/v1/ads/019f6751-958a-7a15-a575-98aaa0e56c88/impression responded 204 in 0.1590 ms
2026-07-28 11:51:49.849 -07:00 [INF] HTTP POST /api/v1/ads/019f6751-958a-7a15-a575-98aaa0e56c88/impression responded 200 in 4.1395 ms
2026-07-28 11:51:53.802 -07:00 [INF] HTTP OPTIONS /api/v1/ads/019f6751-956b-7a5e-b9d8-0ef3c1dcd66d/impression responded 204 in 0.5821 ms
2026-07-28 11:51:53.802 -07:00 [INF] HTTP OPTIONS /api/v1/ads/019f6751-9589-76dd-a1a8-4c3bf2cfc076/impression responded 204 in 0.5820 ms
2026-07-28 11:51:53.851 -07:00 [INF] HTTP POST /api/v1/ads/019f6751-9589-76dd-a1a8-4c3bf2cfc076/impression responded 200 in 45.2291 ms
2026-07-28 11:51:53.851 -07:00 [INF] HTTP POST /api/v1/ads/019f6751-956b-7a5e-b9d8-0ef3c1dcd66d/impression responded 200 in 45.8558 ms
2026-07-28 11:51:54.041 -07:00 [INF] HTTP OPTIONS /api/v1/ads/019f6751-958b-7d8a-a9a6-0f853bb35f0f/impression responded 204 in 0.0325 ms
2026-07-28 11:51:54.105 -07:00 [INF] HTTP POST /api/v1/ads/019f6751-958b-7d8a-a9a6-0f853bb35f0f/impression responded 200 in 63.4357 ms
2026-07-28 11:51:57.987 -07:00 [INF] HTTP OPTIONS /api/v1/ads/019f6751-9586-79ca-a9e4-063106266335/impression responded 204 in 0.1623 ms
2026-07-28 11:51:57.987 -07:00 [INF] HTTP OPTIONS /api/v1/ads/019f6751-9588-7e1c-b138-098134567940/impression responded 204 in 0.1621 ms
2026-07-28 11:51:58.023 -07:00 [INF] HTTP POST /api/v1/ads/019f6751-9586-79ca-a9e4-063106266335/impression responded 200 in 32.8456 ms
2026-07-28 11:51:58.073 -07:00 [INF] HTTP POST /api/v1/ads/019f6751-9588-7e1c-b138-098134567940/impression responded 200 in 83.0040 ms
2026-07-28 11:51:58.242 -07:00 [INF] HTTP OPTIONS /api/v1/ads/019f6751-958a-7a15-a575-98aaa0e56c88/impression responded 204 in 0.0314 ms
2026-07-28 11:51:58.253 -07:00 [INF] HTTP POST /api/v1/ads/019f6751-958a-7a15-a575-98aaa0e56c88/impression responded 200 in 10.2133 ms
2026-07-28 11:52:02.187 -07:00 [INF] HTTP OPTIONS /api/v1/ads/019f6751-9589-76dd-a1a8-4c3bf2cfc076/impression responded 204 in 0.0701 ms
2026-07-28 11:52:02.187 -07:00 [INF] HTTP OPTIONS /api/v1/ads/019f6751-956b-7a5e-b9d8-0ef3c1dcd66d/impression responded 204 in 0.0700 ms
2026-07-28 11:52:02.202 -07:00 [INF] HTTP POST /api/v1/ads/019f6751-9589-76dd-a1a8-4c3bf2cfc076/impression responded 200 in 9.8240 ms
2026-07-28 11:52:02.202 -07:00 [INF] HTTP POST /api/v1/ads/019f6751-956b-7a5e-b9d8-0ef3c1dcd66d/impression responded 200 in 10.3310 ms
2026-07-28 11:52:02.442 -07:00 [INF] HTTP OPTIONS /api/v1/ads/019f6751-958b-7d8a-a9a6-0f853bb35f0f/impression responded 204 in 0.1345 ms
2026-07-28 11:52:02.452 -07:00 [INF] HTTP POST /api/v1/ads/019f6751-958b-7d8a-a9a6-0f853bb35f0f/impression responded 200 in 8.0533 ms
2026-07-28 11:52:06.382 -07:00 [INF] HTTP OPTIONS /api/v1/ads/019f6751-9586-79ca-a9e4-063106266335/impression responded 204 in 0.0524 ms
2026-07-28 11:52:06.382 -07:00 [INF] HTTP OPTIONS /api/v1/ads/019f6751-9588-7e1c-b138-098134567940/impression responded 204 in 0.0524 ms
2026-07-28 11:52:06.393 -07:00 [INF] HTTP POST /api/v1/ads/019f6751-9586-79ca-a9e4-063106266335/impression responded 200 in 8.6722 ms
2026-07-28 11:52:06.393 -07:00 [INF] HTTP POST /api/v1/ads/019f6751-9588-7e1c-b138-098134567940/impression responded 200 in 9.8634 ms
2026-07-28 11:52:06.645 -07:00 [INF] HTTP OPTIONS /api/v1/ads/019f6751-958a-7a15-a575-98aaa0e56c88/impression responded 204 in 0.3032 ms
2026-07-28 11:52:06.661 -07:00 [INF] HTTP POST /api/v1/ads/019f6751-958a-7a15-a575-98aaa0e56c88/impression responded 200 in 14.1240 ms
2026-07-28 11:52:10.585 -07:00 [INF] HTTP OPTIONS /api/v1/ads/019f6751-9589-76dd-a1a8-4c3bf2cfc076/impression responded 204 in 0.1833 ms
2026-07-28 11:52:10.585 -07:00 [INF] HTTP OPTIONS /api/v1/ads/019f6751-956b-7a5e-b9d8-0ef3c1dcd66d/impression responded 204 in 0.1825 ms
2026-07-28 11:52:10.633 -07:00 [INF] HTTP POST /api/v1/ads/019f6751-956b-7a5e-b9d8-0ef3c1dcd66d/impression responded 200 in 41.4081 ms
2026-07-28 11:52:10.633 -07:00 [INF] HTTP POST /api/v1/ads/019f6751-9589-76dd-a1a8-4c3bf2cfc076/impression responded 200 in 41.4648 ms
2026-07-28 11:52:10.841 -07:00 [INF] HTTP OPTIONS /api/v1/ads/019f6751-958b-7d8a-a9a6-0f853bb35f0f/impression responded 204 in 0.0345 ms
2026-07-28 11:52:10.850 -07:00 [INF] HTTP POST /api/v1/ads/019f6751-958b-7d8a-a9a6-0f853bb35f0f/impression responded 200 in 6.2290 ms
2026-07-28 11:52:14.782 -07:00 [INF] HTTP OPTIONS /api/v1/ads/019f6751-9586-79ca-a9e4-063106266335/impression responded 204 in 0.0528 ms
2026-07-28 11:52:14.783 -07:00 [INF] HTTP OPTIONS /api/v1/ads/019f6751-9588-7e1c-b138-098134567940/impression responded 204 in 0.0077 ms
2026-07-28 11:52:14.818 -07:00 [INF] HTTP POST /api/v1/ads/019f6751-9588-7e1c-b138-098134567940/impression responded 200 in 33.6358 ms
2026-07-28 11:52:14.830 -07:00 [INF] HTTP POST /api/v1/ads/019f6751-9586-79ca-a9e4-063106266335/impression responded 200 in 45.7657 ms
2026-07-28 11:52:15.046 -07:00 [INF] HTTP OPTIONS /api/v1/ads/019f6751-958a-7a15-a575-98aaa0e56c88/impression responded 204 in 0.1143 ms
2026-07-28 11:52:15.053 -07:00 [INF] HTTP POST /api/v1/ads/019f6751-958a-7a15-a575-98aaa0e56c88/impression responded 200 in 5.9681 ms
2026-07-28 11:52:19.000 -07:00 [INF] HTTP OPTIONS /api/v1/ads/019f6751-956b-7a5e-b9d8-0ef3c1dcd66d/impression responded 204 in 0.5254 ms
2026-07-28 11:52:19.000 -07:00 [INF] HTTP OPTIONS /api/v1/ads/019f6751-9589-76dd-a1a8-4c3bf2cfc076/impression responded 204 in 0.5234 ms
2026-07-28 11:52:19.021 -07:00 [INF] HTTP POST /api/v1/ads/019f6751-956b-7a5e-b9d8-0ef3c1dcd66d/impression responded 200 in 16.1622 ms
2026-07-28 11:52:19.021 -07:00 [INF] HTTP POST /api/v1/ads/019f6751-9589-76dd-a1a8-4c3bf2cfc076/impression responded 200 in 16.5295 ms
2026-07-28 11:52:19.242 -07:00 [INF] HTTP OPTIONS /api/v1/ads/019f6751-958b-7d8a-a9a6-0f853bb35f0f/impression responded 204 in 0.0314 ms
2026-07-28 11:52:19.265 -07:00 [INF] HTTP POST /api/v1/ads/019f6751-958b-7d8a-a9a6-0f853bb35f0f/impression responded 200 in 16.9323 ms
2026-07-28 11:52:23.201 -07:00 [INF] HTTP OPTIONS /api/v1/ads/019f6751-9588-7e1c-b138-098134567940/impression responded 204 in 0.6559 ms
2026-07-28 11:52:23.201 -07:00 [INF] HTTP OPTIONS /api/v1/ads/019f6751-9586-79ca-a9e4-063106266335/impression responded 204 in 0.6530 ms
2026-07-28 11:52:23.252 -07:00 [INF] HTTP POST /api/v1/ads/019f6751-9588-7e1c-b138-098134567940/impression responded 200 in 47.5786 ms
2026-07-28 11:52:23.252 -07:00 [INF] HTTP POST /api/v1/ads/019f6751-9586-79ca-a9e4-063106266335/impression responded 200 in 47.5979 ms
2026-07-28 11:52:24.153 -07:00 [INF] HTTP OPTIONS /api/v1/ads/019f6751-958a-7a15-a575-98aaa0e56c88/impression responded 204 in 0.0382 ms
2026-07-28 11:52:24.267 -07:00 [INF] HTTP POST /api/v1/ads/019f6751-958a-7a15-a575-98aaa0e56c88/impression responded 200 in 28.7060 ms
2026-07-28 11:52:27.384 -07:00 [INF] HTTP OPTIONS /api/v1/ads/019f6751-956b-7a5e-b9d8-0ef3c1dcd66d/impression responded 204 in 0.1089 ms
2026-07-28 11:52:27.384 -07:00 [INF] HTTP OPTIONS /api/v1/ads/019f6751-9589-76dd-a1a8-4c3bf2cfc076/impression responded 204 in 0.1090 ms
2026-07-28 11:52:27.391 -07:00 [INF] HTTP POST /api/v1/ads/019f6751-956b-7a5e-b9d8-0ef3c1dcd66d/impression responded 200 in 5.1557 ms
2026-07-28 11:52:27.391 -07:00 [INF] HTTP POST /api/v1/ads/019f6751-9589-76dd-a1a8-4c3bf2cfc076/impression responded 200 in 4.8630 ms
2026-07-28 11:52:27.644 -07:00 [INF] HTTP OPTIONS /api/v1/ads/019f6751-958b-7d8a-a9a6-0f853bb35f0f/impression responded 204 in 0.7383 ms
2026-07-28 11:52:27.662 -07:00 [INF] HTTP POST /api/v1/ads/019f6751-958b-7d8a-a9a6-0f853bb35f0f/impression responded 200 in 15.6433 ms
2026-07-28 11:55:23.554 -07:00 [INF] HTTP OPTIONS /api/v1/ads/019f6751-9586-79ca-a9e4-063106266335/impression responded 204 in 0.6709 ms
2026-07-28 11:55:23.554 -07:00 [INF] HTTP OPTIONS /api/v1/ads/019f6751-958a-7a15-a575-98aaa0e56c88/impression responded 204 in 0.6680 ms
2026-07-28 11:55:23.554 -07:00 [INF] HTTP OPTIONS /api/v1/ads/019f6751-9588-7e1c-b138-098134567940/impression responded 204 in 0.6707 ms
2026-07-28 11:55:23.574 -07:00 [INF] HTTP POST /api/v1/ads/019f6751-9588-7e1c-b138-098134567940/impression responded 200 in 17.0898 ms
2026-07-28 11:55:23.574 -07:00 [INF] HTTP POST /api/v1/ads/019f6751-9586-79ca-a9e4-063106266335/impression responded 200 in 17.9214 ms
2026-07-28 11:55:23.614 -07:00 [INF] HTTP POST /api/v1/ads/019f6751-958a-7a15-a575-98aaa0e56c88/impression responded 200 in 58.0892 ms
2026-07-28 11:55:28.535 -07:00 [INF] HTTP OPTIONS /api/v1/admin/site-settings responded 204 in 1.9521 ms
2026-07-28 11:55:28.536 -07:00 [INF] HTTP OPTIONS /api/v1/admin/site-settings responded 204 in 1.2909 ms
2026-07-28 11:55:28.589 -07:00 [INF] HTTP GET /api/v1/admin/site-settings responded 200 in 52.0795 ms
2026-07-28 11:55:28.596 -07:00 [INF] HTTP GET /api/v1/admin/site-settings responded 200 in 6.9117 ms
2026-07-28 12:15:21.402 -07:00 [INF] HTTP OPTIONS /api/v1/admin/site-settings responded 204 in 0.8811 ms
2026-07-28 12:15:21.402 -07:00 [INF] HTTP OPTIONS /api/v1/admin/site-settings responded 204 in 0.9278 ms
2026-07-28 12:15:21.513 -07:00 [INF] HTTP GET /api/v1/admin/site-settings responded 200 in 108.3100 ms
2026-07-28 12:15:21.522 -07:00 [INF] HTTP GET /api/v1/admin/site-settings responded 200 in 7.5518 ms
2026-07-28 12:16:29.362 -07:00 [INF] HTTP OPTIONS /api/v1/admin/site-settings responded 204 in 1.2653 ms
2026-07-28 12:16:29.707 -07:00 [INF] HTTP POST /api/v1/admin/site-settings responded 200 in 340.6940 ms
2026-07-28 12:16:29.716 -07:00 [INF] HTTP GET /api/v1/admin/site-settings responded 200 in 5.8063 ms
2026-07-28 12:16:33.520 -07:00 [INF] HTTP GET /api/v1/site-settings responded 200 in 7.4141 ms
2026-07-28 12:16:34.086 -07:00 [INF] HTTP OPTIONS /api/v1/ads responded 204 in 0.0424 ms
2026-07-28 12:16:34.086 -07:00 [INF] HTTP OPTIONS /api/v1/ads responded 204 in 0.1069 ms
2026-07-28 12:16:34.087 -07:00 [INF] HTTP OPTIONS /api/v1/ads responded 204 in 0.0486 ms
2026-07-28 12:16:34.105 -07:00 [INF] HTTP GET /api/v1/site-settings responded 200 in 16.1879 ms
2026-07-28 12:16:34.142 -07:00 [INF] HTTP OPTIONS /api/v1/feed/home responded 204 in 0.0499 ms
2026-07-28 12:16:34.186 -07:00 [INF] HTTP GET /api/v1/ads responded 200 in 98.3982 ms
2026-07-28 12:16:34.186 -07:00 [INF] HTTP GET /api/v1/ads responded 200 in 96.1110 ms
2026-07-28 12:16:34.186 -07:00 [INF] HTTP GET /api/v1/ads responded 200 in 98.4483 ms
2026-07-28 12:16:34.205 -07:00 [INF] HTTP GET /api/v1/feed/home responded 200 in 61.3958 ms
2026-07-28 12:16:34.228 -07:00 [INF] HTTP OPTIONS /api/v1/ads/019f6751-956b-7a5e-b9d8-0ef3c1dcd66d/impression responded 204 in 0.1103 ms
2026-07-28 12:16:34.228 -07:00 [INF] HTTP OPTIONS /api/v1/ads/019f6751-958a-7a15-a575-98aaa0e56c88/impression responded 204 in 0.0269 ms
2026-07-28 12:16:34.228 -07:00 [INF] HTTP OPTIONS /api/v1/ads/019f6751-9588-7e1c-b138-098134567940/impression responded 204 in 0.0228 ms
2026-07-28 12:16:34.244 -07:00 [INF] HTTP POST /api/v1/ads/019f6751-9588-7e1c-b138-098134567940/impression responded 200 in 15.2663 ms
2026-07-28 12:16:34.246 -07:00 [INF] HTTP POST /api/v1/ads/019f6751-958a-7a15-a575-98aaa0e56c88/impression responded 200 in 16.4799 ms
2026-07-28 12:16:34.246 -07:00 [INF] HTTP POST /api/v1/ads/019f6751-956b-7a5e-b9d8-0ef3c1dcd66d/impression responded 200 in 16.4344 ms
2026-07-28 12:16:53.551 -07:00 [INF] HTTP OPTIONS /api/v1/admin/site-settings responded 204 in 1.2446 ms
2026-07-28 12:16:53.772 -07:00 [INF] HTTP POST /api/v1/admin/site-settings responded 200 in 216.7641 ms
2026-07-28 12:16:53.782 -07:00 [INF] HTTP GET /api/v1/admin/site-settings responded 200 in 6.4726 ms
2026-07-28 12:16:57.773 -07:00 [INF] HTTP OPTIONS /api/v1/ads responded 204 in 0.4010 ms
2026-07-28 12:16:57.774 -07:00 [INF] HTTP OPTIONS /api/v1/ads responded 204 in 0.0678 ms
2026-07-28 12:16:57.782 -07:00 [INF] HTTP OPTIONS /api/v1/ads responded 204 in 0.0223 ms
2026-07-28 12:16:57.812 -07:00 [INF] HTTP GET /api/v1/ads responded 200 in 30.1143 ms
2026-07-28 12:16:57.812 -07:00 [INF] HTTP GET /api/v1/ads responded 200 in 26.6447 ms
2026-07-28 12:16:57.813 -07:00 [INF] HTTP GET /api/v1/ads responded 200 in 31.0445 ms
2026-07-28 12:16:57.819 -07:00 [INF] HTTP GET /api/v1/site-settings responded 200 in 46.3631 ms
2026-07-28 12:16:57.826 -07:00 [INF] HTTP OPTIONS /api/v1/feed/home responded 204 in 1.8725 ms
2026-07-28 12:16:57.853 -07:00 [INF] HTTP GET /api/v1/feed/home responded 200 in 24.7983 ms
2026-07-28 12:16:57.873 -07:00 [INF] HTTP OPTIONS /api/v1/ads/019f6751-9588-7e1c-b138-098134567940/impression responded 204 in 0.1180 ms
2026-07-28 12:16:57.873 -07:00 [INF] HTTP OPTIONS /api/v1/ads/019f6751-956b-7a5e-b9d8-0ef3c1dcd66d/impression responded 204 in 0.0383 ms
2026-07-28 12:16:57.874 -07:00 [INF] HTTP OPTIONS /api/v1/ads/019f6751-958a-7a15-a575-98aaa0e56c88/impression responded 204 in 0.0220 ms
2026-07-28 12:16:57.888 -07:00 [INF] HTTP POST /api/v1/ads/019f6751-9588-7e1c-b138-098134567940/impression responded 200 in 13.1955 ms
2026-07-28 12:16:57.888 -07:00 [INF] HTTP POST /api/v1/ads/019f6751-958a-7a15-a575-98aaa0e56c88/impression responded 200 in 10.1190 ms
2026-07-28 12:16:57.889 -07:00 [INF] HTTP POST /api/v1/ads/019f6751-956b-7a5e-b9d8-0ef3c1dcd66d/impression responded 200 in 11.3925 ms
2026-07-28 12:17:02.077 -07:00 [INF] HTTP OPTIONS /api/v1/ads/019f6751-9589-76dd-a1a8-4c3bf2cfc076/impression responded 204 in 0.0525 ms
2026-07-28 12:17:02.077 -07:00 [INF] HTTP OPTIONS /api/v1/ads/019f6751-958b-7d8a-a9a6-0f853bb35f0f/impression responded 204 in 0.2067 ms
2026-07-28 12:17:02.085 -07:00 [INF] HTTP POST /api/v1/ads/019f6751-9589-76dd-a1a8-4c3bf2cfc076/impression responded 200 in 4.3781 ms
2026-07-28 12:17:02.085 -07:00 [INF] HTTP POST /api/v1/ads/019f6751-958b-7d8a-a9a6-0f853bb35f0f/impression responded 200 in 3.5917 ms
2026-07-28 12:17:37.630 -07:00 [INF] HTTP GET /api/v1/site-settings responded 200 in 50.7534 ms
2026-07-28 12:17:37.942 -07:00 [INF] HTTP OPTIONS /api/v1/ads responded 204 in 0.0680 ms
2026-07-28 12:17:37.943 -07:00 [INF] HTTP OPTIONS /api/v1/ads responded 204 in 0.0499 ms
2026-07-28 12:17:37.944 -07:00 [INF] HTTP OPTIONS /api/v1/ads responded 204 in 0.0110 ms
2026-07-28 12:17:37.980 -07:00 [INF] HTTP GET /api/v1/ads responded 200 in 31.1219 ms
2026-07-28 12:17:37.981 -07:00 [INF] HTTP GET /api/v1/ads responded 200 in 31.2410 ms
2026-07-28 12:17:37.989 -07:00 [INF] HTTP OPTIONS /api/v1/feed/home responded 204 in 0.0304 ms
2026-07-28 12:17:37.989 -07:00 [INF] HTTP GET /api/v1/ads responded 200 in 40.0430 ms
2026-07-28 12:17:38.001 -07:00 [INF] HTTP GET /api/v1/site-settings responded 200 in 57.0686 ms
2026-07-28 12:17:38.041 -07:00 [INF] HTTP GET /api/v1/feed/home responded 200 in 50.6228 ms
2026-07-28 12:17:38.045 -07:00 [INF] HTTP OPTIONS /api/v1/ads/019f6751-956b-7a5e-b9d8-0ef3c1dcd66d/impression responded 204 in 0.0906 ms
2026-07-28 12:17:38.046 -07:00 [INF] HTTP OPTIONS /api/v1/ads/019f6751-9588-7e1c-b138-098134567940/impression responded 204 in 0.0565 ms
2026-07-28 12:17:38.048 -07:00 [INF] HTTP OPTIONS /api/v1/ads/019f6751-958a-7a15-a575-98aaa0e56c88/impression responded 204 in 0.0179 ms
2026-07-28 12:17:38.144 -07:00 [INF] HTTP POST /api/v1/ads/019f6751-958a-7a15-a575-98aaa0e56c88/impression responded 200 in 72.1049 ms
2026-07-28 12:17:38.145 -07:00 [INF] HTTP POST /api/v1/ads/019f6751-956b-7a5e-b9d8-0ef3c1dcd66d/impression responded 200 in 87.1384 ms
2026-07-28 12:17:38.150 -07:00 [INF] HTTP POST /api/v1/ads/019f6751-9588-7e1c-b138-098134567940/impression responded 200 in 91.9390 ms
2026-07-28 12:17:42.247 -07:00 [INF] HTTP OPTIONS /api/v1/ads/019f6751-9589-76dd-a1a8-4c3bf2cfc076/impression responded 204 in 0.0875 ms
2026-07-28 12:17:42.251 -07:00 [INF] HTTP OPTIONS /api/v1/ads/019f6751-958b-7d8a-a9a6-0f853bb35f0f/impression responded 204 in 0.0264 ms
2026-07-28 12:17:42.255 -07:00 [INF] HTTP POST /api/v1/ads/019f6751-9589-76dd-a1a8-4c3bf2cfc076/impression responded 200 in 4.1008 ms
2026-07-28 12:17:42.255 -07:00 [INF] HTTP POST /api/v1/ads/019f6751-958b-7d8a-a9a6-0f853bb35f0f/impression responded 200 in 3.4005 ms
2026-07-28 12:17:43.333 -07:00 [INF] HTTP OPTIONS /api/v1/ads/019f6751-9586-79ca-a9e4-063106266335/impression responded 204 in 0.0333 ms
2026-07-28 12:17:43.341 -07:00 [INF] HTTP POST /api/v1/ads/019f6751-9586-79ca-a9e4-063106266335/impression responded 200 in 4.7681 ms
2026-07-28 12:17:46.446 -07:00 [INF] HTTP OPTIONS /api/v1/ads/019f6751-9588-7e1c-b138-098134567940/impression responded 204 in 0.1445 ms
2026-07-28 12:17:46.448 -07:00 [INF] HTTP OPTIONS /api/v1/ads/019f6751-958a-7a15-a575-98aaa0e56c88/impression responded 204 in 0.0258 ms
2026-07-28 12:17:46.454 -07:00 [INF] HTTP POST /api/v1/ads/019f6751-9588-7e1c-b138-098134567940/impression responded 200 in 6.7327 ms
2026-07-28 12:17:46.454 -07:00 [INF] HTTP POST /api/v1/ads/019f6751-958a-7a15-a575-98aaa0e56c88/impression responded 200 in 4.8276 ms
2026-07-28 12:17:47.538 -07:00 [INF] HTTP OPTIONS /api/v1/ads/019f6751-956b-7a5e-b9d8-0ef3c1dcd66d/impression responded 204 in 0.0605 ms
2026-07-28 12:17:47.552 -07:00 [INF] HTTP POST /api/v1/ads/019f6751-956b-7a5e-b9d8-0ef3c1dcd66d/impression responded 200 in 13.0600 ms
2026-07-28 12:17:50.648 -07:00 [INF] HTTP OPTIONS /api/v1/ads/019f6751-9589-76dd-a1a8-4c3bf2cfc076/impression responded 204 in 0.0323 ms
2026-07-28 12:17:50.653 -07:00 [INF] HTTP POST /api/v1/ads/019f6751-9589-76dd-a1a8-4c3bf2cfc076/impression responded 200 in 4.2757 ms
2026-07-28 12:17:50.665 -07:00 [INF] HTTP OPTIONS /api/v1/ads/019f6751-958b-7d8a-a9a6-0f853bb35f0f/impression responded 204 in 0.0351 ms
2026-07-28 12:17:50.670 -07:00 [INF] HTTP POST /api/v1/ads/019f6751-958b-7d8a-a9a6-0f853bb35f0f/impression responded 200 in 4.1336 ms
2026-07-28 12:17:51.736 -07:00 [INF] HTTP OPTIONS /api/v1/ads/019f6751-9586-79ca-a9e4-063106266335/impression responded 204 in 0.0536 ms
2026-07-28 12:17:51.744 -07:00 [INF] HTTP POST /api/v1/ads/019f6751-9586-79ca-a9e4-063106266335/impression responded 200 in 3.1308 ms
2026-07-28 12:17:54.844 -07:00 [INF] HTTP OPTIONS /api/v1/ads/019f6751-9588-7e1c-b138-098134567940/impression responded 204 in 0.0550 ms
2026-07-28 12:17:54.850 -07:00 [INF] HTTP OPTIONS /api/v1/ads/019f6751-958a-7a15-a575-98aaa0e56c88/impression responded 204 in 0.0289 ms
2026-07-28 12:17:54.852 -07:00 [INF] HTTP POST /api/v1/ads/019f6751-9588-7e1c-b138-098134567940/impression responded 200 in 6.4058 ms
2026-07-28 12:17:54.853 -07:00 [INF] HTTP POST /api/v1/ads/019f6751-958a-7a15-a575-98aaa0e56c88/impression responded 200 in 2.3506 ms
2026-07-28 12:17:55.933 -07:00 [INF] HTTP OPTIONS /api/v1/ads/019f6751-956b-7a5e-b9d8-0ef3c1dcd66d/impression responded 204 in 0.1732 ms
2026-07-28 12:17:55.940 -07:00 [INF] HTTP POST /api/v1/ads/019f6751-956b-7a5e-b9d8-0ef3c1dcd66d/impression responded 200 in 5.6235 ms
2026-07-28 12:17:59.057 -07:00 [INF] HTTP OPTIONS /api/v1/ads/019f6751-9589-76dd-a1a8-4c3bf2cfc076/impression responded 204 in 0.2017 ms
2026-07-28 12:17:59.059 -07:00 [INF] HTTP OPTIONS /api/v1/ads/019f6751-958b-7d8a-a9a6-0f853bb35f0f/impression responded 204 in 0.0280 ms
2026-07-28 12:17:59.091 -07:00 [INF] HTTP POST /api/v1/ads/019f6751-9589-76dd-a1a8-4c3bf2cfc076/impression responded 200 in 27.0508 ms
2026-07-28 12:17:59.093 -07:00 [INF] HTTP POST /api/v1/ads/019f6751-958b-7d8a-a9a6-0f853bb35f0f/impression responded 200 in 16.1390 ms
2026-07-28 12:18:00.134 -07:00 [INF] HTTP OPTIONS /api/v1/ads/019f6751-9586-79ca-a9e4-063106266335/impression responded 204 in 0.0805 ms
2026-07-28 12:18:00.138 -07:00 [INF] HTTP POST /api/v1/ads/019f6751-9586-79ca-a9e4-063106266335/impression responded 200 in 3.2659 ms
2026-07-28 12:18:03.248 -07:00 [INF] HTTP OPTIONS /api/v1/ads/019f6751-9588-7e1c-b138-098134567940/impression responded 204 in 0.0378 ms
2026-07-28 12:18:03.248 -07:00 [INF] HTTP OPTIONS /api/v1/ads/019f6751-958a-7a15-a575-98aaa0e56c88/impression responded 204 in 0.0103 ms
2026-07-28 12:18:03.260 -07:00 [INF] HTTP POST /api/v1/ads/019f6751-9588-7e1c-b138-098134567940/impression responded 200 in 10.6772 ms
2026-07-28 12:18:03.260 -07:00 [INF] HTTP POST /api/v1/ads/019f6751-958a-7a15-a575-98aaa0e56c88/impression responded 200 in 10.7306 ms
2026-07-28 12:18:04.332 -07:00 [INF] HTTP OPTIONS /api/v1/ads/019f6751-956b-7a5e-b9d8-0ef3c1dcd66d/impression responded 204 in 0.0698 ms
2026-07-28 12:18:04.340 -07:00 [INF] HTTP POST /api/v1/ads/019f6751-956b-7a5e-b9d8-0ef3c1dcd66d/impression responded 200 in 4.1390 ms
2026-07-28 12:18:07.445 -07:00 [INF] HTTP OPTIONS /api/v1/ads/019f6751-9589-76dd-a1a8-4c3bf2cfc076/impression responded 204 in 0.1469 ms
2026-07-28 12:18:07.446 -07:00 [INF] HTTP OPTIONS /api/v1/ads/019f6751-958b-7d8a-a9a6-0f853bb35f0f/impression responded 204 in 0.0097 ms
2026-07-28 12:18:07.451 -07:00 [INF] HTTP POST /api/v1/ads/019f6751-9589-76dd-a1a8-4c3bf2cfc076/impression responded 200 in 4.9709 ms
2026-07-28 12:18:07.451 -07:00 [INF] HTTP POST /api/v1/ads/019f6751-958b-7d8a-a9a6-0f853bb35f0f/impression responded 200 in 4.6167 ms
2026-07-28 12:18:08.532 -07:00 [INF] HTTP OPTIONS /api/v1/ads/019f6751-9586-79ca-a9e4-063106266335/impression responded 204 in 0.3256 ms
2026-07-28 12:18:08.537 -07:00 [INF] HTTP POST /api/v1/ads/019f6751-9586-79ca-a9e4-063106266335/impression responded 200 in 3.9580 ms
2026-07-28 12:18:11.650 -07:00 [INF] HTTP OPTIONS /api/v1/ads/019f6751-9588-7e1c-b138-098134567940/impression responded 204 in 0.0702 ms
2026-07-28 12:18:11.651 -07:00 [INF] HTTP OPTIONS /api/v1/ads/019f6751-958a-7a15-a575-98aaa0e56c88/impression responded 204 in 0.0083 ms
2026-07-28 12:18:11.658 -07:00 [INF] HTTP POST /api/v1/ads/019f6751-9588-7e1c-b138-098134567940/impression responded 200 in 5.8595 ms
2026-07-28 12:18:11.658 -07:00 [INF] HTTP POST /api/v1/ads/019f6751-958a-7a15-a575-98aaa0e56c88/impression responded 200 in 5.9649 ms
2026-07-28 12:18:12.734 -07:00 [INF] HTTP OPTIONS /api/v1/ads/019f6751-956b-7a5e-b9d8-0ef3c1dcd66d/impression responded 204 in 0.0504 ms
2026-07-28 12:18:12.742 -07:00 [INF] HTTP POST /api/v1/ads/019f6751-956b-7a5e-b9d8-0ef3c1dcd66d/impression responded 200 in 6.6917 ms
2026-07-28 12:18:15.845 -07:00 [INF] HTTP OPTIONS /api/v1/ads/019f6751-9589-76dd-a1a8-4c3bf2cfc076/impression responded 204 in 0.2890 ms
2026-07-28 12:18:15.847 -07:00 [INF] HTTP OPTIONS /api/v1/ads/019f6751-958b-7d8a-a9a6-0f853bb35f0f/impression responded 204 in 0.0205 ms
2026-07-28 12:18:15.866 -07:00 [INF] HTTP POST /api/v1/ads/019f6751-9589-76dd-a1a8-4c3bf2cfc076/impression responded 200 in 19.2497 ms
2026-07-28 12:18:15.866 -07:00 [INF] HTTP POST /api/v1/ads/019f6751-958b-7d8a-a9a6-0f853bb35f0f/impression responded 200 in 18.3420 ms
2026-07-28 12:18:16.931 -07:00 [INF] HTTP OPTIONS /api/v1/ads/019f6751-9586-79ca-a9e4-063106266335/impression responded 204 in 0.0731 ms
2026-07-28 12:18:16.938 -07:00 [INF] HTTP POST /api/v1/ads/019f6751-9586-79ca-a9e4-063106266335/impression responded 200 in 4.7625 ms
2026-07-28 12:18:20.044 -07:00 [INF] HTTP OPTIONS /api/v1/ads/019f6751-9588-7e1c-b138-098134567940/impression responded 204 in 0.0320 ms
2026-07-28 12:18:20.047 -07:00 [INF] HTTP OPTIONS /api/v1/ads/019f6751-958a-7a15-a575-98aaa0e56c88/impression responded 204 in 0.0248 ms
2026-07-28 12:18:20.050 -07:00 [INF] HTTP POST /api/v1/ads/019f6751-9588-7e1c-b138-098134567940/impression responded 200 in 3.3226 ms
2026-07-28 12:18:20.050 -07:00 [INF] HTTP POST /api/v1/ads/019f6751-958a-7a15-a575-98aaa0e56c88/impression responded 200 in 2.9468 ms
2026-07-28 12:18:21.133 -07:00 [INF] HTTP OPTIONS /api/v1/ads/019f6751-956b-7a5e-b9d8-0ef3c1dcd66d/impression responded 204 in 0.0338 ms
2026-07-28 12:18:21.141 -07:00 [INF] HTTP POST /api/v1/ads/019f6751-956b-7a5e-b9d8-0ef3c1dcd66d/impression responded 200 in 6.7615 ms
2026-07-28 12:18:24.244 -07:00 [INF] HTTP OPTIONS /api/v1/ads/019f6751-9589-76dd-a1a8-4c3bf2cfc076/impression responded 204 in 0.0390 ms
2026-07-28 12:18:24.247 -07:00 [INF] HTTP OPTIONS /api/v1/ads/019f6751-958b-7d8a-a9a6-0f853bb35f0f/impression responded 204 in 0.0358 ms
2026-07-28 12:18:24.251 -07:00 [INF] HTTP POST /api/v1/ads/019f6751-9589-76dd-a1a8-4c3bf2cfc076/impression responded 200 in 5.8483 ms
2026-07-28 12:18:24.251 -07:00 [INF] HTTP POST /api/v1/ads/019f6751-958b-7d8a-a9a6-0f853bb35f0f/impression responded 200 in 3.4645 ms
2026-07-28 12:18:25.331 -07:00 [INF] HTTP OPTIONS /api/v1/ads/019f6751-9586-79ca-a9e4-063106266335/impression responded 204 in 0.0606 ms
2026-07-28 12:18:25.343 -07:00 [INF] HTTP POST /api/v1/ads/019f6751-9586-79ca-a9e4-063106266335/impression responded 200 in 11.0422 ms
2026-07-28 12:18:28.446 -07:00 [INF] HTTP OPTIONS /api/v1/ads/019f6751-9588-7e1c-b138-098134567940/impression responded 204 in 0.1972 ms
2026-07-28 12:18:28.448 -07:00 [INF] HTTP OPTIONS /api/v1/ads/019f6751-958a-7a15-a575-98aaa0e56c88/impression responded 204 in 0.0405 ms
2026-07-28 12:18:28.453 -07:00 [INF] HTTP POST /api/v1/ads/019f6751-958a-7a15-a575-98aaa0e56c88/impression responded 200 in 4.4272 ms
2026-07-28 12:18:28.453 -07:00 [INF] HTTP POST /api/v1/ads/019f6751-9588-7e1c-b138-098134567940/impression responded 200 in 5.6272 ms
2026-07-28 12:18:29.534 -07:00 [INF] HTTP OPTIONS /api/v1/ads/019f6751-956b-7a5e-b9d8-0ef3c1dcd66d/impression responded 204 in 0.0859 ms
2026-07-28 12:18:29.560 -07:00 [INF] HTTP POST /api/v1/ads/019f6751-956b-7a5e-b9d8-0ef3c1dcd66d/impression responded 200 in 15.4785 ms
2026-07-28 12:18:32.648 -07:00 [INF] HTTP OPTIONS /api/v1/ads/019f6751-9589-76dd-a1a8-4c3bf2cfc076/impression responded 204 in 0.0361 ms
2026-07-28 12:18:32.656 -07:00 [INF] HTTP POST /api/v1/ads/019f6751-9589-76dd-a1a8-4c3bf2cfc076/impression responded 200 in 6.1706 ms
2026-07-28 12:18:32.657 -07:00 [INF] HTTP OPTIONS /api/v1/ads/019f6751-958b-7d8a-a9a6-0f853bb35f0f/impression responded 204 in 0.0315 ms
2026-07-28 12:18:32.674 -07:00 [INF] HTTP POST /api/v1/ads/019f6751-958b-7d8a-a9a6-0f853bb35f0f/impression responded 200 in 14.5857 ms
2026-07-28 12:18:33.735 -07:00 [INF] HTTP OPTIONS /api/v1/ads/019f6751-9586-79ca-a9e4-063106266335/impression responded 204 in 0.0648 ms
2026-07-28 12:18:33.752 -07:00 [INF] HTTP POST /api/v1/ads/019f6751-9586-79ca-a9e4-063106266335/impression responded 200 in 14.7645 ms
2026-07-28 12:18:36.851 -07:00 [INF] HTTP OPTIONS /api/v1/ads/019f6751-9588-7e1c-b138-098134567940/impression responded 204 in 0.1666 ms
2026-07-28 12:18:36.855 -07:00 [INF] HTTP OPTIONS /api/v1/ads/019f6751-958a-7a15-a575-98aaa0e56c88/impression responded 204 in 0.0516 ms
2026-07-28 12:18:36.864 -07:00 [INF] HTTP POST /api/v1/ads/019f6751-9588-7e1c-b138-098134567940/impression responded 200 in 12.5940 ms
2026-07-28 12:18:36.865 -07:00 [INF] HTTP POST /api/v1/ads/019f6751-958a-7a15-a575-98aaa0e56c88/impression responded 200 in 9.3689 ms
2026-07-28 12:18:37.932 -07:00 [INF] HTTP OPTIONS /api/v1/ads/019f6751-956b-7a5e-b9d8-0ef3c1dcd66d/impression responded 204 in 0.0553 ms
2026-07-28 12:18:37.940 -07:00 [INF] HTTP POST /api/v1/ads/019f6751-956b-7a5e-b9d8-0ef3c1dcd66d/impression responded 200 in 6.3536 ms
2026-07-28 12:18:41.046 -07:00 [INF] HTTP OPTIONS /api/v1/ads/019f6751-9589-76dd-a1a8-4c3bf2cfc076/impression responded 204 in 0.0373 ms
2026-07-28 12:18:41.050 -07:00 [INF] HTTP OPTIONS /api/v1/ads/019f6751-958b-7d8a-a9a6-0f853bb35f0f/impression responded 204 in 0.0254 ms
2026-07-28 12:18:41.053 -07:00 [INF] HTTP POST /api/v1/ads/019f6751-9589-76dd-a1a8-4c3bf2cfc076/impression responded 200 in 5.8655 ms
2026-07-28 12:18:41.054 -07:00 [INF] HTTP POST /api/v1/ads/019f6751-958b-7d8a-a9a6-0f853bb35f0f/impression responded 200 in 3.1860 ms
2026-07-28 12:18:42.131 -07:00 [INF] HTTP OPTIONS /api/v1/ads/019f6751-9586-79ca-a9e4-063106266335/impression responded 204 in 0.1249 ms
2026-07-28 12:18:42.140 -07:00 [INF] HTTP POST /api/v1/ads/019f6751-9586-79ca-a9e4-063106266335/impression responded 200 in 7.8775 ms
2026-07-28 12:18:45.256 -07:00 [INF] HTTP OPTIONS /api/v1/ads/019f6751-9588-7e1c-b138-098134567940/impression responded 204 in 0.1838 ms
2026-07-28 12:18:45.255 -07:00 [INF] HTTP OPTIONS /api/v1/ads/019f6751-958a-7a15-a575-98aaa0e56c88/impression responded 204 in 0.1850 ms
2026-07-28 12:18:45.284 -07:00 [INF] HTTP POST /api/v1/ads/019f6751-9588-7e1c-b138-098134567940/impression responded 200 in 25.6567 ms
2026-07-28 12:18:45.284 -07:00 [INF] HTTP POST /api/v1/ads/019f6751-958a-7a15-a575-98aaa0e56c88/impression responded 200 in 24.9428 ms
2026-07-28 12:18:46.344 -07:00 [INF] HTTP OPTIONS /api/v1/ads/019f6751-956b-7a5e-b9d8-0ef3c1dcd66d/impression responded 204 in 0.1068 ms
2026-07-28 12:18:46.358 -07:00 [INF] HTTP POST /api/v1/ads/019f6751-956b-7a5e-b9d8-0ef3c1dcd66d/impression responded 200 in 8.9085 ms
2026-07-28 12:18:49.446 -07:00 [INF] HTTP OPTIONS /api/v1/ads/019f6751-9589-76dd-a1a8-4c3bf2cfc076/impression responded 204 in 0.0532 ms
2026-07-28 12:18:49.448 -07:00 [INF] HTTP OPTIONS /api/v1/ads/019f6751-958b-7d8a-a9a6-0f853bb35f0f/impression responded 204 in 0.0173 ms
2026-07-28 12:18:49.450 -07:00 [INF] HTTP POST /api/v1/ads/019f6751-9589-76dd-a1a8-4c3bf2cfc076/impression responded 200 in 3.9947 ms
2026-07-28 12:18:49.452 -07:00 [INF] HTTP POST /api/v1/ads/019f6751-958b-7d8a-a9a6-0f853bb35f0f/impression responded 200 in 2.9607 ms
2026-07-28 12:18:50.531 -07:00 [INF] HTTP OPTIONS /api/v1/ads/019f6751-9586-79ca-a9e4-063106266335/impression responded 204 in 0.5832 ms
2026-07-28 12:18:50.539 -07:00 [INF] HTTP POST /api/v1/ads/019f6751-9586-79ca-a9e4-063106266335/impression responded 200 in 6.0907 ms
2026-07-28 12:18:53.655 -07:00 [INF] HTTP OPTIONS /api/v1/ads/019f6751-958a-7a15-a575-98aaa0e56c88/impression responded 204 in 0.0375 ms
2026-07-28 12:18:53.655 -07:00 [INF] HTTP OPTIONS /api/v1/ads/019f6751-9588-7e1c-b138-098134567940/impression responded 204 in 0.0374 ms
2026-07-28 12:18:53.667 -07:00 [INF] HTTP POST /api/v1/ads/019f6751-958a-7a15-a575-98aaa0e56c88/impression responded 200 in 9.1743 ms
2026-07-28 12:18:53.667 -07:00 [INF] HTTP POST /api/v1/ads/019f6751-9588-7e1c-b138-098134567940/impression responded 200 in 9.2117 ms
2026-07-28 12:18:54.733 -07:00 [INF] HTTP OPTIONS /api/v1/ads/019f6751-956b-7a5e-b9d8-0ef3c1dcd66d/impression responded 204 in 0.0520 ms
2026-07-28 12:18:54.741 -07:00 [INF] HTTP POST /api/v1/ads/019f6751-956b-7a5e-b9d8-0ef3c1dcd66d/impression responded 200 in 6.5868 ms
2026-07-28 12:18:57.845 -07:00 [INF] HTTP OPTIONS /api/v1/ads/019f6751-9589-76dd-a1a8-4c3bf2cfc076/impression responded 204 in 0.0320 ms
2026-07-28 12:18:57.847 -07:00 [INF] HTTP OPTIONS /api/v1/ads/019f6751-958b-7d8a-a9a6-0f853bb35f0f/impression responded 204 in 0.0183 ms
2026-07-28 12:18:57.858 -07:00 [INF] HTTP POST /api/v1/ads/019f6751-9589-76dd-a1a8-4c3bf2cfc076/impression responded 200 in 11.3512 ms
2026-07-28 12:18:57.859 -07:00 [INF] HTTP POST /api/v1/ads/019f6751-958b-7d8a-a9a6-0f853bb35f0f/impression responded 200 in 11.3627 ms
2026-07-28 12:18:58.930 -07:00 [INF] HTTP OPTIONS /api/v1/ads/019f6751-9586-79ca-a9e4-063106266335/impression responded 204 in 0.0725 ms
2026-07-28 12:18:58.937 -07:00 [INF] HTTP POST /api/v1/ads/019f6751-9586-79ca-a9e4-063106266335/impression responded 200 in 5.6267 ms
2026-07-28 12:19:02.102 -07:00 [INF] HTTP OPTIONS /api/v1/ads/019f6751-9588-7e1c-b138-098134567940/impression responded 204 in 5.4152 ms
2026-07-28 12:19:02.112 -07:00 [INF] HTTP OPTIONS /api/v1/ads/019f6751-958a-7a15-a575-98aaa0e56c88/impression responded 204 in 1.2329 ms
2026-07-28 12:19:02.263 -07:00 [INF] HTTP POST /api/v1/ads/019f6751-9588-7e1c-b138-098134567940/impression responded 200 in 136.9815 ms
2026-07-28 12:19:02.263 -07:00 [INF] HTTP POST /api/v1/ads/019f6751-958a-7a15-a575-98aaa0e56c88/impression responded 200 in 137.6803 ms
2026-07-28 12:19:03.133 -07:00 [INF] HTTP OPTIONS /api/v1/ads/019f6751-956b-7a5e-b9d8-0ef3c1dcd66d/impression responded 204 in 0.0355 ms
2026-07-28 12:19:03.138 -07:00 [INF] HTTP POST /api/v1/ads/019f6751-956b-7a5e-b9d8-0ef3c1dcd66d/impression responded 200 in 4.0290 ms
2026-07-28 12:19:06.250 -07:00 [INF] HTTP OPTIONS /api/v1/ads/019f6751-9589-76dd-a1a8-4c3bf2cfc076/impression responded 204 in 0.0854 ms
2026-07-28 12:19:06.255 -07:00 [INF] HTTP OPTIONS /api/v1/ads/019f6751-958b-7d8a-a9a6-0f853bb35f0f/impression responded 204 in 0.0494 ms
2026-07-28 12:19:06.260 -07:00 [INF] HTTP POST /api/v1/ads/019f6751-9589-76dd-a1a8-4c3bf2cfc076/impression responded 200 in 8.0597 ms
2026-07-28 12:19:06.273 -07:00 [INF] HTTP POST /api/v1/ads/019f6751-958b-7d8a-a9a6-0f853bb35f0f/impression responded 200 in 15.3965 ms
2026-07-28 12:19:07.331 -07:00 [INF] HTTP OPTIONS /api/v1/ads/019f6751-9586-79ca-a9e4-063106266335/impression responded 204 in 0.0571 ms
2026-07-28 12:19:07.342 -07:00 [INF] HTTP POST /api/v1/ads/019f6751-9586-79ca-a9e4-063106266335/impression responded 200 in 8.5434 ms
2026-07-28 12:19:10.446 -07:00 [INF] HTTP OPTIONS /api/v1/ads/019f6751-9588-7e1c-b138-098134567940/impression responded 204 in 0.0343 ms
2026-07-28 12:19:10.448 -07:00 [INF] HTTP OPTIONS /api/v1/ads/019f6751-958a-7a15-a575-98aaa0e56c88/impression responded 204 in 0.0197 ms
2026-07-28 12:19:10.451 -07:00 [INF] HTTP POST /api/v1/ads/019f6751-9588-7e1c-b138-098134567940/impression responded 200 in 4.1603 ms
2026-07-28 12:19:10.453 -07:00 [INF] HTTP POST /api/v1/ads/019f6751-958a-7a15-a575-98aaa0e56c88/impression responded 200 in 3.2998 ms
2026-07-28 12:19:11.534 -07:00 [INF] HTTP OPTIONS /api/v1/ads/019f6751-956b-7a5e-b9d8-0ef3c1dcd66d/impression responded 204 in 0.0959 ms
2026-07-28 12:19:11.547 -07:00 [INF] HTTP POST /api/v1/ads/019f6751-956b-7a5e-b9d8-0ef3c1dcd66d/impression responded 200 in 10.9614 ms
2026-07-28 12:19:14.646 -07:00 [INF] HTTP OPTIONS /api/v1/ads/019f6751-9589-76dd-a1a8-4c3bf2cfc076/impression responded 204 in 0.0509 ms
2026-07-28 12:19:14.646 -07:00 [INF] HTTP OPTIONS /api/v1/ads/019f6751-958b-7d8a-a9a6-0f853bb35f0f/impression responded 204 in 0.0339 ms
2026-07-28 12:19:14.652 -07:00 [INF] HTTP POST /api/v1/ads/019f6751-958b-7d8a-a9a6-0f853bb35f0f/impression responded 200 in 4.7256 ms
2026-07-28 12:19:14.652 -07:00 [INF] HTTP POST /api/v1/ads/019f6751-9589-76dd-a1a8-4c3bf2cfc076/impression responded 200 in 4.7686 ms
2026-07-28 12:19:15.737 -07:00 [INF] HTTP OPTIONS /api/v1/ads/019f6751-9586-79ca-a9e4-063106266335/impression responded 204 in 0.4548 ms
2026-07-28 12:19:15.750 -07:00 [INF] HTTP POST /api/v1/ads/019f6751-9586-79ca-a9e4-063106266335/impression responded 200 in 10.8946 ms
2026-07-28 12:19:18.847 -07:00 [INF] HTTP OPTIONS /api/v1/ads/019f6751-9588-7e1c-b138-098134567940/impression responded 204 in 0.0520 ms
2026-07-28 12:19:18.851 -07:00 [INF] HTTP OPTIONS /api/v1/ads/019f6751-958a-7a15-a575-98aaa0e56c88/impression responded 204 in 0.0205 ms
2026-07-28 12:19:18.870 -07:00 [INF] HTTP POST /api/v1/ads/019f6751-958a-7a15-a575-98aaa0e56c88/impression responded 200 in 17.7132 ms
2026-07-28 12:19:18.870 -07:00 [INF] HTTP POST /api/v1/ads/019f6751-9588-7e1c-b138-098134567940/impression responded 200 in 20.6778 ms
2026-07-28 12:19:19.936 -07:00 [INF] HTTP OPTIONS /api/v1/ads/019f6751-956b-7a5e-b9d8-0ef3c1dcd66d/impression responded 204 in 0.0844 ms
2026-07-28 12:19:19.951 -07:00 [INF] HTTP POST /api/v1/ads/019f6751-956b-7a5e-b9d8-0ef3c1dcd66d/impression responded 200 in 13.5709 ms
2026-07-28 12:19:23.066 -07:00 [INF] HTTP OPTIONS /api/v1/ads/019f6751-9589-76dd-a1a8-4c3bf2cfc076/impression responded 204 in 1.0774 ms
2026-07-28 12:19:23.066 -07:00 [INF] HTTP OPTIONS /api/v1/ads/019f6751-958b-7d8a-a9a6-0f853bb35f0f/impression responded 204 in 1.2684 ms
2026-07-28 12:19:23.088 -07:00 [INF] HTTP POST /api/v1/ads/019f6751-9589-76dd-a1a8-4c3bf2cfc076/impression responded 200 in 17.0983 ms
2026-07-28 12:19:23.096 -07:00 [INF] HTTP POST /api/v1/ads/019f6751-958b-7d8a-a9a6-0f853bb35f0f/impression responded 200 in 25.1677 ms
2026-07-28 12:19:24.130 -07:00 [INF] HTTP OPTIONS /api/v1/ads/019f6751-9586-79ca-a9e4-063106266335/impression responded 204 in 0.0384 ms
2026-07-28 12:19:24.138 -07:00 [INF] HTTP POST /api/v1/ads/019f6751-9586-79ca-a9e4-063106266335/impression responded 200 in 6.6235 ms
2026-07-28 12:19:27.247 -07:00 [INF] HTTP OPTIONS /api/v1/ads/019f6751-958a-7a15-a575-98aaa0e56c88/impression responded 204 in 0.0337 ms
2026-07-28 12:19:27.247 -07:00 [INF] HTTP OPTIONS /api/v1/ads/019f6751-9588-7e1c-b138-098134567940/impression responded 204 in 0.0338 ms
2026-07-28 12:19:27.257 -07:00 [INF] HTTP POST /api/v1/ads/019f6751-9588-7e1c-b138-098134567940/impression responded 200 in 8.3910 ms
2026-07-28 12:19:27.257 -07:00 [INF] HTTP POST /api/v1/ads/019f6751-958a-7a15-a575-98aaa0e56c88/impression responded 200 in 8.3910 ms
2026-07-28 12:19:28.331 -07:00 [INF] HTTP OPTIONS /api/v1/ads/019f6751-956b-7a5e-b9d8-0ef3c1dcd66d/impression responded 204 in 0.0804 ms
2026-07-28 12:19:28.338 -07:00 [INF] HTTP POST /api/v1/ads/019f6751-956b-7a5e-b9d8-0ef3c1dcd66d/impression responded 200 in 4.7719 ms
2026-07-28 12:19:31.450 -07:00 [INF] HTTP OPTIONS /api/v1/ads/019f6751-9589-76dd-a1a8-4c3bf2cfc076/impression responded 204 in 0.0987 ms
2026-07-28 12:19:31.453 -07:00 [INF] HTTP OPTIONS /api/v1/ads/019f6751-958b-7d8a-a9a6-0f853bb35f0f/impression responded 204 in 0.0268 ms
2026-07-28 12:19:31.461 -07:00 [INF] HTTP POST /api/v1/ads/019f6751-9589-76dd-a1a8-4c3bf2cfc076/impression responded 200 in 9.4842 ms
2026-07-28 12:19:31.461 -07:00 [INF] HTTP POST /api/v1/ads/019f6751-958b-7d8a-a9a6-0f853bb35f0f/impression responded 200 in 6.4751 ms
2026-07-28 12:19:32.535 -07:00 [INF] HTTP OPTIONS /api/v1/ads/019f6751-9586-79ca-a9e4-063106266335/impression responded 204 in 0.0803 ms
2026-07-28 12:19:32.546 -07:00 [INF] HTTP POST /api/v1/ads/019f6751-9586-79ca-a9e4-063106266335/impression responded 200 in 5.2245 ms
2026-07-28 12:19:35.654 -07:00 [INF] HTTP OPTIONS /api/v1/ads/019f6751-9588-7e1c-b138-098134567940/impression responded 204 in 0.6102 ms
2026-07-28 12:19:35.657 -07:00 [INF] HTTP OPTIONS /api/v1/ads/019f6751-958a-7a15-a575-98aaa0e56c88/impression responded 204 in 0.0183 ms
2026-07-28 12:19:35.663 -07:00 [INF] HTTP POST /api/v1/ads/019f6751-9588-7e1c-b138-098134567940/impression responded 200 in 7.3731 ms
2026-07-28 12:19:35.665 -07:00 [INF] HTTP POST /api/v1/ads/019f6751-958a-7a15-a575-98aaa0e56c88/impression responded 200 in 7.4395 ms
2026-07-28 12:19:36.732 -07:00 [INF] HTTP OPTIONS /api/v1/ads/019f6751-956b-7a5e-b9d8-0ef3c1dcd66d/impression responded 204 in 0.1169 ms
2026-07-28 12:19:36.746 -07:00 [INF] HTTP POST /api/v1/ads/019f6751-956b-7a5e-b9d8-0ef3c1dcd66d/impression responded 200 in 11.9215 ms
2026-07-28 12:19:39.847 -07:00 [INF] HTTP OPTIONS /api/v1/ads/019f6751-9589-76dd-a1a8-4c3bf2cfc076/impression responded 204 in 0.0538 ms
2026-07-28 12:19:39.848 -07:00 [INF] HTTP OPTIONS /api/v1/ads/019f6751-958b-7d8a-a9a6-0f853bb35f0f/impression responded 204 in 0.0298 ms
2026-07-28 12:19:39.852 -07:00 [INF] HTTP POST /api/v1/ads/019f6751-958b-7d8a-a9a6-0f853bb35f0f/impression responded 200 in 3.0187 ms
2026-07-28 12:19:39.852 -07:00 [INF] HTTP POST /api/v1/ads/019f6751-9589-76dd-a1a8-4c3bf2cfc076/impression responded 200 in 4.2480 ms
2026-07-28 12:19:40.930 -07:00 [INF] HTTP OPTIONS /api/v1/ads/019f6751-9586-79ca-a9e4-063106266335/impression responded 204 in 0.0340 ms
2026-07-28 12:19:40.939 -07:00 [INF] HTTP POST /api/v1/ads/019f6751-9586-79ca-a9e4-063106266335/impression responded 200 in 7.6500 ms
2026-07-28 12:19:44.050 -07:00 [INF] HTTP OPTIONS /api/v1/ads/019f6751-9588-7e1c-b138-098134567940/impression responded 204 in 0.1112 ms
2026-07-28 12:19:44.055 -07:00 [INF] HTTP OPTIONS /api/v1/ads/019f6751-958a-7a15-a575-98aaa0e56c88/impression responded 204 in 0.0349 ms
2026-07-28 12:19:44.060 -07:00 [INF] HTTP POST /api/v1/ads/019f6751-9588-7e1c-b138-098134567940/impression responded 200 in 6.9475 ms
2026-07-28 12:19:44.061 -07:00 [INF] HTTP POST /api/v1/ads/019f6751-958a-7a15-a575-98aaa0e56c88/impression responded 200 in 5.3813 ms
2026-07-28 12:19:45.132 -07:00 [INF] HTTP OPTIONS /api/v1/ads/019f6751-956b-7a5e-b9d8-0ef3c1dcd66d/impression responded 204 in 0.0822 ms
2026-07-28 12:19:45.141 -07:00 [INF] HTTP POST /api/v1/ads/019f6751-956b-7a5e-b9d8-0ef3c1dcd66d/impression responded 200 in 7.3187 ms
2026-07-28 12:19:48.246 -07:00 [INF] HTTP OPTIONS /api/v1/ads/019f6751-9589-76dd-a1a8-4c3bf2cfc076/impression responded 204 in 0.3020 ms
2026-07-28 12:19:48.249 -07:00 [INF] HTTP OPTIONS /api/v1/ads/019f6751-958b-7d8a-a9a6-0f853bb35f0f/impression responded 204 in 0.0196 ms
2026-07-28 12:19:48.258 -07:00 [INF] HTTP POST /api/v1/ads/019f6751-958b-7d8a-a9a6-0f853bb35f0f/impression responded 200 in 7.9298 ms
2026-07-28 12:19:48.260 -07:00 [INF] HTTP POST /api/v1/ads/019f6751-9589-76dd-a1a8-4c3bf2cfc076/impression responded 200 in 12.8728 ms
2026-07-28 12:19:49.334 -07:00 [INF] HTTP OPTIONS /api/v1/ads/019f6751-9586-79ca-a9e4-063106266335/impression responded 204 in 0.0519 ms
2026-07-28 12:19:49.341 -07:00 [INF] HTTP POST /api/v1/ads/019f6751-9586-79ca-a9e4-063106266335/impression responded 200 in 5.4777 ms
2026-07-28 12:19:52.463 -07:00 [INF] HTTP OPTIONS /api/v1/ads/019f6751-958a-7a15-a575-98aaa0e56c88/impression responded 204 in 0.1942 ms
2026-07-28 12:19:52.463 -07:00 [INF] HTTP OPTIONS /api/v1/ads/019f6751-9588-7e1c-b138-098134567940/impression responded 204 in 0.1941 ms
2026-07-28 12:19:52.476 -07:00 [INF] HTTP POST /api/v1/ads/019f6751-9588-7e1c-b138-098134567940/impression responded 200 in 9.2180 ms
2026-07-28 12:19:52.476 -07:00 [INF] HTTP POST /api/v1/ads/019f6751-958a-7a15-a575-98aaa0e56c88/impression responded 200 in 9.5473 ms
2026-07-28 12:19:53.530 -07:00 [INF] HTTP OPTIONS /api/v1/ads/019f6751-956b-7a5e-b9d8-0ef3c1dcd66d/impression responded 204 in 0.0565 ms
2026-07-28 12:19:53.539 -07:00 [INF] HTTP POST /api/v1/ads/019f6751-956b-7a5e-b9d8-0ef3c1dcd66d/impression responded 200 in 7.3789 ms
2026-07-28 12:19:56.644 -07:00 [INF] HTTP OPTIONS /api/v1/ads/019f6751-9589-76dd-a1a8-4c3bf2cfc076/impression responded 204 in 0.0343 ms
2026-07-28 12:19:56.646 -07:00 [INF] HTTP OPTIONS /api/v1/ads/019f6751-958b-7d8a-a9a6-0f853bb35f0f/impression responded 204 in 0.0147 ms
2026-07-28 12:19:56.648 -07:00 [INF] HTTP POST /api/v1/ads/019f6751-9589-76dd-a1a8-4c3bf2cfc076/impression responded 200 in 3.7480 ms
2026-07-28 12:19:56.649 -07:00 [INF] HTTP POST /api/v1/ads/019f6751-958b-7d8a-a9a6-0f853bb35f0f/impression responded 200 in 2.2026 ms
2026-07-28 12:19:57.732 -07:00 [INF] HTTP OPTIONS /api/v1/ads/019f6751-9586-79ca-a9e4-063106266335/impression responded 204 in 0.9307 ms
2026-07-28 12:19:57.743 -07:00 [INF] HTTP POST /api/v1/ads/019f6751-9586-79ca-a9e4-063106266335/impression responded 200 in 6.7425 ms
2026-07-28 12:20:00.846 -07:00 [INF] HTTP OPTIONS /api/v1/ads/019f6751-9588-7e1c-b138-098134567940/impression responded 204 in 0.0617 ms
2026-07-28 12:20:00.851 -07:00 [INF] HTTP OPTIONS /api/v1/ads/019f6751-958a-7a15-a575-98aaa0e56c88/impression responded 204 in 0.0210 ms
2026-07-28 12:20:00.869 -07:00 [INF] HTTP POST /api/v1/ads/019f6751-9588-7e1c-b138-098134567940/impression responded 200 in 19.0387 ms
2026-07-28 12:20:00.872 -07:00 [INF] HTTP POST /api/v1/ads/019f6751-958a-7a15-a575-98aaa0e56c88/impression responded 200 in 16.9982 ms
2026-07-28 12:20:01.930 -07:00 [INF] HTTP OPTIONS /api/v1/ads/019f6751-956b-7a5e-b9d8-0ef3c1dcd66d/impression responded 204 in 0.0343 ms
2026-07-28 12:20:01.935 -07:00 [INF] HTTP POST /api/v1/ads/019f6751-956b-7a5e-b9d8-0ef3c1dcd66d/impression responded 200 in 4.4083 ms
2026-07-28 12:20:05.048 -07:00 [INF] HTTP OPTIONS /api/v1/ads/019f6751-9589-76dd-a1a8-4c3bf2cfc076/impression responded 204 in 0.2415 ms
2026-07-28 12:20:05.050 -07:00 [INF] HTTP OPTIONS /api/v1/ads/019f6751-958b-7d8a-a9a6-0f853bb35f0f/impression responded 204 in 0.0134 ms
2026-07-28 12:20:05.055 -07:00 [INF] HTTP POST /api/v1/ads/019f6751-958b-7d8a-a9a6-0f853bb35f0f/impression responded 200 in 4.6610 ms
2026-07-28 12:20:05.055 -07:00 [INF] HTTP POST /api/v1/ads/019f6751-9589-76dd-a1a8-4c3bf2cfc076/impression responded 200 in 6.4960 ms
2026-07-28 12:20:06.138 -07:00 [INF] HTTP OPTIONS /api/v1/ads/019f6751-9586-79ca-a9e4-063106266335/impression responded 204 in 0.0932 ms
2026-07-28 12:20:06.144 -07:00 [INF] HTTP POST /api/v1/ads/019f6751-9586-79ca-a9e4-063106266335/impression responded 200 in 3.5700 ms
2026-07-28 12:20:09.255 -07:00 [INF] HTTP OPTIONS /api/v1/ads/019f6751-9588-7e1c-b138-098134567940/impression responded 204 in 0.0849 ms
2026-07-28 12:20:09.262 -07:00 [INF] HTTP OPTIONS /api/v1/ads/019f6751-958a-7a15-a575-98aaa0e56c88/impression responded 204 in 0.0278 ms
2026-07-28 12:20:09.315 -07:00 [INF] HTTP POST /api/v1/ads/019f6751-958a-7a15-a575-98aaa0e56c88/impression responded 200 in 51.6783 ms
2026-07-28 12:20:09.315 -07:00 [INF] HTTP POST /api/v1/ads/019f6751-9588-7e1c-b138-098134567940/impression responded 200 in 56.7392 ms
2026-07-28 12:20:10.335 -07:00 [INF] HTTP OPTIONS /api/v1/ads/019f6751-956b-7a5e-b9d8-0ef3c1dcd66d/impression responded 204 in 0.1529 ms
2026-07-28 12:20:10.348 -07:00 [INF] HTTP POST /api/v1/ads/019f6751-956b-7a5e-b9d8-0ef3c1dcd66d/impression responded 200 in 9.2919 ms
2026-07-28 12:20:13.450 -07:00 [INF] HTTP OPTIONS /api/v1/ads/019f6751-9589-76dd-a1a8-4c3bf2cfc076/impression responded 204 in 0.3952 ms
2026-07-28 12:20:13.457 -07:00 [INF] HTTP OPTIONS /api/v1/ads/019f6751-958b-7d8a-a9a6-0f853bb35f0f/impression responded 204 in 0.0462 ms
2026-07-28 12:20:13.481 -07:00 [INF] HTTP POST /api/v1/ads/019f6751-9589-76dd-a1a8-4c3bf2cfc076/impression responded 200 in 28.9568 ms
2026-07-28 12:20:13.481 -07:00 [INF] HTTP POST /api/v1/ads/019f6751-958b-7d8a-a9a6-0f853bb35f0f/impression responded 200 in 23.3068 ms
2026-07-28 12:20:14.540 -07:00 [INF] HTTP OPTIONS /api/v1/ads/019f6751-9586-79ca-a9e4-063106266335/impression responded 204 in 0.0851 ms
2026-07-28 12:20:14.552 -07:00 [INF] HTTP POST /api/v1/ads/019f6751-9586-79ca-a9e4-063106266335/impression responded 200 in 10.1000 ms
2026-07-28 12:20:17.645 -07:00 [INF] HTTP OPTIONS /api/v1/ads/019f6751-9588-7e1c-b138-098134567940/impression responded 204 in 0.1263 ms
2026-07-28 12:20:17.647 -07:00 [INF] HTTP OPTIONS /api/v1/ads/019f6751-958a-7a15-a575-98aaa0e56c88/impression responded 204 in 0.0375 ms
2026-07-28 12:20:17.655 -07:00 [INF] HTTP POST /api/v1/ads/019f6751-958a-7a15-a575-98aaa0e56c88/impression responded 200 in 7.0162 ms
2026-07-28 12:20:17.655 -07:00 [INF] HTTP POST /api/v1/ads/019f6751-9588-7e1c-b138-098134567940/impression responded 200 in 7.0607 ms
2026-07-28 12:20:18.737 -07:00 [INF] HTTP OPTIONS /api/v1/ads/019f6751-956b-7a5e-b9d8-0ef3c1dcd66d/impression responded 204 in 0.0718 ms
2026-07-28 12:20:18.746 -07:00 [INF] HTTP POST /api/v1/ads/019f6751-956b-7a5e-b9d8-0ef3c1dcd66d/impression responded 200 in 7.7501 ms
2026-07-28 12:20:21.849 -07:00 [INF] HTTP OPTIONS /api/v1/ads/019f6751-9589-76dd-a1a8-4c3bf2cfc076/impression responded 204 in 0.0833 ms
2026-07-28 12:20:21.854 -07:00 [INF] HTTP OPTIONS /api/v1/ads/019f6751-958b-7d8a-a9a6-0f853bb35f0f/impression responded 204 in 0.0222 ms
2026-07-28 12:20:21.939 -07:00 [INF] HTTP POST /api/v1/ads/019f6751-958b-7d8a-a9a6-0f853bb35f0f/impression responded 200 in 82.8963 ms
2026-07-28 12:20:21.939 -07:00 [INF] HTTP POST /api/v1/ads/019f6751-9589-76dd-a1a8-4c3bf2cfc076/impression responded 200 in 88.9038 ms
2026-07-28 12:20:22.930 -07:00 [INF] HTTP OPTIONS /api/v1/ads/019f6751-9586-79ca-a9e4-063106266335/impression responded 204 in 0.0327 ms
2026-07-28 12:20:22.939 -07:00 [INF] HTTP POST /api/v1/ads/019f6751-9586-79ca-a9e4-063106266335/impression responded 200 in 8.8166 ms
2026-07-28 12:20:26.047 -07:00 [INF] HTTP OPTIONS /api/v1/ads/019f6751-9588-7e1c-b138-098134567940/impression responded 204 in 0.0379 ms
2026-07-28 12:20:26.047 -07:00 [INF] HTTP OPTIONS /api/v1/ads/019f6751-958a-7a15-a575-98aaa0e56c88/impression responded 204 in 0.0448 ms
2026-07-28 12:20:26.056 -07:00 [INF] HTTP POST /api/v1/ads/019f6751-958a-7a15-a575-98aaa0e56c88/impression responded 200 in 7.5327 ms
2026-07-28 12:20:26.056 -07:00 [INF] HTTP POST /api/v1/ads/019f6751-9588-7e1c-b138-098134567940/impression responded 200 in 7.5428 ms
2026-07-28 12:20:27.136 -07:00 [INF] HTTP OPTIONS /api/v1/ads/019f6751-956b-7a5e-b9d8-0ef3c1dcd66d/impression responded 204 in 0.2399 ms
2026-07-28 12:20:27.151 -07:00 [INF] HTTP POST /api/v1/ads/019f6751-956b-7a5e-b9d8-0ef3c1dcd66d/impression responded 200 in 11.0215 ms
2026-07-28 12:20:30.256 -07:00 [INF] HTTP OPTIONS /api/v1/ads/019f6751-9589-76dd-a1a8-4c3bf2cfc076/impression responded 204 in 0.7894 ms
2026-07-28 12:20:30.259 -07:00 [INF] HTTP OPTIONS /api/v1/ads/019f6751-958b-7d8a-a9a6-0f853bb35f0f/impression responded 204 in 0.0361 ms
2026-07-28 12:20:30.276 -07:00 [INF] HTTP POST /api/v1/ads/019f6751-958b-7d8a-a9a6-0f853bb35f0f/impression responded 200 in 15.1369 ms
2026-07-28 12:20:30.276 -07:00 [INF] HTTP POST /api/v1/ads/019f6751-9589-76dd-a1a8-4c3bf2cfc076/impression responded 200 in 17.3372 ms
2026-07-28 12:20:31.330 -07:00 [INF] HTTP OPTIONS /api/v1/ads/019f6751-9586-79ca-a9e4-063106266335/impression responded 204 in 0.0332 ms
2026-07-28 12:20:31.335 -07:00 [INF] HTTP POST /api/v1/ads/019f6751-9586-79ca-a9e4-063106266335/impression responded 200 in 4.2351 ms
2026-07-28 12:20:34.448 -07:00 [INF] HTTP OPTIONS /api/v1/ads/019f6751-9588-7e1c-b138-098134567940/impression responded 204 in 0.3267 ms
2026-07-28 12:20:34.451 -07:00 [INF] HTTP OPTIONS /api/v1/ads/019f6751-958a-7a15-a575-98aaa0e56c88/impression responded 204 in 0.0454 ms
2026-07-28 12:20:34.503 -07:00 [INF] HTTP POST /api/v1/ads/019f6751-9588-7e1c-b138-098134567940/impression responded 200 in 51.8215 ms
2026-07-28 12:20:34.503 -07:00 [INF] HTTP POST /api/v1/ads/019f6751-958a-7a15-a575-98aaa0e56c88/impression responded 200 in 49.0763 ms
2026-07-28 12:27:10.671 -07:00 [INF] HTTP OPTIONS /api/v1/ads/019f6751-958b-7d8a-a9a6-0f853bb35f0f/impression responded 204 in 1.7551 ms
2026-07-28 12:27:10.671 -07:00 [INF] HTTP OPTIONS /api/v1/ads/019f6751-956b-7a5e-b9d8-0ef3c1dcd66d/impression responded 204 in 1.7640 ms
2026-07-28 12:27:10.671 -07:00 [INF] HTTP OPTIONS /api/v1/ads/019f6751-9589-76dd-a1a8-4c3bf2cfc076/impression responded 204 in 1.6898 ms
2026-07-28 12:27:10.845 -07:00 [INF] HTTP POST /api/v1/ads/019f6751-958b-7d8a-a9a6-0f853bb35f0f/impression responded 200 in 168.4633 ms
2026-07-28 12:27:10.845 -07:00 [INF] HTTP POST /api/v1/ads/019f6751-956b-7a5e-b9d8-0ef3c1dcd66d/impression responded 200 in 166.9950 ms
2026-07-28 12:27:10.845 -07:00 [INF] HTTP POST /api/v1/ads/019f6751-9589-76dd-a1a8-4c3bf2cfc076/impression responded 200 in 161.1972 ms
2026-07-28 12:27:12.154 -07:00 [INF] HTTP GET /api/v1/site-settings responded 200 in 23.8380 ms
2026-07-28 12:27:12.910 -07:00 [INF] HTTP OPTIONS /api/v1/ads responded 204 in 0.0204 ms
2026-07-28 12:27:12.910 -07:00 [INF] HTTP OPTIONS /api/v1/ads responded 204 in 0.1856 ms
2026-07-28 12:27:12.911 -07:00 [INF] HTTP OPTIONS /api/v1/ads responded 204 in 0.1972 ms
2026-07-28 12:27:12.917 -07:00 [INF] HTTP OPTIONS /api/v1/site-settings responded 204 in 1.1548 ms
2026-07-28 12:27:12.939 -07:00 [INF] HTTP GET /api/v1/site-settings responded 200 in 16.6347 ms
2026-07-28 12:27:12.949 -07:00 [INF] HTTP GET /api/v1/ads responded 200 in 32.0333 ms
2026-07-28 12:27:12.949 -07:00 [INF] HTTP GET /api/v1/ads responded 200 in 27.5190 ms
2026-07-28 12:27:12.952 -07:00 [INF] HTTP GET /api/v1/ads responded 200 in 34.3224 ms
2026-07-28 12:27:12.988 -07:00 [INF] HTTP OPTIONS /api/v1/ads/019f6751-956b-7a5e-b9d8-0ef3c1dcd66d/impression responded 204 in 0.0541 ms
2026-07-28 12:27:12.988 -07:00 [INF] HTTP OPTIONS /api/v1/ads/019f6751-958a-7a15-a575-98aaa0e56c88/impression responded 204 in 0.0254 ms
2026-07-28 12:27:12.988 -07:00 [INF] HTTP OPTIONS /api/v1/ads/019f6751-9588-7e1c-b138-098134567940/impression responded 204 in 0.0245 ms
2026-07-28 12:27:12.995 -07:00 [INF] HTTP POST /api/v1/ads/019f6751-956b-7a5e-b9d8-0ef3c1dcd66d/impression responded 200 in 5.1596 ms
2026-07-28 12:27:12.996 -07:00 [INF] HTTP POST /api/v1/ads/019f6751-9588-7e1c-b138-098134567940/impression responded 200 in 4.2456 ms
2026-07-28 12:27:13.003 -07:00 [INF] HTTP POST /api/v1/ads/019f6751-958a-7a15-a575-98aaa0e56c88/impression responded 200 in 10.7050 ms
2026-07-28 12:27:13.045 -07:00 [INF] HTTP OPTIONS /api/v1/feed/home responded 204 in 0.3133 ms
2026-07-28 12:27:13.094 -07:00 [INF] HTTP GET /api/v1/feed/home responded 200 in 43.4706 ms
2026-07-28 12:27:17.193 -07:00 [INF] HTTP OPTIONS /api/v1/ads/019f6751-9589-76dd-a1a8-4c3bf2cfc076/impression responded 204 in 0.0491 ms
2026-07-28 12:27:17.193 -07:00 [INF] HTTP OPTIONS /api/v1/ads/019f6751-9586-79ca-a9e4-063106266335/impression responded 204 in 0.0491 ms
2026-07-28 12:27:17.194 -07:00 [INF] HTTP OPTIONS /api/v1/ads/019f6751-958b-7d8a-a9a6-0f853bb35f0f/impression responded 204 in 0.0357 ms
2026-07-28 12:27:17.234 -07:00 [INF] HTTP POST /api/v1/ads/019f6751-9589-76dd-a1a8-4c3bf2cfc076/impression responded 200 in 26.5403 ms
2026-07-28 12:27:17.234 -07:00 [INF] HTTP POST /api/v1/ads/019f6751-958b-7d8a-a9a6-0f853bb35f0f/impression responded 200 in 27.3485 ms
2026-07-28 12:27:17.234 -07:00 [INF] HTTP POST /api/v1/ads/019f6751-9586-79ca-a9e4-063106266335/impression responded 200 in 27.4783 ms
2026-07-28 12:27:24.904 -07:00 [INF] HTTP OPTIONS /api/v1/ads responded 204 in 0.7133 ms
2026-07-28 12:27:24.905 -07:00 [INF] HTTP OPTIONS /api/v1/site-settings responded 204 in 1.2034 ms
2026-07-28 12:27:24.904 -07:00 [INF] HTTP OPTIONS /api/v1/ads responded 204 in 0.0720 ms
2026-07-28 12:27:24.905 -07:00 [INF] HTTP OPTIONS /api/v1/ads responded 204 in 1.8421 ms
2026-07-28 12:27:24.942 -07:00 [INF] HTTP OPTIONS /api/v1/feed/home responded 204 in 0.0362 ms
2026-07-28 12:27:24.978 -07:00 [INF] HTTP GET /api/v1/ads responded 200 in 69.3708 ms
2026-07-28 12:27:24.984 -07:00 [INF] HTTP GET /api/v1/ads responded 200 in 70.0227 ms
2026-07-28 12:27:25.033 -07:00 [INF] HTTP OPTIONS /api/v1/ads/019f6751-956b-7a5e-b9d8-0ef3c1dcd66d/impression responded 204 in 2.2907 ms
2026-07-28 12:27:25.038 -07:00 [INF] HTTP OPTIONS /api/v1/ads/019f6751-9588-7e1c-b138-098134567940/impression responded 204 in 0.0328 ms
2026-07-28 12:27:25.065 -07:00 [INF] HTTP GET /api/v1/site-settings responded 200 in 156.2196 ms
2026-07-28 12:27:25.082 -07:00 [INF] HTTP GET /api/v1/ads responded 200 in 173.8771 ms
2026-07-28 12:27:25.086 -07:00 [INF] HTTP POST /api/v1/ads/019f6751-956b-7a5e-b9d8-0ef3c1dcd66d/impression responded 200 in 39.9420 ms
2026-07-28 12:27:25.086 -07:00 [INF] HTTP POST /api/v1/ads/019f6751-9588-7e1c-b138-098134567940/impression responded 200 in 34.3743 ms
2026-07-28 12:27:25.092 -07:00 [INF] HTTP GET /api/v1/feed/home responded 200 in 146.0098 ms
2026-07-28 12:27:25.098 -07:00 [INF] HTTP OPTIONS /api/v1/ads/019f6751-958a-7a15-a575-98aaa0e56c88/impression responded 204 in 0.0363 ms
2026-07-28 12:27:25.130 -07:00 [INF] HTTP POST /api/v1/ads/019f6751-958a-7a15-a575-98aaa0e56c88/impression responded 200 in 20.4958 ms
2026-07-28 12:27:29.214 -07:00 [INF] HTTP OPTIONS /api/v1/ads/019f6751-9586-79ca-a9e4-063106266335/impression responded 204 in 0.0964 ms
2026-07-28 12:27:29.233 -07:00 [INF] HTTP POST /api/v1/ads/019f6751-9586-79ca-a9e4-063106266335/impression responded 200 in 16.7677 ms
2026-07-28 12:27:29.301 -07:00 [INF] HTTP OPTIONS /api/v1/ads/019f6751-958b-7d8a-a9a6-0f853bb35f0f/impression responded 204 in 0.0307 ms
2026-07-28 12:27:29.308 -07:00 [INF] HTTP POST /api/v1/ads/019f6751-958b-7d8a-a9a6-0f853bb35f0f/impression responded 200 in 5.9625 ms
2026-07-28 12:27:33.420 -07:00 [INF] HTTP OPTIONS /api/v1/ads/019f6751-956b-7a5e-b9d8-0ef3c1dcd66d/impression responded 204 in 1.2775 ms
2026-07-28 12:27:33.450 -07:00 [INF] HTTP POST /api/v1/ads/019f6751-956b-7a5e-b9d8-0ef3c1dcd66d/impression responded 200 in 21.1057 ms
2026-07-28 12:27:33.501 -07:00 [INF] HTTP OPTIONS /api/v1/ads/019f6751-958a-7a15-a575-98aaa0e56c88/impression responded 204 in 0.0313 ms
2026-07-28 12:27:33.507 -07:00 [INF] HTTP POST /api/v1/ads/019f6751-958a-7a15-a575-98aaa0e56c88/impression responded 200 in 4.6992 ms
2026-07-28 12:27:34.176 -07:00 [INF] HTTP OPTIONS /api/v1/ads/019f6751-9589-76dd-a1a8-4c3bf2cfc076/impression responded 204 in 0.0546 ms
2026-07-28 12:27:34.187 -07:00 [INF] HTTP POST /api/v1/ads/019f6751-9589-76dd-a1a8-4c3bf2cfc076/impression responded 200 in 10.2673 ms
2026-07-28 12:27:37.614 -07:00 [INF] HTTP OPTIONS /api/v1/ads/019f6751-9586-79ca-a9e4-063106266335/impression responded 204 in 0.0863 ms
2026-07-28 12:27:37.627 -07:00 [INF] HTTP POST /api/v1/ads/019f6751-9586-79ca-a9e4-063106266335/impression responded 200 in 11.5398 ms
2026-07-28 12:27:37.701 -07:00 [INF] HTTP OPTIONS /api/v1/ads/019f6751-958b-7d8a-a9a6-0f853bb35f0f/impression responded 204 in 0.0359 ms
2026-07-28 12:27:37.709 -07:00 [INF] HTTP POST /api/v1/ads/019f6751-958b-7d8a-a9a6-0f853bb35f0f/impression responded 200 in 6.7632 ms
2026-07-28 12:27:38.379 -07:00 [INF] HTTP OPTIONS /api/v1/ads/019f6751-9588-7e1c-b138-098134567940/impression responded 204 in 0.8539 ms
2026-07-28 12:27:38.393 -07:00 [INF] HTTP POST /api/v1/ads/019f6751-9588-7e1c-b138-098134567940/impression responded 200 in 12.4915 ms
2026-07-28 12:27:41.818 -07:00 [INF] HTTP OPTIONS /api/v1/ads/019f6751-956b-7a5e-b9d8-0ef3c1dcd66d/impression responded 204 in 0.1392 ms
2026-07-28 12:27:41.824 -07:00 [INF] HTTP POST /api/v1/ads/019f6751-956b-7a5e-b9d8-0ef3c1dcd66d/impression responded 200 in 4.2079 ms
2026-07-28 12:27:42.577 -07:00 [INF] HTTP OPTIONS /api/v1/ads/019f6751-9589-76dd-a1a8-4c3bf2cfc076/impression responded 204 in 0.0430 ms
2026-07-28 12:27:42.584 -07:00 [INF] HTTP POST /api/v1/ads/019f6751-9589-76dd-a1a8-4c3bf2cfc076/impression responded 200 in 5.4758 ms
2026-07-28 12:27:46.736 -07:00 [INF] HTTP OPTIONS /api/v1/ads/019f6751-958a-7a15-a575-98aaa0e56c88/impression responded 204 in 0.2382 ms
2026-07-28 12:27:46.752 -07:00 [INF] HTTP POST /api/v1/ads/019f6751-958a-7a15-a575-98aaa0e56c88/impression responded 200 in 14.2926 ms
2026-07-28 12:27:46.775 -07:00 [INF] HTTP OPTIONS /api/v1/ads/019f6751-9588-7e1c-b138-098134567940/impression responded 204 in 0.0343 ms
2026-07-28 12:27:46.782 -07:00 [INF] HTTP POST /api/v1/ads/019f6751-9588-7e1c-b138-098134567940/impression responded 200 in 6.2138 ms
2026-07-28 12:27:46.824 -07:00 [INF] HTTP OPTIONS /api/v1/ads/019f6751-9586-79ca-a9e4-063106266335/impression responded 204 in 0.0289 ms
2026-07-28 12:27:46.828 -07:00 [INF] HTTP POST /api/v1/ads/019f6751-9586-79ca-a9e4-063106266335/impression responded 200 in 3.4741 ms
2026-07-28 12:27:50.943 -07:00 [INF] HTTP OPTIONS /api/v1/ads/019f6751-958b-7d8a-a9a6-0f853bb35f0f/impression responded 204 in 1.4731 ms
2026-07-28 12:27:50.977 -07:00 [INF] HTTP OPTIONS /api/v1/ads/019f6751-9589-76dd-a1a8-4c3bf2cfc076/impression responded 204 in 0.0444 ms
2026-07-28 12:27:50.992 -07:00 [INF] HTTP POST /api/v1/ads/019f6751-958b-7d8a-a9a6-0f853bb35f0f/impression responded 200 in 39.3614 ms
2026-07-28 12:27:50.996 -07:00 [INF] HTTP POST /api/v1/ads/019f6751-9589-76dd-a1a8-4c3bf2cfc076/impression responded 200 in 15.5164 ms
2026-07-28 12:27:51.025 -07:00 [INF] HTTP OPTIONS /api/v1/ads/019f6751-956b-7a5e-b9d8-0ef3c1dcd66d/impression responded 204 in 0.0485 ms
2026-07-28 12:27:51.035 -07:00 [INF] HTTP POST /api/v1/ads/019f6751-956b-7a5e-b9d8-0ef3c1dcd66d/impression responded 200 in 9.2068 ms
2026-07-28 12:27:55.127 -07:00 [INF] HTTP OPTIONS /api/v1/ads/019f6751-958a-7a15-a575-98aaa0e56c88/impression responded 204 in 0.0693 ms
2026-07-28 12:27:55.132 -07:00 [INF] HTTP POST /api/v1/ads/019f6751-958a-7a15-a575-98aaa0e56c88/impression responded 200 in 4.2519 ms
2026-07-28 12:27:55.174 -07:00 [INF] HTTP OPTIONS /api/v1/ads/019f6751-9588-7e1c-b138-098134567940/impression responded 204 in 0.0328 ms
2026-07-28 12:27:55.180 -07:00 [INF] HTTP POST /api/v1/ads/019f6751-9588-7e1c-b138-098134567940/impression responded 200 in 4.7252 ms
2026-07-28 12:27:55.225 -07:00 [INF] HTTP OPTIONS /api/v1/ads/019f6751-9586-79ca-a9e4-063106266335/impression responded 204 in 0.0425 ms
2026-07-28 12:27:55.231 -07:00 [INF] HTTP POST /api/v1/ads/019f6751-9586-79ca-a9e4-063106266335/impression responded 200 in 5.2292 ms
2026-07-28 12:28:04.541 -07:00 [INF] HTTP OPTIONS /api/v1/admin/site-settings responded 204 in 1.3030 ms
2026-07-28 12:28:04.713 -07:00 [INF] HTTP POST /api/v1/admin/site-settings responded 200 in 166.9043 ms
2026-07-28 12:28:04.727 -07:00 [INF] HTTP GET /api/v1/admin/site-settings responded 200 in 12.1990 ms
2026-07-28 12:28:13.787 -07:00 [INF] HTTP GET /api/v1/site-settings responded 200 in 149.9109 ms
2026-07-28 12:28:14.036 -07:00 [INF] HTTP OPTIONS /api/v1/ads responded 204 in 0.0950 ms
2026-07-28 12:28:14.036 -07:00 [INF] HTTP OPTIONS /api/v1/ads responded 204 in 0.1213 ms
2026-07-28 12:28:14.036 -07:00 [INF] HTTP OPTIONS /api/v1/ads responded 204 in 0.0054 ms
2026-07-28 12:28:14.037 -07:00 [INF] HTTP OPTIONS /api/v1/site-settings responded 204 in 0.0806 ms
2026-07-28 12:28:14.055 -07:00 [INF] HTTP GET /api/v1/ads responded 200 in 16.8070 ms
2026-07-28 12:28:14.056 -07:00 [INF] HTTP GET /api/v1/ads responded 200 in 17.5199 ms
2026-07-28 12:28:14.057 -07:00 [INF] HTTP GET /api/v1/ads responded 200 in 17.8605 ms
2026-07-28 12:28:14.064 -07:00 [INF] HTTP OPTIONS /api/v1/feed/home responded 204 in 0.0313 ms
2026-07-28 12:28:14.066 -07:00 [INF] HTTP GET /api/v1/site-settings responded 200 in 24.3714 ms
2026-07-28 12:28:14.115 -07:00 [INF] HTTP OPTIONS /api/v1/ads/019f6751-956b-7a5e-b9d8-0ef3c1dcd66d/impression responded 204 in 0.0712 ms
2026-07-28 12:28:14.136 -07:00 [INF] HTTP OPTIONS /api/v1/ads/019f6751-9588-7e1c-b138-098134567940/impression responded 204 in 0.0337 ms
2026-07-28 12:28:14.137 -07:00 [INF] HTTP OPTIONS /api/v1/ads/019f6751-958a-7a15-a575-98aaa0e56c88/impression responded 204 in 0.0701 ms
2026-07-28 12:28:14.204 -07:00 [INF] HTTP POST /api/v1/ads/019f6751-9588-7e1c-b138-098134567940/impression responded 200 in 59.2117 ms
2026-07-28 12:28:14.205 -07:00 [INF] HTTP POST /api/v1/ads/019f6751-956b-7a5e-b9d8-0ef3c1dcd66d/impression responded 200 in 59.9035 ms
2026-07-28 12:28:14.205 -07:00 [INF] HTTP POST /api/v1/ads/019f6751-958a-7a15-a575-98aaa0e56c88/impression responded 200 in 59.3441 ms
2026-07-28 12:28:14.213 -07:00 [INF] HTTP GET /api/v1/feed/home responded 200 in 147.4039 ms
2026-07-28 12:28:16.361 -07:00 [INF] HTTP OPTIONS /api/v1/ads responded 204 in 0.0453 ms
2026-07-28 12:28:16.361 -07:00 [INF] HTTP OPTIONS /api/v1/ads responded 204 in 0.0093 ms
2026-07-28 12:28:16.361 -07:00 [INF] HTTP OPTIONS /api/v1/ads responded 204 in 0.0060 ms
2026-07-28 12:28:16.361 -07:00 [INF] HTTP OPTIONS /api/v1/site-settings responded 204 in 0.1618 ms
2026-07-28 12:28:16.368 -07:00 [INF] HTTP GET /api/v1/ads responded 200 in 5.1363 ms
2026-07-28 12:28:16.381 -07:00 [INF] HTTP OPTIONS /api/v1/feed/home responded 204 in 0.0333 ms
2026-07-28 12:28:16.383 -07:00 [INF] HTTP GET /api/v1/ads responded 200 in 19.4717 ms
2026-07-28 12:28:16.385 -07:00 [INF] HTTP GET /api/v1/ads responded 200 in 20.7455 ms
2026-07-28 12:28:16.385 -07:00 [INF] HTTP GET /api/v1/site-settings responded 200 in 21.2144 ms
2026-07-28 12:28:16.403 -07:00 [INF] HTTP GET /api/v1/feed/home responded 200 in 18.0808 ms
2026-07-28 12:28:16.428 -07:00 [INF] HTTP OPTIONS /api/v1/ads/019f6751-956b-7a5e-b9d8-0ef3c1dcd66d/impression responded 204 in 0.0518 ms
2026-07-28 12:28:16.454 -07:00 [INF] HTTP OPTIONS /api/v1/ads/019f6751-958a-7a15-a575-98aaa0e56c88/impression responded 204 in 0.0721 ms
2026-07-28 12:28:16.454 -07:00 [INF] HTTP OPTIONS /api/v1/ads/019f6751-9588-7e1c-b138-098134567940/impression responded 204 in 0.0115 ms
2026-07-28 12:28:16.462 -07:00 [INF] HTTP POST /api/v1/ads/019f6751-956b-7a5e-b9d8-0ef3c1dcd66d/impression responded 200 in 31.4273 ms
2026-07-28 12:28:16.469 -07:00 [INF] HTTP POST /api/v1/ads/019f6751-9588-7e1c-b138-098134567940/impression responded 200 in 10.1862 ms
2026-07-28 12:28:16.470 -07:00 [INF] HTTP POST /api/v1/ads/019f6751-958a-7a15-a575-98aaa0e56c88/impression responded 200 in 11.2801 ms
2026-07-28 12:28:26.759 -07:00 [INF] HTTP OPTIONS /api/v1/admin/site-settings responded 204 in 2.7688 ms
2026-07-28 12:28:26.890 -07:00 [INF] HTTP POST /api/v1/admin/site-settings responded 200 in 127.9366 ms
2026-07-28 12:28:26.897 -07:00 [INF] HTTP GET /api/v1/admin/site-settings responded 200 in 5.1762 ms
2026-07-28 12:28:30.839 -07:00 [INF] HTTP OPTIONS /api/v1/ads responded 204 in 0.0334 ms
2026-07-28 12:28:30.840 -07:00 [INF] HTTP OPTIONS /api/v1/ads responded 204 in 0.5411 ms
2026-07-28 12:28:30.840 -07:00 [INF] HTTP OPTIONS /api/v1/site-settings responded 204 in 0.0153 ms
2026-07-28 12:28:30.840 -07:00 [INF] HTTP OPTIONS /api/v1/ads responded 204 in 0.0266 ms
2026-07-28 12:28:30.855 -07:00 [INF] HTTP GET /api/v1/ads responded 200 in 12.1643 ms
2026-07-28 12:28:30.857 -07:00 [INF] HTTP OPTIONS /api/v1/feed/home responded 204 in 0.0260 ms
2026-07-28 12:28:30.857 -07:00 [INF] HTTP GET /api/v1/ads responded 200 in 14.2183 ms
2026-07-28 12:28:30.863 -07:00 [INF] HTTP GET /api/v1/ads responded 200 in 19.5621 ms
2026-07-28 12:28:30.868 -07:00 [INF] HTTP GET /api/v1/site-settings responded 200 in 25.3499 ms
2026-07-28 12:28:30.896 -07:00 [INF] HTTP GET /api/v1/feed/home responded 200 in 37.9621 ms
2026-07-28 12:28:30.930 -07:00 [INF] HTTP OPTIONS /api/v1/ads/019f6751-956b-7a5e-b9d8-0ef3c1dcd66d/impression responded 204 in 0.0298 ms
2026-07-28 12:28:30.951 -07:00 [INF] HTTP POST /api/v1/ads/019f6751-956b-7a5e-b9d8-0ef3c1dcd66d/impression responded 200 in 17.6183 ms
2026-07-28 12:28:30.976 -07:00 [INF] HTTP OPTIONS /api/v1/ads/019f6751-9588-7e1c-b138-098134567940/impression responded 204 in 0.0340 ms
2026-07-28 12:28:30.976 -07:00 [INF] HTTP OPTIONS /api/v1/ads/019f6751-958a-7a15-a575-98aaa0e56c88/impression responded 204 in 0.0046 ms
2026-07-28 12:28:30.990 -07:00 [INF] HTTP POST /api/v1/ads/019f6751-9588-7e1c-b138-098134567940/impression responded 200 in 10.8368 ms
2026-07-28 12:28:30.990 -07:00 [INF] HTTP POST /api/v1/ads/019f6751-958a-7a15-a575-98aaa0e56c88/impression responded 200 in 10.9003 ms
2026-07-28 12:28:35.183 -07:00 [INF] HTTP OPTIONS /api/v1/ads/019f6751-9589-76dd-a1a8-4c3bf2cfc076/impression responded 204 in 1.3642 ms
2026-07-28 12:28:35.183 -07:00 [INF] HTTP OPTIONS /api/v1/ads/019f6751-958b-7d8a-a9a6-0f853bb35f0f/impression responded 204 in 1.1382 ms
2026-07-28 12:28:35.226 -07:00 [INF] HTTP POST /api/v1/ads/019f6751-958b-7d8a-a9a6-0f853bb35f0f/impression responded 200 in 40.6537 ms
2026-07-28 12:28:35.226 -07:00 [INF] HTTP POST /api/v1/ads/019f6751-9589-76dd-a1a8-4c3bf2cfc076/impression responded 200 in 40.7013 ms
2026-07-28 12:28:38.037 -07:00 [INF] HTTP OPTIONS /api/v1/ads/019f6751-9586-79ca-a9e4-063106266335/impression responded 204 in 0.0850 ms
2026-07-28 12:28:38.059 -07:00 [INF] HTTP POST /api/v1/ads/019f6751-9586-79ca-a9e4-063106266335/impression responded 200 in 11.5217 ms
2026-07-28 12:28:39.409 -07:00 [INF] HTTP OPTIONS /api/v1/ads/019f6751-958a-7a15-a575-98aaa0e56c88/impression responded 204 in 2.7793 ms
2026-07-28 12:28:39.409 -07:00 [INF] HTTP OPTIONS /api/v1/ads/019f6751-9588-7e1c-b138-098134567940/impression responded 204 in 2.7801 ms
2026-07-28 12:28:39.439 -07:00 [INF] HTTP POST /api/v1/ads/019f6751-958a-7a15-a575-98aaa0e56c88/impression responded 200 in 26.4008 ms
2026-07-28 12:28:39.439 -07:00 [INF] HTTP POST /api/v1/ads/019f6751-9588-7e1c-b138-098134567940/impression responded 200 in 24.6032 ms
2026-07-28 12:28:42.234 -07:00 [INF] HTTP OPTIONS /api/v1/ads/019f6751-956b-7a5e-b9d8-0ef3c1dcd66d/impression responded 204 in 0.0809 ms
2026-07-28 12:28:42.246 -07:00 [INF] HTTP POST /api/v1/ads/019f6751-956b-7a5e-b9d8-0ef3c1dcd66d/impression responded 200 in 9.9570 ms
2026-07-28 12:28:43.575 -07:00 [INF] HTTP OPTIONS /api/v1/ads/019f6751-9589-76dd-a1a8-4c3bf2cfc076/impression responded 204 in 0.0583 ms
2026-07-28 12:28:43.576 -07:00 [INF] HTTP OPTIONS /api/v1/ads/019f6751-958b-7d8a-a9a6-0f853bb35f0f/impression responded 204 in 0.0136 ms
2026-07-28 12:28:43.585 -07:00 [INF] HTTP POST /api/v1/ads/019f6751-9589-76dd-a1a8-4c3bf2cfc076/impression responded 200 in 8.8488 ms
2026-07-28 12:28:43.586 -07:00 [INF] HTTP POST /api/v1/ads/019f6751-958b-7d8a-a9a6-0f853bb35f0f/impression responded 200 in 9.3692 ms
2026-07-28 12:28:46.435 -07:00 [INF] HTTP OPTIONS /api/v1/ads/019f6751-9586-79ca-a9e4-063106266335/impression responded 204 in 0.0968 ms
2026-07-28 12:28:46.455 -07:00 [INF] HTTP POST /api/v1/ads/019f6751-9586-79ca-a9e4-063106266335/impression responded 200 in 9.7539 ms
2026-07-28 12:28:47.775 -07:00 [INF] HTTP OPTIONS /api/v1/ads/019f6751-958a-7a15-a575-98aaa0e56c88/impression responded 204 in 0.0605 ms
2026-07-28 12:28:47.775 -07:00 [INF] HTTP OPTIONS /api/v1/ads/019f6751-9588-7e1c-b138-098134567940/impression responded 204 in 0.0605 ms
2026-07-28 12:28:47.796 -07:00 [INF] HTTP POST /api/v1/ads/019f6751-958a-7a15-a575-98aaa0e56c88/impression responded 200 in 19.4157 ms
2026-07-28 12:28:47.796 -07:00 [INF] HTTP POST /api/v1/ads/019f6751-9588-7e1c-b138-098134567940/impression responded 200 in 19.4401 ms
2026-07-28 12:28:50.651 -07:00 [INF] HTTP OPTIONS /api/v1/ads/019f6751-956b-7a5e-b9d8-0ef3c1dcd66d/impression responded 204 in 0.7688 ms
2026-07-28 12:28:50.681 -07:00 [INF] HTTP POST /api/v1/ads/019f6751-956b-7a5e-b9d8-0ef3c1dcd66d/impression responded 200 in 27.7634 ms
2026-07-28 12:28:51.981 -07:00 [INF] HTTP OPTIONS /api/v1/ads/019f6751-9589-76dd-a1a8-4c3bf2cfc076/impression responded 204 in 0.0634 ms
2026-07-28 12:28:51.981 -07:00 [INF] HTTP OPTIONS /api/v1/ads/019f6751-958b-7d8a-a9a6-0f853bb35f0f/impression responded 204 in 0.0484 ms
2026-07-28 12:28:51.996 -07:00 [INF] HTTP POST /api/v1/ads/019f6751-958b-7d8a-a9a6-0f853bb35f0f/impression responded 200 in 13.1225 ms
2026-07-28 12:28:51.996 -07:00 [INF] HTTP POST /api/v1/ads/019f6751-9589-76dd-a1a8-4c3bf2cfc076/impression responded 200 in 13.6398 ms
2026-07-28 12:28:54.836 -07:00 [INF] HTTP OPTIONS /api/v1/ads/019f6751-9586-79ca-a9e4-063106266335/impression responded 204 in 0.0838 ms
2026-07-28 12:28:54.847 -07:00 [INF] HTTP POST /api/v1/ads/019f6751-9586-79ca-a9e4-063106266335/impression responded 200 in 8.4524 ms
2026-07-28 12:28:56.179 -07:00 [INF] HTTP OPTIONS /api/v1/ads/019f6751-958a-7a15-a575-98aaa0e56c88/impression responded 204 in 0.0768 ms
2026-07-28 12:28:56.179 -07:00 [INF] HTTP OPTIONS /api/v1/ads/019f6751-9588-7e1c-b138-098134567940/impression responded 204 in 0.0565 ms
2026-07-28 12:28:56.188 -07:00 [INF] HTTP POST /api/v1/ads/019f6751-958a-7a15-a575-98aaa0e56c88/impression responded 200 in 6.7579 ms
2026-07-28 12:28:56.188 -07:00 [INF] HTTP POST /api/v1/ads/019f6751-9588-7e1c-b138-098134567940/impression responded 200 in 6.7891 ms
2026-07-28 12:28:59.037 -07:00 [INF] HTTP OPTIONS /api/v1/ads/019f6751-956b-7a5e-b9d8-0ef3c1dcd66d/impression responded 204 in 0.1777 ms
2026-07-28 12:28:59.049 -07:00 [INF] HTTP POST /api/v1/ads/019f6751-956b-7a5e-b9d8-0ef3c1dcd66d/impression responded 200 in 6.9643 ms
2026-07-28 12:29:00.374 -07:00 [INF] HTTP OPTIONS /api/v1/ads/019f6751-958b-7d8a-a9a6-0f853bb35f0f/impression responded 204 in 0.0510 ms
2026-07-28 12:29:00.374 -07:00 [INF] HTTP OPTIONS /api/v1/ads/019f6751-9589-76dd-a1a8-4c3bf2cfc076/impression responded 204 in 0.1148 ms
2026-07-28 12:29:00.386 -07:00 [INF] HTTP POST /api/v1/ads/019f6751-958b-7d8a-a9a6-0f853bb35f0f/impression responded 200 in 9.5680 ms
2026-07-28 12:29:00.387 -07:00 [INF] HTTP POST /api/v1/ads/019f6751-9589-76dd-a1a8-4c3bf2cfc076/impression responded 200 in 10.0255 ms
2026-07-28 12:29:03.233 -07:00 [INF] HTTP OPTIONS /api/v1/ads/019f6751-9586-79ca-a9e4-063106266335/impression responded 204 in 1.6176 ms
2026-07-28 12:29:03.244 -07:00 [INF] HTTP POST /api/v1/ads/019f6751-9586-79ca-a9e4-063106266335/impression responded 200 in 9.4847 ms
2026-07-28 12:29:04.580 -07:00 [INF] HTTP OPTIONS /api/v1/ads/019f6751-958a-7a15-a575-98aaa0e56c88/impression responded 204 in 0.0619 ms
2026-07-28 12:29:04.580 -07:00 [INF] HTTP OPTIONS /api/v1/ads/019f6751-9588-7e1c-b138-098134567940/impression responded 204 in 0.1381 ms
2026-07-28 12:29:04.586 -07:00 [INF] HTTP POST /api/v1/ads/019f6751-958a-7a15-a575-98aaa0e56c88/impression responded 200 in 5.2154 ms
2026-07-28 12:29:04.596 -07:00 [INF] HTTP POST /api/v1/ads/019f6751-9588-7e1c-b138-098134567940/impression responded 200 in 14.3771 ms
2026-07-28 12:29:07.430 -07:00 [INF] HTTP OPTIONS /api/v1/ads/019f6751-956b-7a5e-b9d8-0ef3c1dcd66d/impression responded 204 in 0.0339 ms
2026-07-28 12:29:07.437 -07:00 [INF] HTTP POST /api/v1/ads/019f6751-956b-7a5e-b9d8-0ef3c1dcd66d/impression responded 200 in 5.8104 ms
2026-07-28 12:29:08.781 -07:00 [INF] HTTP OPTIONS /api/v1/ads/019f6751-958b-7d8a-a9a6-0f853bb35f0f/impression responded 204 in 0.0761 ms
2026-07-28 12:29:08.781 -07:00 [INF] HTTP OPTIONS /api/v1/ads/019f6751-9589-76dd-a1a8-4c3bf2cfc076/impression responded 204 in 0.1070 ms
2026-07-28 12:29:08.790 -07:00 [INF] HTTP POST /api/v1/ads/019f6751-9589-76dd-a1a8-4c3bf2cfc076/impression responded 200 in 6.6760 ms
2026-07-28 12:29:08.791 -07:00 [INF] HTTP POST /api/v1/ads/019f6751-958b-7d8a-a9a6-0f853bb35f0f/impression responded 200 in 8.3497 ms
2026-07-28 12:29:11.639 -07:00 [INF] HTTP OPTIONS /api/v1/ads/019f6751-9586-79ca-a9e4-063106266335/impression responded 204 in 0.0369 ms
2026-07-28 12:29:11.648 -07:00 [INF] HTTP POST /api/v1/ads/019f6751-9586-79ca-a9e4-063106266335/impression responded 200 in 7.4310 ms
2026-07-28 12:29:12.979 -07:00 [INF] HTTP OPTIONS /api/v1/ads/019f6751-958a-7a15-a575-98aaa0e56c88/impression responded 204 in 0.3319 ms
2026-07-28 12:29:12.979 -07:00 [INF] HTTP OPTIONS /api/v1/ads/019f6751-9588-7e1c-b138-098134567940/impression responded 204 in 0.3318 ms
2026-07-28 12:29:12.992 -07:00 [INF] HTTP POST /api/v1/ads/019f6751-958a-7a15-a575-98aaa0e56c88/impression responded 200 in 10.7803 ms
2026-07-28 12:29:12.999 -07:00 [INF] HTTP POST /api/v1/ads/019f6751-9588-7e1c-b138-098134567940/impression responded 200 in 18.2074 ms
2026-07-28 12:29:15.833 -07:00 [INF] HTTP OPTIONS /api/v1/ads/019f6751-956b-7a5e-b9d8-0ef3c1dcd66d/impression responded 204 in 0.2270 ms
2026-07-28 12:29:15.858 -07:00 [INF] HTTP POST /api/v1/ads/019f6751-956b-7a5e-b9d8-0ef3c1dcd66d/impression responded 200 in 15.0608 ms
2026-07-28 12:29:17.174 -07:00 [INF] HTTP OPTIONS /api/v1/ads/019f6751-9589-76dd-a1a8-4c3bf2cfc076/impression responded 204 in 0.0710 ms
2026-07-28 12:29:17.174 -07:00 [INF] HTTP OPTIONS /api/v1/ads/019f6751-958b-7d8a-a9a6-0f853bb35f0f/impression responded 204 in 0.0387 ms
2026-07-28 12:29:17.198 -07:00 [INF] HTTP POST /api/v1/ads/019f6751-958b-7d8a-a9a6-0f853bb35f0f/impression responded 200 in 21.9360 ms
2026-07-28 12:29:17.206 -07:00 [INF] HTTP POST /api/v1/ads/019f6751-9589-76dd-a1a8-4c3bf2cfc076/impression responded 200 in 30.2130 ms
2026-07-28 12:29:20.040 -07:00 [INF] HTTP OPTIONS /api/v1/ads/019f6751-9586-79ca-a9e4-063106266335/impression responded 204 in 0.1608 ms
2026-07-28 12:29:20.052 -07:00 [INF] HTTP POST /api/v1/ads/019f6751-9586-79ca-a9e4-063106266335/impression responded 200 in 11.3405 ms
2026-07-28 12:32:18.943 -07:00 [INF] HTTP OPTIONS /api/v1/ads/019f6751-956b-7a5e-b9d8-0ef3c1dcd66d/impression responded 204 in 2.7533 ms
2026-07-28 12:32:18.943 -07:00 [INF] HTTP OPTIONS /api/v1/ads/019f6751-958a-7a15-a575-98aaa0e56c88/impression responded 204 in 2.7898 ms
2026-07-28 12:32:18.943 -07:00 [INF] HTTP OPTIONS /api/v1/ads/019f6751-9588-7e1c-b138-098134567940/impression responded 204 in 2.7105 ms
2026-07-28 12:32:19.054 -07:00 [INF] HTTP POST /api/v1/ads/019f6751-956b-7a5e-b9d8-0ef3c1dcd66d/impression responded 200 in 105.8603 ms
2026-07-28 12:32:19.054 -07:00 [INF] HTTP POST /api/v1/ads/019f6751-958a-7a15-a575-98aaa0e56c88/impression responded 200 in 106.0970 ms
2026-07-28 12:32:19.054 -07:00 [INF] HTTP POST /api/v1/ads/019f6751-9588-7e1c-b138-098134567940/impression responded 200 in 105.9792 ms
2026-07-28 15:52:33.319 -07:00 [INF] HTTP OPTIONS /api/v1/admin/site-settings responded 204 in 16.4462 ms
2026-07-28 15:52:33.319 -07:00 [INF] HTTP OPTIONS /api/v1/admin/site-settings responded 204 in 16.4384 ms
2026-07-28 15:52:35.001 -07:00 [INF] HTTP GET /api/v1/admin/site-settings responded 200 in 1566.3135 ms
2026-07-28 15:52:35.031 -07:00 [INF] HTTP GET /api/v1/admin/site-settings responded 200 in 22.8490 ms
2026-07-28 15:53:00.535 -07:00 [WRN] As of ""2026-07-28T22:52:56.9376080+00:00"", the heartbeat has been running for ""00:00:01.0053864"" which is longer than ""00:00:01"". This could be caused by thread pool starvation.
2026-07-28 15:53:49.613 -07:00 [WRN] As of ""2026-07-28T22:53:46.2760530+00:00"", the heartbeat has been running for ""00:00:01.2258062"" which is longer than ""00:00:01"". This could be caused by thread pool starvation.
2026-07-28 15:53:55.101 -07:00 [INF] HTTP OPTIONS /api/v1/admin/site-settings responded 204 in 10.0855 ms
2026-07-28 15:53:55.094 -07:00 [INF] HTTP OPTIONS /api/v1/admin/site-settings responded 204 in 18.5634 ms
2026-07-28 15:53:56.299 -07:00 [INF] HTTP GET /api/v1/admin/site-settings responded 200 in 1093.3781 ms
2026-07-28 15:53:56.547 -07:00 [INF] HTTP GET /api/v1/admin/site-settings responded 200 in 233.5101 ms
2026-07-28 21:30:13.525 -07:00 [INF] HTTP OPTIONS /api/v1/admin/site-settings responded 204 in 8.5661 ms
2026-07-28 21:30:13.815 -07:00 [INF] HTTP GET /api/v1/admin/site-settings responded 200 in 281.5778 ms
2026-07-28 21:30:14.332 -07:00 [INF] HTTP GET /api/v1/admin/site-settings responded 200 in 18.1538 ms
2026-07-28 22:35:42.827 -07:00 [INF] HTTP OPTIONS /api/v1/admin/site-settings responded 204 in 13.9543 ms
2026-07-28 22:35:42.827 -07:00 [INF] HTTP OPTIONS /api/v1/admin/site-settings responded 204 in 13.6778 ms
2026-07-28 22:51:52.236 -07:00 [INF] HTTP GET /api/v1/admin/site-settings responded 200 in 1665.3534 ms
2026-07-28 22:51:52.302 -07:00 [INF] HTTP GET /api/v1/admin/site-settings responded 200 in 62.1038 ms
